config,timeframe,session,orb_minutes,news_mode,risk_reward,range_start,range_end,stop_time,trades,wins,losses,win_rate,net_profit,profit_factor,expectancy,max_dd_money,max_dd_pct,max_consec_wins,max_consec_losses,avg_r,total_r,recovery_factor,long_net,short_net,avg_duration_min,folder
M1_ASIA_ORB15_INCLUDE_NEWS,M1,ASIA,15,INCLUDE_NEWS,2.0,19:00,19:15,03:00,857,314,543,36.63943990665111,88054.99999999793,1.284383225410557,102.7479579929969,23480.000000000495,14.15609079673261,5,16,0.08259434863143919,70.78335677714338,3.7502129471889303,57424.99999999809,30630.000000000247,23.043173862310386,matrix_out/M1_ASIA_ORB15_INCLUDE_NEWS
M1_ASIA_ORB30_INCLUDE_NEWS,M1,ASIA,30,INCLUDE_NEWS,2.0,19:00,19:30,03:00,677,258,419,38.10930576070901,114934.99999999939,1.4091014255459218,169.77104874445942,21180.000000000116,11.604207758053994,5,11,0.12595754635471634,85.27325888214297,5.426581680830914,62769.99999999879,52165.00000000023,32.887740029542094,matrix_out/M1_ASIA_ORB30_INCLUDE_NEWS
M1_ASIA_ORB60_INCLUDE_NEWS,M1,ASIA,60,INCLUDE_NEWS,2.0,19:00,20:00,03:00,478,186,292,38.912133891213394,89119.99999999974,1.3312641712820132,186.4435146443512,23999.999999999884,14.02688486265338,6,18,0.11991396372197285,57.318874659103024,3.7133333333333405,44349.999999999956,44769.999999999935,56.11715481171548,matrix_out/M1_ASIA_ORB60_INCLUDE_NEWS
M1_LONDON_ORB15_INCLUDE_NEWS,M1,LONDON,15,INCLUDE_NEWS,2.0,03:00,03:15,09:30,796,264,532,33.165829145728644,-27694.999999999403,0.9205183027450548,-34.792713567838426,45085.00000000011,42.57318224740328,5,14,-0.03077361745889986,-24.49579949728429,-0.6142841299766959,-27875.000000000455,180.0000000010641,28.17462311557789,matrix_out/M1_LONDON_ORB15_INCLUDE_NEWS
M1_LONDON_ORB30_INCLUDE_NEWS,M1,LONDON,30,INCLUDE_NEWS,2.0,03:00,03:30,09:30,610,191,419,31.311475409836063,-38154.99999999981,0.8862182593525881,-62.54918032786873,60865.000000000255,55.91126217159662,4,12,-0.09000884959115438,-54.90539825060417,-0.6268791587940467,-19210.000000000902,-18944.999999999025,40.59344262295082,matrix_out/M1_LONDON_ORB30_INCLUDE_NEWS
M1_LONDON_ORB60_INCLUDE_NEWS,M1,LONDON,60,INCLUDE_NEWS,2.0,03:00,04:00,09:30,427,136,290,31.85011709601874,-61374.99999999965,0.8016097490019889,-143.73536299765723,78114.99999999994,78.07206036679818,5,12,-0.12371473349366915,-52.82619120179673,-0.7857005696729142,-33025.000000000364,-28349.99999999927,62.20140515222482,matrix_out/M1_LONDON_ORB60_INCLUDE_NEWS
M1_NEW_YORK_ORB15_INCLUDE_NEWS,M1,NEW_YORK,15,INCLUDE_NEWS,2.0,09:30,09:45,16:55,448,175,273,39.0625,22854.999999999724,1.0727159924277365,51.015624999999325,33395.00000000023,21.74649171360678,7,11,0.039790630139472725,17.826202302483782,0.6843838898038498,-18885.000000000673,41740.00000000037,83.11160714285714,matrix_out/M1_NEW_YORK_ORB15_INCLUDE_NEWS
M1_NEW_YORK_ORB30_INCLUDE_NEWS,M1,NEW_YORK,30,INCLUDE_NEWS,2.0,09:30,10:00,16:55,347,135,210,38.90489913544668,-45589.999999999534,0.8585259891388688,-131.383285302592,72274.99999999946,58.69812393405305,5,10,-0.024448437993422358,-8.483607983717558,-0.630785195434104,-63145.00000000025,17555.000000000837,116.64841498559078,matrix_out/M1_NEW_YORK_ORB30_INCLUDE_NEWS
M1_NEW_YORK_ORB60_INCLUDE_NEWS,M1,NEW_YORK,60,INCLUDE_NEWS,2.0,09:30,10:30,16:55,221,93,128,42.081447963800905,-3575.000000000029,0.9836470507513205,-16.176470588235706,47664.999999999985,40.100113574222824,5,8,0.016950164631504318,3.745986383562454,-0.07500262246931774,-29365.000000000193,25790.000000000102,158.6787330316742,matrix_out/M1_NEW_YORK_ORB60_INCLUDE_NEWS
M1_ASIA_ORB15_SKIP_NEWS,M1,ASIA,15,SKIP_NEWS,2.0,19:00,19:15,03:00,584,218,366,37.32876712328767,73429.99999999854,1.3488858269587038,125.73630136986087,20545.00000000006,12.361612515042196,5,18,0.10860611100739455,63.42596882831842,3.5741056218057112,37624.99999999878,35804.99999999997,23.659246575342465,matrix_out/M1_ASIA_ORB15_SKIP_NEWS
M1_ASIA_ORB30_SKIP_NEWS,M1,ASIA,30,SKIP_NEWS,2.0,19:00,19:30,03:00,458,182,276,39.737991266375545,115084.99999999904,1.6345491136658044,251.27729257641698,16710.000000000204,8.632982021078867,5,14,0.18905549390899454,86.5874162103195,6.887193297426549,60919.99999999911,54164.99999999987,34.75545851528384,matrix_out/M1_ASIA_ORB30_SKIP_NEWS
M1_ASIA_ORB60_SKIP_NEWS,M1,ASIA,60,SKIP_NEWS,2.0,19:00,20:00,03:00,314,124,190,39.490445859872615,77054.99999999942,1.4212382123821217,245.39808917197328,22450.000000000175,13.05422299752885,9,12,0.1466169243561251,46.03771424782328,3.4322939866369184,31059.999999999764,45994.99999999984,60.44904458598726,matrix_out/M1_ASIA_ORB60_SKIP_NEWS
M1_LONDON_ORB15_SKIP_NEWS,M1,LONDON,15,SKIP_NEWS,2.0,03:00,03:15,09:30,553,179,374,32.368896925858955,-40214.999999998756,0.8363281170509397,-72.72151898733948,52094.99999999917,49.63319359756012,5,14,-0.05509813708079302,-30.469269805678543,-0.7719550820616066,-32699.99999999918,-7514.999999999554,27.417721518987342,matrix_out/M1_LONDON_ORB15_SKIP_NEWS
M1_LONDON_ORB30_SKIP_NEWS,M1,LONDON,30,SKIP_NEWS,2.0,03:00,03:30,09:30,428,125,303,29.205607476635514,-63244.999999999505,0.741186340105991,-147.76869158878404,75374.99999999958,72.74174869716225,4,15,-0.1503898270845655,-64.36684599219403,-0.8390713101160844,-37345.00000000016,-25899.99999999941,40.0677570093458,matrix_out/M1_LONDON_ORB30_SKIP_NEWS
M1_LONDON_ORB60_SKIP_NEWS,M1,LONDON,60,SKIP_NEWS,2.0,03:00,04:00,09:30,292,92,199,31.506849315068493,-46089.999999999534,0.778114769882536,-157.8424657534231,56649.999999999796,56.6499999999998,5,12,-0.13953448898207682,-40.74407078276643,-0.8135922330097034,-35659.9999999999,-10429.999999999654,61.25684931506849,matrix_out/M1_LONDON_ORB60_SKIP_NEWS
M1_NEW_YORK_ORB15_SKIP_NEWS,M1,NEW_YORK,15,SKIP_NEWS,2.0,09:30,09:45,16:55,287,113,174,39.37282229965157,-3149.9999999997526,0.9845383595935808,-10.975609756096928,29285.00000000022,24.741266421661948,9,11,0.03266931836675516,9.37609437125873,-0.10756359911216422,-18364.999999999738,15214.999999999918,93.74564459930313,matrix_out/M1_NEW_YORK_ORB15_SKIP_NEWS
M1_NEW_YORK_ORB30_SKIP_NEWS,M1,NEW_YORK,30,SKIP_NEWS,2.0,09:30,10:00,16:55,227,89,136,39.20704845814978,-39554.99999999949,0.8138719619791562,-174.25110132158377,63524.99999999939,52.89342214820935,3,9,-0.026797863137824562,-6.0831149322861755,-0.622668240850057,-48700.0,9145.000000000482,126.35242290748899,matrix_out/M1_NEW_YORK_ORB30_SKIP_NEWS
M1_NEW_YORK_ORB60_SKIP_NEWS,M1,NEW_YORK,60,SKIP_NEWS,2.0,09:30,10:30,16:55,150,61,89,40.666666666666664,-34739.99999999948,0.7857275026213555,-231.5999999999967,51514.99999999993,50.95702062416528,4,6,-0.04467302588124375,-6.700953882186562,-0.6743666893137831,-35654.999999999694,915.000000000191,158.73333333333332,matrix_out/M1_NEW_YORK_ORB60_SKIP_NEWS
M5_ASIA_ORB15_INCLUDE_NEWS,M5,ASIA,15,INCLUDE_NEWS,2.0,19:00,19:15,03:00,565,203,362,35.92920353982301,9230.000000000407,1.033314083592003,16.336283185841385,30139.999999999796,26.36805039149628,5,12,0.04287175248416445,24.222540153552913,0.30623755806239117,-1865.0000000004638,11095.000000000846,37.92389380530973,matrix_out/M5_ASIA_ORB15_INCLUDE_NEWS
M5_ASIA_ORB30_INCLUDE_NEWS,M5,ASIA,30,INCLUDE_NEWS,2.0,19:00,19:30,03:00,482,191,291,39.62655601659751,91164.99999999965,1.3837960721577853,189.1390041493767,18430.000000000262,11.25015260651956,5,8,0.139161851243993,67.07601229960463,4.946554530656449,58689.9999999991,32475.000000000455,50.773858921161825,matrix_out/M5_ASIA_ORB30_INCLUDE_NEWS
M5_ASIA_ORB60_INCLUDE_NEWS,M5,ASIA,60,INCLUDE_NEWS,2.0,19:00,20:00,03:00,375,159,216,42.4,111485.00000000017,1.4930019678510635,297.2933333333343,22720.000000000146,12.746500603102556,6,14,0.1757294339699254,65.89853773872203,4.906910211267582,53440.00000000006,58045.00000000029,73.09333333333333,matrix_out/M5_ASIA_ORB60_INCLUDE_NEWS
M5_LONDON_ORB15_INCLUDE_NEWS,M5,LONDON,15,INCLUDE_NEWS,2.0,03:00,03:15,09:30,574,172,402,29.965156794425084,-51824.99999999849,0.8322896946750196,-90.28745644599074,67929.99999999932,65.49995178864066,5,15,-0.13620338630191087,-78.18074373729684,-0.7629177094067277,-22915.000000000055,-28909.999999998625,42.8780487804878,matrix_out/M5_LONDON_ORB15_INCLUDE_NEWS
M5_LONDON_ORB30_INCLUDE_NEWS,M5,LONDON,30,INCLUDE_NEWS,2.0,03:00,03:30,09:30,465,144,321,30.967741935483872,-49769.99999999956,0.8323790920113178,-107.03225806451513,68319.99999999983,66.42037721174398,4,13,-0.1204954826133089,-56.03039941518864,-0.7284836065573725,-27785.00000000072,-21984.999999998807,56.479569892473116,matrix_out/M5_LONDON_ORB30_INCLUDE_NEWS
M5_LONDON_ORB60_INCLUDE_NEWS,M5,LONDON,60,INCLUDE_NEWS,2.0,03:00,04:00,09:30,351,106,245,30.1994301994302,-62764.99999999901,0.7768633236752791,-178.81766381766087,77844.99999999907,77.84499999999906,4,11,-0.17295843187439722,-60.70840958791342,-0.8062817136617607,-39855.00000000074,-22909.999999998217,76.21652421652422,matrix_out/M5_LONDON_ORB60_INCLUDE_NEWS
M5_NEW_YORK_ORB15_INCLUDE_NEWS,M5,NEW_YORK,15,INCLUDE_NEWS,2.0,09:30,09:45,16:55,361,145,215,40.16620498614959,48009.99999999913,1.1810946399607674,132.99168975068986,33060.000000000524,18.66847365746264,8,9,0.0260869291827507,9.417381434973002,1.45220810647303,-13910.000000000811,61919.99999999985,100.41828254847645,matrix_out/M5_NEW_YORK_ORB15_INCLUDE_NEWS
M5_NEW_YORK_ORB30_INCLUDE_NEWS,M5,NEW_YORK,30,INCLUDE_NEWS,2.0,09:30,10:00,16:55,295,121,174,41.01694915254237,19480.000000000568,1.0741982174144908,66.03389830508603,34420.00000000012,23.138171715118265,7,8,0.019299249413552003,5.693278576997841,0.5659500290528908,-39720.0000000001,59200.0000000005,139.62033898305086,matrix_out/M5_NEW_YORK_ORB30_INCLUDE_NEWS
M5_NEW_YORK_ORB60_INCLUDE_NEWS,M5,NEW_YORK,60,INCLUDE_NEWS,2.0,09:30,10:30,16:55,190,86,104,45.26315789473684,20660.000000000073,1.1188175753393148,108.73684210526336,26529.999999999898,21.424883840991225,4,6,0.05315018117253927,10.098534422782462,0.7787410478703412,-14514.999999999782,35174.99999999982,182.3736842105263,matrix_out/M5_NEW_YORK_ORB60_INCLUDE_NEWS
M5_ASIA_ORB15_SKIP_NEWS,M5,ASIA,15,SKIP_NEWS,2.0,19:00,19:15,03:00,397,143,254,36.02015113350126,5414.999999999767,1.0276494166304975,13.639798488664438,18210.00000000032,16.37148251371061,4,14,0.05255566407169765,20.864598636463967,0.2973640856671978,9729.9999999992,-4314.999999999418,37.566750629722925,matrix_out/M5_ASIA_ORB15_SKIP_NEWS
M5_ASIA_ORB30_SKIP_NEWS,M5,ASIA,30,SKIP_NEWS,2.0,19:00,19:30,03:00,334,131,203,39.221556886227546,54579.99999999956,1.3301475925477821,163.41317365269288,15639.999999999942,10.711228298462505,6,11,0.14686501644016242,49.05291549101425,3.489769820971852,43299.99999999923,11280.0000000002,53.631736526946106,matrix_out/M5_ASIA_ORB30_SKIP_NEWS
M5_ASIA_ORB60_SKIP_NEWS,M5,ASIA,60,SKIP_NEWS,2.0,19:00,20:00,03:00,244,103,141,42.21311475409836,67765.0,1.434488507036835,277.72540983606564,19449.99999999997,12.19091792284309,8,11,0.18705195897651694,45.640677990270135,3.484061696658103,30709.999999999945,37055.00000000006,80.99180327868852,matrix_out/M5_ASIA_ORB60_SKIP_NEWS
M5_LONDON_ORB15_SKIP_NEWS,M5,LONDON,15,SKIP_NEWS,2.0,03:00,03:15,09:30,406,115,291,28.32512315270936,-66474.99999999904,0.7112105480374514,-163.73152709359368,76759.99999999924,75.17383214180708,4,15,-0.18872418691324583,-76.6220198867778,-0.8660109431995792,-37454.99999999952,-29019.999999999527,40.27339901477833,matrix_out/M5_LONDON_ORB15_SKIP_NEWS
M5_LONDON_ORB30_SKIP_NEWS,M5,LONDON,30,SKIP_NEWS,2.0,03:00,03:30,09:30,328,92,236,28.04878048780488,-68194.99999999927,0.6952655450544076,-207.91158536585135,79824.99999999935,78.52926709296541,4,13,-0.2130365485092564,-69.8759879110361,-0.8543062950203549,-38915.000000000284,-29279.999999998974,56.58536585365854,matrix_out/M5_LONDON_ORB30_SKIP_NEWS
M5_LONDON_ORB60_SKIP_NEWS,M5,LONDON,60,SKIP_NEWS,2.0,03:00,04:00,09:30,236,68,168,28.8135593220339,-44779.99999999913,0.7590529997309691,-189.74576271186083,56224.99999999913,56.22499999999913,4,11,-0.2159335843085905,-50.96032589682736,-0.7964428634948835,-37225.000000000364,-7554.99999999879,77.34322033898304,matrix_out/M5_LONDON_ORB60_SKIP_NEWS
M5_NEW_YORK_ORB15_SKIP_NEWS,M5,NEW_YORK,15,SKIP_NEWS,2.0,09:30,09:45,16:55,235,94,140,40.0,9569.999999999593,1.0554653993276895,40.72340425531732,22475.00000000038,17.817401796487566,10,14,-0.006832246890965772,-1.6055780193769564,0.42580645161287795,-12615.00000000001,22184.99999999958,108.47234042553191,matrix_out/M5_NEW_YORK_ORB15_SKIP_NEWS
M5_NEW_YORK_ORB30_SKIP_NEWS,M5,NEW_YORK,30,SKIP_NEWS,2.0,09:30,10:00,16:55,191,79,112,41.361256544502616,7070.000000000204,1.0428251256890189,37.015706806283596,28630.00000000006,22.657486546375484,5,12,0.005696796877236175,1.0880882035521093,0.2469437652811802,-34975.00000000009,42045.000000000255,154.38743455497382,matrix_out/M5_NEW_YORK_ORB30_SKIP_NEWS
M5_NEW_YORK_ORB60_SKIP_NEWS,M5,NEW_YORK,60,SKIP_NEWS,2.0,09:30,10:30,16:55,128,57,71,44.53125,-5469.9999999998545,0.9547372776168814,-42.73437499999915,32225.00000000019,31.525141850909993,4,8,0.001837458479865101,0.23519468542273292,-0.16974398758727144,-19754.999999999745,14284.999999999854,184.1640625,matrix_out/M5_NEW_YORK_ORB60_SKIP_NEWS
M15_ASIA_ORB15_INCLUDE_NEWS,M15,ASIA,15,INCLUDE_NEWS,2.0,19:00,19:15,03:00,374,145,229,38.770053475935825,9030.000000000102,1.0410491862896636,24.144385026738377,30735.00000000022,24.622471460044224,4,16,0.03699786272614923,13.837200659579812,0.2938018545632028,13019.999999999754,-3989.9999999996,62.96524064171123,matrix_out/M15_ASIA_ORB15_INCLUDE_NEWS
M15_ASIA_ORB30_INCLUDE_NEWS,M15,ASIA,30,INCLUDE_NEWS,2.0,19:00,19:30,03:00,346,135,211,39.017341040462426,43490.000000000146,1.1956981505647304,125.69364161849741,29325.000000000102,20.163646990064397,5,19,0.03869136134741863,13.387211026206845,1.4830349531116793,42599.99999999991,890.000000000191,78.05491329479769,matrix_out/M15_ASIA_ORB30_INCLUDE_NEWS
M15_ASIA_ORB60_INCLUDE_NEWS,M15,ASIA,60,INCLUDE_NEWS,2.0,19:00,20:00,03:00,289,125,164,43.25259515570934,63355.0,1.2989359945266243,219.22145328719714,37040.00000000071,22.91157640800463,7,17,0.11179334368886348,32.30827632608155,1.7104481641468354,32669.99999999971,30685.000000000262,103.58477508650519,matrix_out/M15_ASIA_ORB60_INCLUDE_NEWS
M15_LONDON_ORB15_INCLUDE_NEWS,M15,LONDON,15,INCLUDE_NEWS,2.0,03:00,03:15,09:30,388,106,282,27.31958762886598,-53099.999999998734,0.7889591033742738,-136.85567010308927,63599.999999998894,62.880023728309766,5,15,-0.23153821449149753,-89.83682722270105,-0.8349056603773531,-31889.999999999556,-21209.999999999083,60.46134020618557,matrix_out/M15_LONDON_ORB15_INCLUDE_NEWS
M15_LONDON_ORB30_INCLUDE_NEWS,M15,LONDON,30,INCLUDE_NEWS,2.0,03:00,03:30,09:30,328,109,219,33.23170731707317,-12299.999999999432,0.9457671957671988,-37.49999999999792,46054.99999999965,38.337634229584246,6,13,-0.0788117980547277,-25.850269761950685,-0.2670719791553474,-12535.000000000446,235.00000000112777,76.54268292682927,matrix_out/M15_LONDON_ORB30_INCLUDE_NEWS
M15_LONDON_ORB60_INCLUDE_NEWS,M15,LONDON,60,INCLUDE_NEWS,2.0,03:00,04:00,09:30,282,94,188,33.33333333333333,-33234.99999999974,0.8574797915907298,-117.85460992907686,48574.99999999993,48.492562643505885,4,11,-0.12494046672330228,-35.23321161597124,-0.6841996911991721,-31920.000000001164,-1314.9999999985084,86.69858156028369,matrix_out/M15_LONDON_ORB60_INCLUDE_NEWS
M15_NEW_YORK_ORB15_INCLUDE_NEWS,M15,NEW_YORK,15,INCLUDE_NEWS,2.0,09:30,09:45,16:55,283,119,164,42.04946996466431,50365.00000000023,1.223620823620824,177.96819787985885,24870.000000000146,17.965109979412837,7,6,0.05080018950913077,14.376453631084008,2.025130679533572,909.999999999718,49455.00000000034,134.5088339222615,matrix_out/M15_NEW_YORK_ORB15_INCLUDE_NEWS
M15_NEW_YORK_ORB30_INCLUDE_NEWS,M15,NEW_YORK,30,INCLUDE_NEWS,2.0,09:30,10:00,16:55,244,99,144,40.57377049180328,61020.00000000029,1.2820429859024747,250.08196721311583,27190.0,16.653396214858805,6,9,0.011322968025682244,2.7628041982664673,2.244207429201923,-24605.000000000204,85625.00000000047,156.39344262295083,matrix_out/M15_NEW_YORK_ORB30_INCLUDE_NEWS
M15_NEW_YORK_ORB60_INCLUDE_NEWS,M15,NEW_YORK,60,INCLUDE_NEWS,2.0,09:30,10:30,16:55,161,74,87,45.962732919254655,29754.999999999796,1.2105430744737293,184.813664596272,19784.999999999854,19.490690572357273,5,5,0.07251829895494502,11.675446131746149,1.5039171089209005,-1559.9999999999,31314.99999999969,186.59006211180125,matrix_out/M15_NEW_YORK_ORB60_INCLUDE_NEWS
M15_ASIA_ORB15_SKIP_NEWS,M15,ASIA,15,SKIP_NEWS,2.0,19:00,19:15,03:00,260,98,162,37.69230769230769,5190.000000000029,1.0331058238183333,19.961538461538847,20244.999999999913,16.428629392193383,4,10,0.020364697711381347,5.29482140495915,0.2563595949617215,21794.999999999753,-16604.999999999654,66.18461538461538,matrix_out/M15_ASIA_ORB15_SKIP_NEWS
M15_ASIA_ORB30_SKIP_NEWS,M15,ASIA,30,SKIP_NEWS,2.0,19:00,19:30,03:00,242,91,151,37.60330578512397,20845.000000000073,1.1309153713298794,86.13636363636394,22224.99999999984,16.404029966416868,5,12,0.004018919946750357,0.9725786271135863,0.9379077615298188,28735.000000000084,-7890.000000000009,81.48760330578513,matrix_out/M15_ASIA_ORB30_SKIP_NEWS
M15_ASIA_ORB60_SKIP_NEWS,M15,ASIA,60,SKIP_NEWS,2.0,19:00,20:00,03:00,192,82,110,42.70833333333333,35425.0,1.2367743875948278,184.5052083333338,29720.000000000262,20.49584497086324,7,10,0.08167046282083155,15.680728861599658,1.1919582772543638,14134.999999999854,21290.000000000236,112.765625,matrix_out/M15_ASIA_ORB60_SKIP_NEWS
M15_LONDON_ORB15_SKIP_NEWS,M15,LONDON,15,SKIP_NEWS,2.0,03:00,03:15,09:30,273,65,208,23.809523809523807,-76204.99999999886,0.5955685285922818,-279.1391941391899,80114.99999999894,80.11499999999894,4,15,-0.33985380587451874,-92.78008900374361,-0.9511951569618657,-56124.99999999914,-20079.9999999997,59.02930402930403,matrix_out/M15_LONDON_ORB15_SKIP_NEWS
M15_LONDON_ORB30_SKIP_NEWS,M15,LONDON,30,SKIP_NEWS,2.0,03:00,03:30,09:30,231,68,163,29.43722943722944,-44334.999999999265,0.7391675246359805,-191.92640692640353,53594.99999999925,53.594999999999246,5,13,-0.1978129024783828,-45.69478047250642,-0.8272226886836437,-25520.00000000003,-18814.999999999192,76.48484848484848,matrix_out/M15_LONDON_ORB30_SKIP_NEWS
M15_LONDON_ORB60_SKIP_NEWS,M15,LONDON,60,SKIP_NEWS,2.0,03:00,04:00,09:30,189,58,131,30.687830687830687,-22399.999999999825,0.8535756308014131,-118.51851851851707,33864.99999999981,33.86499999999981,4,15,-0.19516168573114134,-36.885558603185714,-0.6614498745016965,-31605.000000000477,9205.000000000746,89.12698412698413,matrix_out/M15_LONDON_ORB60_SKIP_NEWS
M15_NEW_YORK_ORB15_SKIP_NEWS,M15,NEW_YORK,15,SKIP_NEWS,2.0,09:30,09:45,16:55,185,78,107,42.16216216216216,19460.000000000233,1.1258732212160425,105.18918918918988,25215.000000000044,21.84062364660033,8,11,0.04367444779060077,8.079772841261143,0.7717628395796232,-6185.000000000127,25645.000000000255,139.33513513513515,matrix_out/M15_NEW_YORK_ORB15_SKIP_NEWS
M15_NEW_YORK_ORB30_SKIP_NEWS,M15,NEW_YORK,30,SKIP_NEWS,2.0,09:30,10:00,16:55,161,66,94,40.993788819875775,37635.00000000035,1.2632278370344494,233.7577639751575,25305.00000000013,17.737978410206168,5,9,-0.005113032500540494,-0.8231982325870195,1.4872554831061116,-25455.000000000156,63090.000000000495,163.40993788819875,matrix_out/M15_NEW_YORK_ORB30_SKIP_NEWS
M15_NEW_YORK_ORB60_SKIP_NEWS,M15,NEW_YORK,60,SKIP_NEWS,2.0,09:30,10:30,16:55,106,46,60,43.39622641509434,-7109.9999999998545,0.9288715486194485,-67.07547169811227,26570.000000000015,26.118155902880208,4,6,0.009273110656401712,0.9829497295785814,-0.26759503199096163,-17064.999999999916,9955.000000000018,186.33018867924528,matrix_out/M15_NEW_YORK_ORB60_SKIP_NEWS
