#,ticket,direction,lots,session_name,session,trade_in_session,entry_time,entry_price,sl,tp,exit_time,exit_price,exit_reason,range_high,range_low,range_mid,gross_profit,commission,net_profit,r_multiple,balance_after,duration_min
3,3,SELL,1.0,london,2026-01-02 03:00:00,1,2026-01-02 03:45:00,4402.7,4407.12,4398.28,2026-01-02 03:46:00,4407.12,STOP LOSS hit,4398.5,4392.6,4395.55,-442.0000000000073,0.0,-442.0000000000073,-1.0,98137.99999999991,1.0
4,4,SELL,1.0,london,2026-01-02 03:00:00,2,2026-01-02 05:15:00,4400.2,4404.62,4395.78,2026-01-02 05:37:00,4404.62,STOP LOSS hit,4398.5,4392.6,4395.55,-442.0000000000073,0.0,-442.0000000000073,-1.0,97695.99999999991,22.0
6,6,SELL,1.0,london,2026-01-06 03:00:00,1,2026-01-06 03:30:00,4481.4,4486.5,4476.3,2026-01-06 03:41:00,4476.3,TAKE PROFIT hit,4473.7,4466.9,4470.299999999999,509.99999999994543,0.0,509.99999999994543,0.9999999999998217,100205.99999999985,11.0
7,7,BUY,1.0,london,2026-01-06 03:00:00,2,2026-01-06 04:45:00,4465.9,4460.8,4471.0,2026-01-06 04:47:00,4460.8,STOP LOSS hit,4473.7,4466.9,4470.299999999999,-509.99999999994543,0.0,-509.99999999994543,-1.0,99695.99999999991,2.0
8,8,SELL,1.0,london,2026-01-06 03:00:00,3,2026-01-06 07:00:00,4474.1,4479.2,4469.0,2026-01-06 08:16:00,4479.2,STOP LOSS hit,4473.7,4466.9,4470.299999999999,-509.99999999994543,0.0,-509.99999999994543,-1.0,99185.99999999997,76.0
11,11,BUY,1.0,london,2026-01-08 03:00:00,1,2026-01-08 03:45:00,4428.8,4422.58,4435.02,2026-01-08 03:53:00,4435.02,TAKE PROFIT hit,4441.4,4433.1,4437.25,622.0000000000255,0.0,622.0000000000255,1.0,101928.00000000006,8.0
12,12,BUY,1.0,london,2026-01-08 03:00:00,2,2026-01-08 05:30:00,4432.2,4425.98,4438.42,2026-01-08 05:33:00,4438.42,TAKE PROFIT hit,4441.4,4433.1,4437.25,622.0000000000255,0.0,622.0000000000255,1.0,102550.00000000009,3.0
13,13,SELL,1.0,london,2026-01-08 03:00:00,3,2026-01-08 06:00:00,4441.5,4447.72,4435.28,2026-01-08 06:22:00,4435.28,TAKE PROFIT hit,4441.4,4433.1,4437.25,622.0000000000255,0.0,622.0000000000255,1.0,103172.00000000012,22.0
18,18,SELL,1.0,london,2026-01-12 03:00:00,1,2026-01-12 04:00:00,4606.9,4612.67,4601.13,2026-01-12 04:49:00,4601.13,TAKE PROFIT hit,4599.8,4592.1,4595.950000000001,576.9999999999527,0.0,576.9999999999527,0.9999999999998423,107149.0,49.0
19,19,SELL,1.0,london,2026-01-12 03:00:00,2,2026-01-12 05:15:00,4602.3,4608.07,4596.53,2026-01-12 06:24:00,4596.53,TAKE PROFIT hit,4599.8,4592.1,4595.950000000001,577.0000000000437,0.0,577.0000000000437,1.0000000000001577,107726.00000000004,69.0
20,20,SELL,1.0,london,2026-01-12 03:00:00,3,2026-01-12 06:45:00,4601.7,4607.47,4595.93,2026-01-12 06:50:00,4595.93,TAKE PROFIT hit,4599.8,4592.1,4595.950000000001,576.9999999999527,0.0,576.9999999999527,0.9999999999998423,108303.0,5.0
23,23,SELL,1.0,london,2026-01-15 03:00:00,1,2026-01-15 03:45:00,4610.6,4615.78,4605.42,2026-01-15 03:55:00,4605.42,TAKE PROFIT hit,4609.1,4602.2,4605.65,518.0000000000291,0.0,518.0000000000291,1.0000000000001756,107490.99999999991,10.0
24,24,SELL,1.0,london,2026-01-15 03:00:00,2,2026-01-15 04:45:00,4613.6,4618.78,4608.42,2026-01-15 05:18:00,4618.78,STOP LOSS hit,4609.1,4602.2,4605.65,-517.9999999999382,0.0,-517.9999999999382,-1.0,106972.99999999997,33.0
27,27,BUY,1.0,london,2026-01-16 03:00:00,1,2026-01-16 03:45:00,4605.9,4601.62,4610.18,2026-01-16 03:54:00,4610.18,TAKE PROFIT hit,4614.5,4608.8,4611.65,428.0000000000655,0.0,428.0000000000655,1.0000000000002125,106391.0,9.0
28,28,BUY,1.0,london,2026-01-16 03:00:00,2,2026-01-16 06:00:00,4604.1,4599.83,4608.37,2026-01-16 06:13:00,4608.37,TAKE PROFIT hit,4614.5,4608.8,4611.65,426.9999999999527,0.0,426.9999999999527,0.999999999999787,106817.99999999996,13.0
29,29,SELL,1.0,london,2026-01-16 03:00:00,3,2026-01-16 06:30:00,4614.9,4619.17,4610.63,2026-01-16 06:41:00,4619.17,STOP LOSS hit,4614.5,4608.8,4611.65,-427.00000000004366,0.0,-427.00000000004366,-1.0,106390.99999999991,11.0
32,32,BUY,1.0,london,2026-01-19 03:00:00,1,2026-01-19 04:00:00,4668.0,4660.58,4675.42,2026-01-19 04:12:00,4675.42,TAKE PROFIT hit,4678.9,4669.0,4673.95,742.0000000000073,0.0,742.0000000000073,1.0,105332.99999999991,12.0
33,33,BUY,1.0,london,2026-01-19 03:00:00,2,2026-01-19 05:45:00,4666.4,4658.98,4673.82,2026-01-19 07:16:00,4673.82,TAKE PROFIT hit,4678.9,4669.0,4673.95,742.0000000000073,0.0,742.0000000000073,1.0,106074.99999999991,91.0
35,35,SELL,1.0,london,2026-01-20 03:00:00,1,2026-01-20 04:00:00,4735.5,4743.68,4727.32,2026-01-20 04:20:00,4727.32,TAKE PROFIT hit,4731.3,4720.4,4725.85,818.0000000000291,0.0,818.0000000000291,1.0,108102.99999999997,20.0
36,36,SELL,1.0,london,2026-01-20 03:00:00,2,2026-01-20 06:00:00,4732.3,4740.48,4724.12,2026-01-20 06:52:00,4740.48,STOP LOSS hit,4731.3,4720.4,4725.85,-817.9999999999382,0.0,-817.9999999999382,-1.0,107285.00000000003,52.0
37,37,SELL,1.0,london,2026-01-20 03:00:00,3,2026-01-20 08:45:00,4735.6,4743.78,4727.42,2026-01-20 08:59:00,4743.78,STOP LOSS hit,4731.3,4720.4,4725.85,-817.9999999999382,0.0,-817.9999999999382,-1.0,106467.00000000009,14.0
39,39,SELL,1.0,london,2026-01-21 03:00:00,1,2026-01-21 03:30:00,4868.8,4876.6,4861.0,2026-01-21 03:47:00,4861.0,TAKE PROFIT hit,4866.1,4855.7,4860.9,780.0000000000182,0.0,780.0000000000182,1.0,108347.0000000001,17.0
40,40,SELL,1.0,london,2026-01-21 03:00:00,2,2026-01-21 04:30:00,4877.9,4885.7,4870.1,2026-01-21 04:37:00,4870.1,TAKE PROFIT hit,4866.1,4855.7,4860.9,779.9999999999272,0.0,779.9999999999272,0.9999999999998834,109127.00000000003,7.0
41,41,SELL,1.0,london,2026-01-21 03:00:00,3,2026-01-21 05:45:00,4867.4,4875.2,4859.6,2026-01-21 06:46:00,4859.6,TAKE PROFIT hit,4866.1,4855.7,4860.9,779.9999999999272,0.0,779.9999999999272,0.9999999999998834,109906.99999999996,61.0
44,44,BUY,1.0,london,2026-01-23 03:00:00,1,2026-01-23 03:30:00,4914.8,4909.25,4920.35,2026-01-23 03:33:00,4920.35,TAKE PROFIT hit,4948.7,4941.3,4945.0,555.0000000000182,0.0,555.0000000000182,1.0,108322.00000000001,3.0
47,47,SELL,1.0,london,2026-01-26 03:00:00,1,2026-01-26 03:30:00,5094.4,5101.38,5087.42,2026-01-26 03:47:00,5087.42,TAKE PROFIT hit,5094.1,5084.8,5089.450000000001,697.9999999999563,0.0,697.9999999999563,0.9999999999998697,110139.99999999985,17.0
48,48,SELL,1.0,london,2026-01-26 03:00:00,2,2026-01-26 04:30:00,5094.7,5101.68,5087.72,2026-01-26 04:40:00,5087.72,TAKE PROFIT hit,5094.1,5084.8,5089.450000000001,697.9999999999563,0.0,697.9999999999563,0.9999999999998697,110837.99999999981,10.0
49,49,BUY,1.0,london,2026-01-26 03:00:00,3,2026-01-26 05:00:00,5082.4,5075.42,5089.38,2026-01-26 05:32:00,5089.38,TAKE PROFIT hit,5094.1,5084.8,5089.450000000001,698.0000000000473,0.0,698.0000000000473,1.0000000000001303,111535.99999999985,32.0
52,52,BUY,1.0,london,2026-01-27 03:00:00,1,2026-01-27 03:30:00,5073.7,5066.72,5080.68,2026-01-27 03:46:00,5080.68,TAKE PROFIT hit,5084.1,5074.8,5079.450000000001,698.0000000000473,0.0,698.0000000000473,1.0000000000001303,114338.99999999993,16.0
53,53,SELL,1.0,london,2026-01-27 03:00:00,2,2026-01-27 04:30:00,5084.4,5091.38,5077.42,2026-01-27 04:52:00,5091.38,STOP LOSS hit,5084.1,5074.8,5079.450000000001,-698.0000000000473,0.0,-698.0000000000473,-1.0,113640.99999999988,22.0
54,54,SELL,1.0,london,2026-01-27 03:00:00,3,2026-01-27 06:15:00,5086.7,5093.68,5079.72,2026-01-27 06:32:00,5079.72,TAKE PROFIT hit,5084.1,5074.8,5079.450000000001,697.9999999999563,0.0,697.9999999999563,0.9999999999998697,114338.99999999984,17.0
56,56,BUY,1.0,london,2026-01-29 03:00:00,1,2026-01-29 03:45:00,5514.4,5490.7,5538.1,2026-01-29 03:50:00,5538.1,TAKE PROFIT hit,5584.8,5553.2,5569.0,2370.0000000000728,0.0,2370.0000000000728,1.0000000000000384,118608.99999999991,5.0
57,57,BUY,1.0,london,2026-01-29 03:00:00,2,2026-01-29 05:00:00,5544.7,5521.0,5568.4,2026-01-29 05:57:00,5521.0,STOP LOSS hit,5584.8,5553.2,5569.0,-2369.999999999982,0.0,-2369.999999999982,-1.0,116238.99999999993,57.0
58,58,BUY,1.0,london,2026-01-29 03:00:00,3,2026-01-29 08:15:00,5544.9,5521.2,5568.6,2026-01-29 09:09:00,5568.6,TAKE PROFIT hit,5584.8,5553.2,5569.0,2370.0000000000728,0.0,2370.0000000000728,1.0000000000000384,118609.0,54.0
63,63,SELL,1.0,london,2026-02-03 03:00:00,1,2026-02-03 03:30:00,4959.3,4985.4,4933.2,2026-02-03 04:03:00,4933.0,TAKE PROFIT hit,4955.8,4921.0,4938.4,2630.000000000018,0.0,2630.000000000018,1.0076628352490702,154798.99999999988,33.0
64,64,BUY,1.0,london,2026-02-03 03:00:00,2,2026-02-03 04:30:00,4915.2,4889.1,4941.3,2026-02-03 04:40:00,4941.3,TAKE PROFIT hit,4955.8,4921.0,4938.4,2610.0000000000364,0.0,2610.0000000000364,1.0000000000000349,157408.9999999999,10.0
65,65,SELL,1.0,london,2026-02-03 03:00:00,3,2026-02-03 08:30:00,4961.3,4987.4,4935.2,2026-02-03 09:16:00,4935.2,TAKE PROFIT hit,4955.8,4921.0,4938.4,2610.0000000000364,0.0,2610.0000000000364,1.0000000000000349,160018.99999999994,46.0
67,67,BUY,1.0,london,2026-02-05 03:00:00,1,2026-02-05 04:15:00,4885.4,4863.5,4907.3,2026-02-05 04:26:00,4907.3,TAKE PROFIT hit,4961.2,4932.0,4946.6,2190.0000000000546,0.0,2190.0000000000546,1.0000000000000415,168298.99999999997,11.0
69,69,SELL,1.0,london,2026-02-06 03:00:00,1,2026-02-06 03:30:00,4888.7,4907.75,4869.65,2026-02-06 04:03:00,4869.65,TAKE PROFIT hit,4874.9,4849.5,4862.2,1905.0000000000182,0.0,1905.0000000000182,1.0,178793.99999999997,33.0
70,70,SELL,1.0,london,2026-02-06 03:00:00,2,2026-02-06 04:30:00,4887.3,4906.35,4868.25,2026-02-06 06:01:00,4906.35,STOP LOSS hit,4874.9,4849.5,4862.2,-1905.0000000000182,0.0,-1905.0000000000182,-1.0,176888.99999999994,91.0
73,73,SELL,1.0,london,2026-02-09 03:00:00,1,2026-02-09 03:30:00,5046.1,5059.75,5032.45,2026-02-09 04:03:00,5059.75,STOP LOSS hit,5042.1,5023.9,5033.0,-1364.9999999999636,0.0,-1364.9999999999636,-1.0,178004.0,33.0
74,74,BUY,1.0,london,2026-02-09 03:00:00,2,2026-02-09 05:30:00,5012.8,4999.15,5026.45,2026-02-09 06:29:00,5026.45,TAKE PROFIT hit,5042.1,5023.9,5033.0,1364.9999999999636,0.0,1364.9999999999636,0.9999999999999334,179368.99999999997,59.0
75,75,SELL,1.0,london,2026-02-09 03:00:00,3,2026-02-09 08:15:00,5044.5,5058.15,5030.85,2026-02-09 08:23:00,5030.85,TAKE PROFIT hit,5042.1,5023.9,5033.0,1364.9999999999636,0.0,1364.9999999999636,1.0,180733.99999999994,8.0
78,78,SELL,1.0,london,2026-02-10 03:00:00,1,2026-02-10 03:45:00,5070.3,5080.35,5060.25,2026-02-10 03:59:00,5060.25,TAKE PROFIT hit,5063.0,5049.6,5056.3,1005.0000000000182,0.0,1005.0000000000182,1.0,179388.99999999997,14.0
79,79,SELL,1.0,london,2026-02-10 03:00:00,2,2026-02-10 08:15:00,5064.2,5074.25,5054.15,2026-02-10 08:32:00,5074.25,STOP LOSS hit,5063.0,5049.6,5056.3,-1005.0000000000182,0.0,-1005.0000000000182,-1.0,178383.99999999994,17.0
82,82,BUY,1.0,london,2026-02-12 03:00:00,1,2026-02-12 03:30:00,5081.8,5074.53,5089.07,2026-02-12 03:33:00,5074.53,STOP LOSS hit,5095.0,5085.3,5090.15,-727.0000000000437,0.0,-727.0000000000437,-1.0,176026.99999999988,3.0
83,83,BUY,1.0,london,2026-02-12 03:00:00,2,2026-02-12 05:30:00,5083.5,5076.23,5090.77,2026-02-12 07:36:00,5090.77,TAKE PROFIT hit,5095.0,5085.3,5090.15,727.0000000000437,0.0,727.0000000000437,1.0,176753.99999999994,126.0
84,84,SELL,1.0,london,2026-02-12 03:00:00,3,2026-02-12 08:45:00,5098.6,5105.88,5091.32,2026-02-12 08:56:00,5105.88,STOP LOSS hit,5095.0,5085.3,5090.15,-727.9999999999745,0.0,-727.9999999999745,-1.0,176025.99999999997,11.0
88,88,SELL,1.0,london,2026-02-16 03:00:00,1,2026-02-16 04:30:00,5033.8,5046.18,5021.42,2026-02-16 05:30:00,5021.42,TAKE PROFIT hit,5032.8,5016.3,5024.55,1238.000000000011,0.0,1238.000000000011,1.0,182793.9999999999,60.0
89,89,BUY,1.0,london,2026-02-16 03:00:00,2,2026-02-16 08:30:00,5015.1,5002.73,5027.47,2026-02-16 09:30:00,5012.8,stop time,5032.8,5016.3,5024.55,-230.0000000000182,0.0,-230.0000000000182,-0.1859337105901401,182563.99999999988,60.0
91,91,SELL,1.0,london,2026-02-17 03:00:00,1,2026-02-17 05:15:00,4955.9,4966.85,4944.95,2026-02-17 05:30:00,4944.95,TAKE PROFIT hit,4949.4,4934.8,4942.1,1094.9999999999818,0.0,1094.9999999999818,0.999999999999917,186188.99999999988,15.0
92,92,BUY,1.0,london,2026-02-17 03:00:00,2,2026-02-17 06:00:00,4932.5,4921.55,4943.45,2026-02-17 06:09:00,4943.45,TAKE PROFIT hit,4949.4,4934.8,4942.1,1094.9999999999818,0.0,1094.9999999999818,1.0,187283.99999999985,9.0
93,93,SELL,1.0,london,2026-02-17 03:00:00,3,2026-02-17 07:15:00,4953.4,4964.35,4942.45,2026-02-17 08:07:00,4942.45,TAKE PROFIT hit,4949.4,4934.8,4942.1,1094.9999999999818,0.0,1094.9999999999818,0.999999999999917,188378.99999999983,52.0
95,95,BUY,1.0,london,2026-02-18 03:00:00,1,2026-02-18 03:30:00,4946.1,4941.15,4951.05,2026-02-18 03:44:00,4941.15,STOP LOSS hit,4953.2,4946.6,4949.9,-495.00000000007276,0.0,-495.00000000007276,-1.0,189343.99999999977,14.0
96,96,SELL,1.0,london,2026-02-18 03:00:00,2,2026-02-18 08:00:00,4963.3,4968.25,4958.35,2026-02-18 08:00:00,4968.25,STOP LOSS hit,4953.2,4946.6,4949.9,-494.9999999999818,0.0,-494.9999999999818,-1.0,188848.9999999998,0.0
99,99,SELL,1.0,london,2026-02-19 03:00:00,1,2026-02-19 03:30:00,5033.2,5038.0,5028.4,2026-02-19 03:44:00,5038.0,STOP LOSS hit,5030.3,5023.9,5027.1,-480.0000000000182,0.0,-480.0000000000182,-1.0,189253.9999999997,14.0
104,104,BUY,1.0,london,2026-02-23 03:00:00,1,2026-02-23 03:30:00,5146.0,5139.55,5152.45,2026-02-23 03:33:00,5152.45,TAKE PROFIT hit,5160.8,5152.2,5156.5,644.9999999999818,0.0,644.9999999999818,1.0,189643.99999999953,3.0
106,106,BUY,1.0,london,2026-02-24 03:00:00,1,2026-02-24 04:30:00,5187.9,5180.32,5195.48,2026-02-24 05:22:00,5195.48,TAKE PROFIT hit,5199.0,5188.9,5193.95,757.9999999999927,0.0,757.9999999999927,1.0,193161.99999999956,52.0
107,107,BUY,1.0,london,2026-02-24 03:00:00,2,2026-02-24 07:15:00,5186.4,5178.82,5193.98,2026-02-24 07:17:00,5178.82,STOP LOSS hit,5199.0,5188.9,5193.95,-757.9999999999927,0.0,-757.9999999999927,-1.0,192403.99999999956,2.0
110,110,SELL,1.0,london,2026-02-25 03:00:00,1,2026-02-25 03:30:00,5212.8,5217.38,5208.22,2026-02-25 03:51:00,5208.22,TAKE PROFIT hit,5209.6,5203.5,5206.55,457.9999999999927,0.0,457.9999999999927,1.0,193706.99999999956,21.0
111,111,BUY,1.0,london,2026-02-25 03:00:00,2,2026-02-25 04:15:00,5202.6,5198.02,5207.18,2026-02-25 04:22:00,5207.18,TAKE PROFIT hit,5209.6,5203.5,5206.55,457.9999999999927,0.0,457.9999999999927,1.0,194164.99999999956,7.0
112,112,SELL,1.0,london,2026-02-25 03:00:00,3,2026-02-25 04:45:00,5210.1,5214.68,5205.52,2026-02-25 05:01:00,5214.68,STOP LOSS hit,5209.6,5203.5,5206.55,-457.9999999999927,0.0,-457.9999999999927,-1.0,193706.99999999956,16.0
114,114,BUY,1.0,london,2026-02-26 03:00:00,1,2026-02-26 03:30:00,5192.6,5183.6,5201.6,2026-02-26 03:47:00,5183.6,STOP LOSS hit,5207.9,5195.9,5201.9,-900.0,0.0,-900.0,-1.0,192576.99999999953,17.0
115,115,BUY,1.0,london,2026-02-26 03:00:00,2,2026-02-26 05:30:00,5194.9,5185.9,5203.9,2026-02-26 05:50:00,5185.9,STOP LOSS hit,5207.9,5195.9,5201.9,-900.0,0.0,-900.0,-1.0,191676.99999999953,20.0
116,116,BUY,1.0,london,2026-02-26 03:00:00,3,2026-02-26 08:15:00,5189.9,5180.9,5198.9,2026-02-26 08:44:00,5180.9,STOP LOSS hit,5207.9,5195.9,5201.9,-900.0,0.0,-900.0,-1.0,190776.99999999953,29.0
120,120,BUY,1.0,london,2026-03-03 03:00:00,1,2026-03-03 03:30:00,5325.7,5313.93,5337.47,2026-03-03 03:34:00,5313.93,STOP LOSS hit,5349.0,5333.3,5341.15,-1176.9999999999527,0.0,-1176.9999999999527,-1.0,185419.99999999956,4.0
122,122,SELL,1.0,london,2026-03-05 03:00:00,1,2026-03-05 04:00:00,5175.9,5191.27,5160.53,2026-03-05 04:08:00,5191.27,STOP LOSS hit,5172.0,5151.5,5161.75,-1537.00000000008,0.0,-1537.00000000008,-1.0,186342.9999999995,8.0
123,123,SELL,1.0,london,2026-03-05 03:00:00,2,2026-03-05 06:00:00,5175.5,5190.88,5160.12,2026-03-05 08:09:00,5160.12,TAKE PROFIT hit,5172.0,5151.5,5161.75,1538.000000000011,0.0,1538.000000000011,1.0,187880.9999999995,129.0
124,124,BUY,1.0,london,2026-03-05 03:00:00,3,2026-03-05 08:30:00,5130.7,5115.32,5146.08,2026-03-05 08:43:00,5146.08,TAKE PROFIT hit,5172.0,5151.5,5161.75,1538.000000000011,0.0,1538.000000000011,1.0,189418.9999999995,13.0
129,129,SELL,1.0,london,2026-03-09 03:00:00,1,2026-03-09 03:30:00,5114.4,5125.2,5103.6,2026-03-09 03:46:00,5103.6,TAKE PROFIT hit,5109.8,5095.4,5102.6,1079.9999999999272,0.0,1079.9999999999272,0.9999999999999157,194523.99999999942,16.0
130,130,SELL,1.0,london,2026-03-09 03:00:00,2,2026-03-09 05:15:00,5120.8,5131.6,5110.0,2026-03-09 05:28:00,5131.6,STOP LOSS hit,5109.8,5095.4,5102.6,-1080.0000000000182,0.0,-1080.0000000000182,-1.0,193443.9999999994,13.0
131,131,BUY,1.0,london,2026-03-09 03:00:00,3,2026-03-09 07:00:00,5094.8,5084.0,5105.6,2026-03-09 08:02:00,5105.6,TAKE PROFIT hit,5109.8,5095.4,5102.6,1080.0000000000182,0.0,1080.0000000000182,1.0,194523.99999999942,62.0
134,134,BUY,1.0,london,2026-03-10 03:00:00,1,2026-03-10 03:30:00,5179.0,5172.77,5185.23,2026-03-10 03:40:00,5185.23,TAKE PROFIT hit,5188.0,5179.7,5183.85,622.9999999999563,0.0,622.9999999999563,1.0,196606.99999999942,10.0
135,135,SELL,1.0,london,2026-03-10 03:00:00,2,2026-03-10 04:00:00,5190.6,5196.83,5184.37,2026-03-10 04:30:00,5196.83,STOP LOSS hit,5188.0,5179.7,5183.85,-622.9999999999563,0.0,-622.9999999999563,-1.0,195983.99999999948,30.0
136,136,BUY,1.0,london,2026-03-10 03:00:00,3,2026-03-10 06:45:00,5178.1,5171.88,5184.32,2026-03-10 06:51:00,5184.32,TAKE PROFIT hit,5188.0,5179.7,5183.85,621.9999999999345,0.0,621.9999999999345,0.9999999999998538,196605.99999999942,6.0
139,139,SELL,1.0,london,2026-03-12 03:00:00,1,2026-03-12 03:45:00,5184.9,5189.4,5180.4,2026-03-12 03:45:00,5189.4,STOP LOSS hit,5176.3,5170.3,5173.3,-450.0,0.0,-450.0,-1.0,199355.99999999942,0.0
140,140,SELL,1.0,london,2026-03-12 03:00:00,2,2026-03-12 08:30:00,5179.4,5183.9,5174.9,2026-03-12 08:40:00,5174.9,TAKE PROFIT hit,5176.3,5170.3,5173.3,450.0,0.0,450.0,1.0,199805.99999999942,10.0
144,144,BUY,1.0,london,2026-03-16 03:00:00,1,2026-03-16 03:30:00,5007.3,5002.28,5012.32,2026-03-16 03:37:00,5002.28,STOP LOSS hit,5020.0,5013.3,5016.65,-502.00000000004366,0.0,-502.00000000004366,-1.0,195558.9999999993,7.0
147,147,SELL,1.0,london,2026-03-17 03:00:00,1,2026-03-17 03:45:00,5027.1,5033.1,5021.1,2026-03-17 03:54:00,5021.1,TAKE PROFIT hit,5021.1,5013.1,5017.1,600.0,0.0,600.0,1.0,195248.99999999936,9.0
148,148,SELL,1.0,london,2026-03-17 03:00:00,2,2026-03-17 05:30:00,5021.5,5027.5,5015.5,2026-03-17 05:41:00,5015.5,TAKE PROFIT hit,5021.1,5013.1,5017.1,600.0,0.0,600.0,1.0,195848.99999999936,11.0
149,149,BUY,1.0,london,2026-03-17 03:00:00,3,2026-03-17 06:15:00,5008.2,5002.2,5014.2,2026-03-17 06:40:00,5002.2,STOP LOSS hit,5021.1,5013.1,5017.1,-600.0,0.0,-600.0,-1.0,195248.99999999936,25.0
152,152,BUY,1.0,london,2026-03-19 03:00:00,1,2026-03-19 03:45:00,4740.8,4725.12,4756.48,2026-03-19 04:05:00,4725.12,STOP LOSS hit,4786.0,4765.1,4775.55,-1568.000000000029,0.0,-1568.000000000029,-1.0,193995.9999999993,20.0
155,155,SELL,1.0,london,2026-03-20 03:00:00,1,2026-03-20 03:30:00,4689.0,4701.38,4676.62,2026-03-20 03:54:00,4701.38,STOP LOSS hit,4685.3,4668.8,4677.05,-1238.000000000011,0.0,-1238.000000000011,-1.0,191147.99999999927,24.0
156,156,BUY,1.0,london,2026-03-20 03:00:00,2,2026-03-20 06:00:00,4668.3,4655.93,4680.67,2026-03-20 06:01:00,4655.93,STOP LOSS hit,4685.3,4668.8,4677.05,-1236.999999999989,0.0,-1236.999999999989,-1.0,189910.99999999927,1.0
157,157,SELL,1.0,london,2026-03-20 03:00:00,3,2026-03-20 08:15:00,4686.9,4699.27,4674.53,2026-03-20 08:31:00,4674.53,TAKE PROFIT hit,4685.3,4668.8,4677.05,1236.999999999989,0.0,1236.999999999989,0.9999999999999265,191147.99999999927,16.0
159,159,SELL,1.0,london,2026-03-23 03:00:00,1,2026-03-23 04:15:00,4255.7,4330.55,4180.85,2026-03-23 07:05:00,4330.55,STOP LOSS hit,4227.0,4127.2,4177.1,-7485.000000000036,0.0,-7485.000000000036,-1.0,186722.99999999927,170.0
162,162,BUY,1.0,london,2026-03-24 03:00:00,1,2026-03-24 04:30:00,4397.3,4377.95,4416.65,2026-03-24 05:01:00,4416.65,TAKE PROFIT hit,4427.6,4401.8,4414.700000000001,1934.9999999999454,0.0,1934.9999999999454,0.999999999999953,190567.99999999924,31.0
163,163,SELL,1.0,london,2026-03-24 03:00:00,2,2026-03-24 06:00:00,4428.0,4447.35,4408.65,2026-03-24 07:01:00,4408.65,TAKE PROFIT hit,4427.6,4401.8,4414.700000000001,1935.0000000000364,0.0,1935.0000000000364,1.0,192502.99999999927,61.0
164,164,BUY,1.0,london,2026-03-24 03:00:00,3,2026-03-24 08:45:00,4369.4,4350.05,4388.75,2026-03-24 08:52:00,4388.75,TAKE PROFIT hit,4427.6,4401.8,4414.700000000001,1935.0000000000364,0.0,1935.0000000000364,1.000000000000047,194437.9999999993,7.0
166,166,SELL,1.0,london,2026-03-25 03:00:00,1,2026-03-25 03:30:00,4559.8,4570.53,4549.07,2026-03-25 03:35:00,4549.07,TAKE PROFIT hit,4557.7,4543.4,4550.549999999999,1073.0000000000473,0.0,1073.0000000000473,1.0000000000000848,202290.9999999994,5.0
167,167,BUY,1.0,london,2026-03-25 03:00:00,2,2026-03-25 04:00:00,4539.2,4528.47,4549.93,2026-03-25 04:08:00,4549.93,TAKE PROFIT hit,4557.7,4543.4,4550.549999999999,1073.0000000000473,0.0,1073.0000000000473,1.0000000000000848,203363.99999999945,8.0
168,168,SELL,1.0,london,2026-03-25 03:00:00,3,2026-03-25 05:15:00,4561.1,4571.83,4550.37,2026-03-25 05:38:00,4550.37,TAKE PROFIT hit,4557.7,4543.4,4550.549999999999,1073.0000000000473,0.0,1073.0000000000473,1.0000000000000848,204436.9999999995,23.0
171,171,SELL,1.0,london,2026-03-26 03:00:00,1,2026-03-26 03:45:00,4456.7,4470.35,4443.05,2026-03-26 04:13:00,4443.05,TAKE PROFIT hit,4456.6,4438.4,4447.5,1364.9999999999636,0.0,1364.9999999999636,0.9999999999999334,206446.99999999948,28.0
172,172,BUY,1.0,london,2026-03-26 03:00:00,2,2026-03-26 04:30:00,4425.1,4411.45,4438.75,2026-03-26 04:43:00,4411.45,STOP LOSS hit,4456.6,4438.4,4447.5,-1365.0000000000546,0.0,-1365.0000000000546,-1.0,205081.99999999942,13.0
173,173,BUY,1.0,london,2026-03-26 03:00:00,3,2026-03-26 06:45:00,4424.6,4410.95,4438.25,2026-03-26 06:50:00,4438.25,TAKE PROFIT hit,4456.6,4438.4,4447.5,1364.9999999999636,0.0,1364.9999999999636,0.9999999999999334,206446.9999999994,5.0
176,176,BUY,1.0,london,2026-03-27 03:00:00,1,2026-03-27 04:30:00,4461.7,4450.0,4473.4,2026-03-27 05:10:00,4450.0,STOP LOSS hit,4489.8,4474.2,4482.0,-1169.9999999999818,0.0,-1169.9999999999818,-1.0,206846.9999999994,40.0
179,179,BUY,1.0,london,2026-03-30 03:00:00,1,2026-03-30 03:30:00,4550.0,4541.82,4558.18,2026-03-30 04:05:00,4558.18,TAKE PROFIT hit,4562.3,4551.4,4556.85,818.0000000000291,0.0,818.0000000000291,1.0,209639.99999999942,35.0
180,180,SELL,1.0,london,2026-03-30 03:00:00,2,2026-03-30 05:00:00,4566.6,4574.78,4558.42,2026-03-30 05:11:00,4558.42,TAKE PROFIT hit,4562.3,4551.4,4556.85,818.0000000000291,0.0,818.0000000000291,1.0000000000001112,210457.99999999945,11.0
181,181,SELL,1.0,london,2026-03-30 03:00:00,3,2026-03-30 05:45:00,4566.1,4574.28,4557.92,2026-03-30 05:51:00,4557.92,TAKE PROFIT hit,4562.3,4551.4,4556.85,818.0000000000291,0.0,818.0000000000291,1.0000000000001112,211275.99999999948,6.0
184,184,SELL,1.0,london,2026-03-31 03:00:00,1,2026-03-31 04:00:00,4594.5,4605.45,4583.55,2026-03-31 04:38:00,4605.45,STOP LOSS hit,4593.1,4578.5,4585.8,-1094.9999999999818,0.0,-1094.9999999999818,-1.0,207940.99999999956,38.0
185,185,BUY,1.0,london,2026-03-31 03:00:00,2,2026-03-31 06:45:00,4570.3,4559.35,4581.25,2026-03-31 06:57:00,4581.25,TAKE PROFIT hit,4593.1,4578.5,4585.8,1094.9999999999818,0.0,1094.9999999999818,1.0,209035.99999999953,12.0
186,186,SELL,1.0,london,2026-03-31 03:00:00,3,2026-03-31 07:30:00,4605.9,4616.85,4594.95,2026-03-31 07:39:00,4616.85,STOP LOSS hit,4593.1,4578.5,4585.8,-1095.0000000000728,0.0,-1095.0000000000728,-1.0,207940.99999999948,9.0
189,189,SELL,1.0,london,2026-04-02 03:00:00,1,2026-04-02 03:45:00,4663.3,4681.9,4644.7,2026-04-02 04:58:00,4644.7,TAKE PROFIT hit,4648.5,4623.7,4636.1,1860.0000000000364,0.0,1860.0000000000364,1.0000000000000488,212380.99999999962,73.0
190,190,SELL,1.0,london,2026-04-02 03:00:00,2,2026-04-02 05:15:00,4648.9,4667.5,4630.3,2026-04-02 06:22:00,4630.3,TAKE PROFIT hit,4648.5,4623.7,4636.1,1859.9999999999454,0.0,1859.9999999999454,0.9999999999999512,214240.99999999956,67.0
191,191,SELL,1.0,london,2026-04-02 03:00:00,3,2026-04-02 06:45:00,4650.9,4669.5,4632.3,2026-04-02 07:40:00,4632.3,TAKE PROFIT hit,4648.5,4623.7,4636.1,1859.9999999999454,0.0,1859.9999999999454,0.9999999999999512,216100.9999999995,55.0
194,194,BUY,1.0,london,2026-04-07 03:00:00,1,2026-04-07 03:30:00,4664.4,4658.47,4670.33,2026-04-07 03:36:00,4670.33,TAKE PROFIT hit,4682.3,4674.4,4678.35,593.0000000000291,0.0,593.0000000000291,1.0000000000001534,212243.99999999953,6.0
195,195,BUY,1.0,london,2026-04-07 03:00:00,2,2026-04-07 07:15:00,4660.6,4654.68,4666.52,2026-04-07 07:19:00,4666.52,TAKE PROFIT hit,4682.3,4674.4,4678.35,592.0000000000073,0.0,592.0000000000073,1.0,212835.99999999953,4.0
196,196,SELL,1.0,london,2026-04-07 03:00:00,3,2026-04-07 08:30:00,4691.9,4697.82,4685.98,2026-04-07 08:32:00,4685.98,TAKE PROFIT hit,4682.3,4674.4,4678.35,592.0000000000073,0.0,592.0000000000073,1.0,213427.99999999953,2.0
199,199,BUY,1.0,london,2026-04-08 03:00:00,1,2026-04-08 04:45:00,4820.9,4808.67,4833.13,2026-04-08 05:26:00,4833.13,TAKE PROFIT hit,4847.3,4831.0,4839.15,1223.0000000000473,0.0,1223.0000000000473,1.0000000000000744,211140.99999999956,41.0
200,200,BUY,1.0,london,2026-04-08 03:00:00,2,2026-04-08 08:30:00,4810.9,4798.67,4823.13,2026-04-08 08:37:00,4823.13,TAKE PROFIT hit,4847.3,4831.0,4839.15,1223.0000000000473,0.0,1223.0000000000473,1.0000000000000744,212363.99999999962,7.0
204,204,BUY,1.0,london,2026-04-13 03:00:00,1,2026-04-13 04:45:00,4744.2,4733.92,4754.48,2026-04-13 05:38:00,4733.92,STOP LOSS hit,4761.1,4747.4,4754.25,-1027.9999999999745,0.0,-1027.9999999999745,-1.0,212665.9999999996,53.0
207,207,SELL,1.0,london,2026-04-15 03:00:00,1,2026-04-15 05:00:00,4841.4,4850.85,4831.95,2026-04-15 05:08:00,4831.95,TAKE PROFIT hit,4840.0,4827.4,4833.7,944.9999999999818,0.0,944.9999999999818,0.9999999999999037,212250.99999999962,8.0
208,208,BUY,1.0,london,2026-04-15 03:00:00,2,2026-04-15 05:30:00,4820.0,4810.55,4829.45,2026-04-15 05:47:00,4810.55,STOP LOSS hit,4840.0,4827.4,4833.7,-944.9999999999818,0.0,-944.9999999999818,-1.0,211305.99999999965,17.0
211,211,BUY,1.0,london,2026-04-16 03:00:00,1,2026-04-16 04:00:00,4842.8,4836.43,4849.17,2026-04-16 04:03:00,4836.43,STOP LOSS hit,4852.8,4844.3,4848.55,-636.9999999999891,0.0,-636.9999999999891,-1.0,212968.99999999965,3.0
214,214,SELL,1.0,london,2026-04-17 03:00:00,1,2026-04-17 04:45:00,4818.8,4824.2,4813.4,2026-04-17 04:49:00,4813.4,TAKE PROFIT hit,4812.0,4804.8,4808.4,540.0000000000546,0.0,540.0000000000546,1.0000000000001685,212788.9999999997,4.0
215,215,SELL,1.0,london,2026-04-17 03:00:00,2,2026-04-17 07:30:00,4814.9,4820.3,4809.5,2026-04-17 07:44:00,4820.3,STOP LOSS hit,4812.0,4804.8,4808.4,-540.0000000000546,0.0,-540.0000000000546,-1.0,212248.99999999965,14.0
218,218,BUY,1.0,london,2026-04-20 03:00:00,1,2026-04-20 04:00:00,4808.5,4802.5,4814.5,2026-04-20 04:48:00,4814.5,TAKE PROFIT hit,4821.6,4813.6,4817.6,600.0,0.0,600.0,1.0,216008.99999999962,48.0
219,219,BUY,1.0,london,2026-04-20 03:00:00,2,2026-04-20 05:30:00,4811.7,4805.7,4817.7,2026-04-20 05:32:00,4805.7,STOP LOSS hit,4821.6,4813.6,4817.6,-600.0,0.0,-600.0,-1.0,215408.99999999962,2.0
220,220,BUY,1.0,london,2026-04-20 03:00:00,3,2026-04-20 07:15:00,4809.3,4803.3,4815.3,2026-04-20 07:45:00,4815.3,TAKE PROFIT hit,4821.6,4813.6,4817.6,600.0,0.0,600.0,1.0,216008.99999999962,30.0
223,223,SELL,1.0,london,2026-04-21 03:00:00,1,2026-04-21 03:45:00,4805.1,4815.23,4794.97,2026-04-21 04:11:00,4794.97,TAKE PROFIT hit,4804.3,4790.8,4797.55,1013.0000000000109,0.0,1013.0000000000109,1.0000000000000897,218111.99999999968,26.0
224,224,SELL,1.0,london,2026-04-21 03:00:00,2,2026-04-21 04:30:00,4805.9,4816.02,4795.78,2026-04-21 07:09:00,4795.78,TAKE PROFIT hit,4804.3,4790.8,4797.55,1011.9999999999891,0.0,1011.9999999999891,0.9999999999999102,219123.99999999968,159.0
225,225,SELL,1.0,london,2026-04-21 03:00:00,3,2026-04-21 07:45:00,4812.8,4822.93,4802.67,2026-04-21 08:20:00,4802.67,TAKE PROFIT hit,4804.3,4790.8,4797.55,1013.0000000000109,0.0,1013.0000000000109,1.0,220136.99999999968,35.0
227,227,BUY,1.0,london,2026-04-22 03:00:00,1,2026-04-22 03:45:00,4782.6,4777.2,4788.0,2026-04-22 04:14:00,4777.2,STOP LOSS hit,4790.8,4783.6,4787.200000000001,-540.0000000000546,0.0,-540.0000000000546,-1.0,221366.9999999997,29.0
230,230,BUY,1.0,london,2026-04-23 03:00:00,1,2026-04-23 03:30:00,4722.7,4715.72,4729.68,2026-04-23 03:36:00,4729.68,TAKE PROFIT hit,4733.6,4724.3,4728.950000000001,698.0000000000473,0.0,698.0000000000473,1.0000000000001303,222814.99999999968,6.0
231,231,SELL,1.0,london,2026-04-23 03:00:00,2,2026-04-23 04:00:00,4735.6,4742.58,4728.62,2026-04-23 04:32:00,4728.62,TAKE PROFIT hit,4733.6,4724.3,4728.950000000001,698.0000000000473,0.0,698.0000000000473,1.0000000000001303,223512.99999999974,32.0
234,234,SELL,1.0,london,2026-04-24 03:00:00,1,2026-04-24 03:30:00,4699.3,4707.18,4691.42,2026-04-24 03:50:00,4707.18,STOP LOSS hit,4696.7,4686.2,4691.45,-788.0000000000109,0.0,-788.0000000000109,-1.0,222874.99999999983,20.0
235,235,SELL,1.0,london,2026-04-24 03:00:00,2,2026-04-24 07:15:00,4713.3,4721.18,4705.42,2026-04-24 07:22:00,4721.18,STOP LOSS hit,4696.7,4686.2,4691.45,-788.0000000000109,0.0,-788.0000000000109,-1.0,222086.99999999983,7.0
238,238,BUY,1.0,london,2026-04-27 03:00:00,1,2026-04-27 04:15:00,4726.2,4720.5,4731.9,2026-04-27 04:40:00,4720.5,STOP LOSS hit,4733.5,4725.9,4729.7,-569.9999999999818,0.0,-569.9999999999818,-1.0,220526.99999999988,25.0
239,239,BUY,1.0,london,2026-04-27 03:00:00,2,2026-04-27 05:00:00,4722.3,4716.6,4728.0,2026-04-27 05:30:00,4716.6,STOP LOSS hit,4733.5,4725.9,4729.7,-569.9999999999818,0.0,-569.9999999999818,-1.0,219956.9999999999,30.0
242,242,BUY,1.0,london,2026-04-28 03:00:00,1,2026-04-28 04:15:00,4634.2,4625.35,4643.05,2026-04-28 04:30:00,4643.05,TAKE PROFIT hit,4653.3,4641.5,4647.4,885.0000000000364,0.0,885.0000000000364,1.0000000000001028,221196.99999999985,15.0
243,243,BUY,1.0,london,2026-04-28 03:00:00,2,2026-04-28 05:15:00,4638.8,4629.95,4647.65,2026-04-28 05:22:00,4629.95,STOP LOSS hit,4653.3,4641.5,4647.4,-885.0000000000364,0.0,-885.0000000000364,-1.0,220311.99999999983,7.0
248,248,BUY,1.0,london,2026-05-04 03:00:00,1,2026-05-04 04:00:00,4589.9,4584.05,4595.75,2026-05-04 05:58:00,4584.05,STOP LOSS hit,4604.4,4596.6,4600.5,-584.9999999999454,0.0,-584.9999999999454,-1.0,219626.99999999997,118.0
251,251,SELL,1.0,london,2026-05-06 03:00:00,1,2026-05-06 04:00:00,4692.7,4701.62,4683.78,2026-05-06 04:36:00,4683.78,TAKE PROFIT hit,4681.4,4669.5,4675.45,892.0000000000073,0.0,892.0000000000073,1.0,219868.99999999997,36.0
254,254,BUY,1.0,london,2026-05-07 03:00:00,1,2026-05-07 06:00:00,4738.1,4723.62,4752.58,2026-05-07 07:57:00,4752.58,TAKE PROFIT hit,4760.3,4741.0,4750.65,1447.9999999999563,0.0,1447.9999999999563,0.9999999999999372,220516.99999999994,117.0
255,255,SELL,1.0,london,2026-05-07 03:00:00,2,2026-05-07 08:45:00,4761.3,4775.78,4746.82,2026-05-07 09:05:00,4746.82,TAKE PROFIT hit,4760.3,4741.0,4750.65,1448.0000000000473,0.0,1448.0000000000473,1.0000000000000628,221965.0,20.0
259,259,BUY,1.0,london,2026-05-11 03:00:00,1,2026-05-11 03:45:00,4680.7,4676.2,4685.2,2026-05-11 03:47:00,4676.2,STOP LOSS hit,4688.6,4682.6,4685.6,-450.0,0.0,-450.0,-1.0,221434.99999999997,2.0
260,260,BUY,1.0,london,2026-05-11 03:00:00,2,2026-05-11 08:15:00,4676.7,4672.2,4681.2,2026-05-11 08:18:00,4681.2,TAKE PROFIT hit,4688.6,4682.6,4685.6,450.0,0.0,450.0,1.0,221884.99999999997,3.0
263,263,SELL,1.0,london,2026-05-14 03:00:00,1,2026-05-14 03:30:00,4712.3,4718.23,4706.37,2026-05-14 03:35:00,4718.23,STOP LOSS hit,4709.1,4701.2,4705.15,-592.9999999999382,0.0,-592.9999999999382,-1.0,222051.99999999997,5.0
264,264,SELL,1.0,london,2026-05-14 03:00:00,2,2026-05-14 04:30:00,4710.3,4716.23,4704.37,2026-05-14 04:43:00,4704.37,TAKE PROFIT hit,4709.1,4701.2,4705.15,593.0000000000291,0.0,593.0000000000291,1.0000000000001534,222645.0,13.0
265,265,BUY,1.0,london,2026-05-14 03:00:00,3,2026-05-14 05:00:00,4699.8,4693.88,4705.72,2026-05-14 05:46:00,4705.72,TAKE PROFIT hit,4709.1,4701.2,4705.15,592.0000000000073,0.0,592.0000000000073,1.0,223237.0,46.0
268,268,BUY,1.0,london,2026-05-15 03:00:00,1,2026-05-15 04:15:00,4569.5,4553.52,4585.48,2026-05-15 04:30:00,4553.52,STOP LOSS hit,4591.1,4569.8,4580.450000000001,-1597.9999999999563,0.0,-1597.9999999999563,-1.0,224479.00000000012,15.0
269,269,BUY,1.0,london,2026-05-15 03:00:00,2,2026-05-15 07:30:00,4567.0,4551.02,4582.98,2026-05-15 08:01:00,4551.02,STOP LOSS hit,4591.1,4569.8,4580.450000000001,-1597.9999999999563,0.0,-1597.9999999999563,-1.0,222881.00000000017,31.0
272,272,SELL,1.0,london,2026-05-18 03:00:00,1,2026-05-18 03:30:00,4554.7,4560.25,4549.15,2026-05-18 03:30:00,4560.25,STOP LOSS hit,4553.1,4545.7,4549.4,-555.0000000000182,0.0,-555.0000000000182,-1.0,222826.00000000015,0.0
273,273,SELL,1.0,london,2026-05-18 03:00:00,2,2026-05-18 05:00:00,4553.9,4559.45,4548.35,2026-05-18 05:03:00,4548.35,TAKE PROFIT hit,4553.1,4545.7,4549.4,554.9999999999272,0.0,554.9999999999272,0.9999999999998361,223381.00000000006,3.0
274,274,BUY,1.0,london,2026-05-18 03:00:00,3,2026-05-18 06:15:00,4542.6,4537.05,4548.15,2026-05-18 06:34:00,4537.05,STOP LOSS hit,4553.1,4545.7,4549.4,-555.0000000000182,0.0,-555.0000000000182,-1.0,222826.00000000003,19.0
276,276,BUY,1.0,london,2026-05-19 03:00:00,1,2026-05-19 03:45:00,4545.4,4536.93,4553.87,2026-05-19 03:46:00,4553.87,TAKE PROFIT hit,4558.9,4547.6,4553.25,847.0000000000255,0.0,847.0000000000255,1.0000000000001075,225583.0000000001,1.0
277,277,BUY,1.0,london,2026-05-19 03:00:00,2,2026-05-19 04:30:00,4541.7,4533.23,4550.17,2026-05-19 04:46:00,4550.17,TAKE PROFIT hit,4558.9,4547.6,4553.25,847.0000000000255,0.0,847.0000000000255,1.0,226430.00000000012,16.0
278,278,BUY,1.0,london,2026-05-19 03:00:00,3,2026-05-19 07:15:00,4539.9,4531.43,4548.37,2026-05-19 08:00:00,4531.43,STOP LOSS hit,4558.9,4547.6,4553.25,-846.9999999999345,0.0,-846.9999999999345,-1.0,225583.00000000017,45.0
281,281,SELL,1.0,london,2026-05-20 03:00:00,1,2026-05-20 04:30:00,4489.3,4499.28,4479.32,2026-05-20 04:42:00,4479.32,TAKE PROFIT hit,4487.8,4474.5,4481.15,998.0000000000473,0.0,998.0000000000473,1.000000000000091,225521.0000000002,12.0
282,282,SELL,1.0,london,2026-05-20 03:00:00,2,2026-05-20 06:15:00,4490.8,4500.78,4480.82,2026-05-20 07:26:00,4500.78,STOP LOSS hit,4487.8,4474.5,4481.15,-997.9999999999563,0.0,-997.9999999999563,-1.0,224523.00000000023,71.0
285,285,BUY,1.0,london,2026-05-21 03:00:00,1,2026-05-21 03:30:00,4514.3,4509.05,4519.55,2026-05-21 03:50:00,4519.55,TAKE PROFIT hit,4525.8,4518.8,4522.3,525.0,0.0,525.0,1.0,225558.0000000002,20.0
286,286,SELL,1.0,london,2026-05-21 03:00:00,2,2026-05-21 04:15:00,4535.8,4541.05,4530.55,2026-05-21 04:26:00,4530.55,TAKE PROFIT hit,4525.8,4518.8,4522.3,525.0,0.0,525.0,1.0,226083.0000000002,11.0
287,287,BUY,1.0,london,2026-05-21 03:00:00,3,2026-05-21 06:45:00,4517.8,4512.55,4523.05,2026-05-21 06:52:00,4512.55,STOP LOSS hit,4525.8,4518.8,4522.3,-525.0,0.0,-525.0,-1.0,225558.0000000002,7.0
290,290,BUY,1.0,london,2026-05-22 03:00:00,1,2026-05-22 03:45:00,4520.3,4515.73,4524.87,2026-05-22 04:03:00,4524.87,TAKE PROFIT hit,4527.7,4521.6,4524.65,456.9999999999709,0.0,456.9999999999709,0.9999999999998009,226505.00000000015,18.0
291,291,BUY,1.0,london,2026-05-22 03:00:00,2,2026-05-22 05:15:00,4517.6,4513.03,4522.17,2026-05-22 05:37:00,4522.17,TAKE PROFIT hit,4527.7,4521.6,4524.65,456.9999999999709,0.0,456.9999999999709,0.9999999999998009,226962.00000000012,22.0
292,292,SELL,1.0,london,2026-05-22 03:00:00,3,2026-05-22 06:00:00,4532.9,4537.47,4528.33,2026-05-22 06:08:00,4537.47,STOP LOSS hit,4527.7,4521.6,4524.65,-457.00000000006185,0.0,-457.00000000006185,-1.0,226505.00000000006,8.0
295,295,BUY,1.0,london,2026-05-25 03:00:00,1,2026-05-25 03:30:00,4555.4,4552.32,4558.48,2026-05-25 03:32:00,4558.48,TAKE PROFIT hit,4565.5,4561.4,4563.45,307.9999999999927,0.0,307.9999999999927,1.0,225343.0000000001,2.0
296,296,BUY,1.0,london,2026-05-25 03:00:00,2,2026-05-25 04:30:00,4556.6,4553.52,4559.68,2026-05-25 05:03:00,4559.68,TAKE PROFIT hit,4565.5,4561.4,4563.45,307.9999999999927,0.0,307.9999999999927,1.0,225651.0000000001,33.0
297,297,SELL,1.0,london,2026-05-25 03:00:00,3,2026-05-25 08:45:00,4568.5,4571.58,4565.42,2026-05-25 09:01:00,4565.42,TAKE PROFIT hit,4565.5,4561.4,4563.45,307.9999999999927,0.0,307.9999999999927,1.0,225959.0000000001,16.0
299,299,SELL,1.0,london,2026-05-26 03:00:00,1,2026-05-26 04:00:00,4539.0,4545.38,4532.62,2026-05-26 04:10:00,4532.62,TAKE PROFIT hit,4534.6,4526.1,4530.35,638.0000000000109,0.0,638.0000000000109,1.0,228067.00000000006,10.0
300,300,BUY,1.0,london,2026-05-26 03:00:00,2,2026-05-26 04:30:00,4522.4,4516.02,4528.78,2026-05-26 05:41:00,4516.02,STOP LOSS hit,4534.6,4526.1,4530.35,-637.99999999992,0.0,-637.99999999992,-1.0,227429.00000000015,71.0
301,301,SELL,1.0,london,2026-05-26 03:00:00,3,2026-05-26 07:00:00,4535.1,4541.48,4528.72,2026-05-26 07:21:00,4528.72,TAKE PROFIT hit,4534.6,4526.1,4530.35,638.0000000000109,0.0,638.0000000000109,1.0000000000001426,228067.00000000015,21.0
304,304,SELL,1.0,london,2026-05-27 03:00:00,1,2026-05-27 04:45:00,4527.4,4533.77,4521.03,2026-05-27 05:06:00,4521.03,TAKE PROFIT hit,4520.4,4511.9,4516.15,636.9999999999891,0.0,636.9999999999891,0.9999999999998572,229194.00000000012,21.0
305,305,SELL,1.0,london,2026-05-27 03:00:00,2,2026-05-27 06:00:00,4521.6,4527.98,4515.22,2026-05-27 06:16:00,4515.22,TAKE PROFIT hit,4520.4,4511.9,4516.15,638.0000000000109,0.0,638.0000000000109,1.0000000000001426,229832.00000000012,16.0
308,308,BUY,1.0,london,2026-05-29 03:00:00,1,2026-05-29 03:30:00,4544.6,4538.45,4550.75,2026-05-29 03:34:00,4550.75,TAKE PROFIT hit,4554.7,4546.5,4550.6,614.9999999999636,0.0,614.9999999999636,0.9999999999998521,229367.00000000006,4.0
309,309,BUY,1.0,london,2026-05-29 03:00:00,2,2026-05-29 04:45:00,4545.0,4538.85,4551.15,2026-05-29 05:06:00,4551.15,TAKE PROFIT hit,4554.7,4546.5,4550.6,614.9999999999636,0.0,614.9999999999636,1.0,229982.00000000003,21.0
310,310,BUY,1.0,london,2026-05-29 03:00:00,3,2026-05-29 08:45:00,4545.0,4538.85,4551.15,2026-05-29 08:59:00,4551.15,TAKE PROFIT hit,4554.7,4546.5,4550.6,614.9999999999636,0.0,614.9999999999636,1.0,230597.0,14.0
313,313,BUY,1.0,london,2026-06-02 03:00:00,1,2026-06-02 03:45:00,4562.1,4556.25,4567.95,2026-06-02 04:06:00,4567.95,TAKE PROFIT hit,4571.3,4563.5,4567.4,584.9999999999454,0.0,584.9999999999454,0.9999999999998446,230242.0,21.0
314,314,BUY,1.0,london,2026-06-02 03:00:00,2,2026-06-02 04:30:00,4561.0,4555.15,4566.85,2026-06-02 05:30:00,4555.15,STOP LOSS hit,4571.3,4563.5,4567.4,-585.0000000000364,0.0,-585.0000000000364,-1.0,229656.99999999997,60.0
316,316,BUY,1.0,london,2026-06-04 03:00:00,1,2026-06-04 03:45:00,4488.5,4482.2,4494.8,2026-06-04 04:30:00,4494.8,TAKE PROFIT hit,4497.7,4489.3,4493.5,630.0000000000182,0.0,630.0000000000182,1.0,228681.99999999997,45.0
317,317,SELL,1.0,london,2026-06-04 03:00:00,2,2026-06-04 06:00:00,4497.9,4504.2,4491.6,2026-06-04 07:08:00,4504.2,STOP LOSS hit,4497.7,4489.3,4493.5,-630.0000000000182,0.0,-630.0000000000182,-1.0,228051.99999999994,68.0
322,322,BUY,1.0,london,2026-06-08 03:00:00,1,2026-06-08 04:00:00,4319.3,4308.95,4329.65,2026-06-08 05:09:00,4308.95,STOP LOSS hit,4333.8,4320.0,4326.9,-1035.0000000000364,0.0,-1035.0000000000364,-1.0,227306.99999999988,69.0
323,323,SELL,1.0,london,2026-06-08 03:00:00,2,2026-06-08 07:15:00,4343.3,4353.65,4332.95,2026-06-08 07:20:00,4353.65,STOP LOSS hit,4333.8,4320.0,4326.9,-1034.9999999999454,0.0,-1034.9999999999454,-1.0,226271.99999999994,5.0
326,326,BUY,1.0,london,2026-06-09 03:00:00,1,2026-06-09 04:00:00,4350.1,4343.73,4356.47,2026-06-09 04:12:00,4356.47,TAKE PROFIT hit,4358.9,4350.4,4354.65,636.9999999999891,0.0,636.9999999999891,0.9999999999998572,225758.99999999994,12.0
327,327,BUY,1.0,london,2026-06-09 03:00:00,2,2026-06-09 05:30:00,4350.2,4343.82,4356.58,2026-06-09 05:54:00,4356.58,TAKE PROFIT hit,4358.9,4350.4,4354.65,638.0000000000109,0.0,638.0000000000109,1.0,226396.99999999994,24.0
328,328,SELL,1.0,london,2026-06-09 03:00:00,3,2026-06-09 06:15:00,4359.8,4366.18,4353.42,2026-06-09 07:50:00,4366.18,STOP LOSS hit,4358.9,4350.4,4354.65,-638.0000000000109,0.0,-638.0000000000109,-1.0,225758.99999999994,95.0
330,330,BUY,1.0,london,2026-06-12 03:00:00,1,2026-06-12 03:30:00,4195.3,4188.7,4201.9,2026-06-12 03:40:00,4201.9,TAKE PROFIT hit,4206.3,4197.5,4201.9,659.9999999999454,0.0,659.9999999999454,0.9999999999998622,229038.99999999985,10.0
331,331,SELL,1.0,london,2026-06-12 03:00:00,2,2026-06-12 04:00:00,4215.9,4222.5,4209.3,2026-06-12 04:04:00,4222.5,STOP LOSS hit,4206.3,4197.5,4201.9,-660.0000000000364,0.0,-660.0000000000364,-1.0,228378.99999999983,4.0
333,333,SELL,1.0,london,2026-06-15 03:00:00,1,2026-06-15 03:30:00,4337.9,4344.95,4330.85,2026-06-15 03:58:00,4344.95,STOP LOSS hit,4335.5,4326.1,4330.8,-705.0000000000182,0.0,-705.0000000000182,-1.0,229143.99999999977,28.0
336,336,SELL,1.0,london,2026-06-16 03:00:00,1,2026-06-16 03:30:00,4350.0,4354.73,4345.27,2026-06-16 03:57:00,4354.73,STOP LOSS hit,4349.8,4343.5,4346.65,-472.99999999995634,0.0,-472.99999999995634,-1.0,227940.99999999988,27.0
339,339,BUY,1.0,london,2026-06-18 03:00:00,1,2026-06-18 03:45:00,4317.9,4311.22,4324.58,2026-06-18 03:54:00,4311.22,STOP LOSS hit,4329.3,4320.4,4324.85,-667.9999999999382,0.0,-667.9999999999382,-1.0,227302.99999999994,9.0
341,341,SELL,1.0,london,2026-06-19 03:00:00,1,2026-06-19 04:15:00,4183.4,4192.7,4174.1,2026-06-19 04:23:00,4192.7,STOP LOSS hit,4177.4,4165.0,4171.2,-930.0000000000182,0.0,-930.0000000000182,-1.0,228062.99999999988,8.0
342,342,BUY,1.0,london,2026-06-19 03:00:00,2,2026-06-19 07:30:00,4162.1,4152.8,4171.4,2026-06-19 07:47:00,4171.4,TAKE PROFIT hit,4177.4,4165.0,4171.2,929.9999999999272,0.0,929.9999999999272,0.9999999999999022,228992.99999999983,17.0
343,343,SELL,1.0,london,2026-06-19 03:00:00,3,2026-06-19 09:00:00,4197.0,4206.3,4187.7,2026-06-19 09:03:00,4187.7,TAKE PROFIT hit,4177.4,4165.0,4171.2,930.0000000000182,0.0,930.0000000000182,1.0,229922.99999999985,3.0
346,346,BUY,1.0,london,2026-06-22 03:00:00,1,2026-06-22 03:45:00,4212.2,4209.05,4215.35,2026-06-22 03:53:00,4209.05,STOP LOSS hit,4219.6,4215.4,4217.5,-314.9999999999636,0.0,-314.9999999999636,-1.0,230422.99999999994,8.0
347,347,SELL,1.0,london,2026-06-22 03:00:00,2,2026-06-22 05:15:00,4223.7,4226.85,4220.55,2026-06-22 05:22:00,4226.85,STOP LOSS hit,4219.6,4215.4,4217.5,-315.00000000005457,0.0,-315.00000000005457,-1.0,230107.99999999988,7.0
350,350,BUY,1.0,london,2026-06-23 03:00:00,1,2026-06-23 03:45:00,4122.8,4111.4,4134.2,2026-06-23 04:02:00,4111.4,STOP LOSS hit,4142.7,4127.5,4135.1,-1140.0000000000546,0.0,-1140.0000000000546,-1.0,228367.99999999983,17.0
351,351,SELL,1.0,london,2026-06-23 03:00:00,2,2026-06-23 06:15:00,4147.6,4159.0,4136.2,2026-06-23 07:01:00,4136.2,TAKE PROFIT hit,4142.7,4127.5,4135.1,1140.0000000000546,0.0,1140.0000000000546,1.0000000000000797,229507.99999999988,46.0
354,354,BUY,1.0,london,2026-06-24 03:00:00,1,2026-06-24 03:30:00,4101.5,4097.52,4105.48,2026-06-24 03:34:00,4097.52,STOP LOSS hit,4107.8,4102.5,4105.15,-397.99999999995634,0.0,-397.99999999995634,-1.0,229519.99999999988,4.0
357,357,SELL,1.0,london,2026-06-26 03:00:00,1,2026-06-26 03:30:00,4053.2,4058.6,4047.8,2026-06-26 03:42:00,4047.8,TAKE PROFIT hit,4049.7,4042.5,4046.1,539.9999999999636,0.0,539.9999999999636,0.9999999999999157,230124.99999999988,12.0
358,358,SELL,1.0,london,2026-06-26 03:00:00,2,2026-06-26 04:30:00,4051.0,4056.4,4045.6,2026-06-26 04:55:00,4045.6,TAKE PROFIT hit,4049.7,4042.5,4046.1,540.0000000000091,0.0,540.0000000000091,1.0,230664.99999999988,25.0
359,359,SELL,1.0,london,2026-06-26 03:00:00,3,2026-06-26 05:15:00,4055.1,4060.5,4049.7,2026-06-26 05:19:00,4060.5,STOP LOSS hit,4049.7,4042.5,4046.1,-540.0000000000091,0.0,-540.0000000000091,-1.0,230124.99999999988,4.0
362,362,SELL,1.0,london,2026-06-29 03:00:00,1,2026-06-29 03:30:00,4080.9,4086.08,4075.72,2026-06-29 03:40:00,4075.72,TAKE PROFIT hit,4077.6,4070.7,4074.1499999999996,518.0000000000291,0.0,518.0000000000291,1.0000000000000877,228972.99999999994,10.0
363,363,SELL,1.0,london,2026-06-29 03:00:00,2,2026-06-29 04:15:00,4078.4,4083.58,4073.22,2026-06-29 04:41:00,4073.22,TAKE PROFIT hit,4077.6,4070.7,4074.1499999999996,518.0000000000291,0.0,518.0000000000291,1.0000000000000877,229490.99999999997,26.0
366,366,SELL,1.0,london,2026-06-30 03:00:00,1,2026-06-30 04:00:00,4046.4,4051.28,4041.52,2026-06-30 04:05:00,4051.28,STOP LOSS hit,4044.0,4037.5,4040.75,-488.0000000000109,0.0,-488.0000000000109,-1.0,230722.99999999994,5.0
367,367,BUY,1.0,london,2026-06-30 03:00:00,2,2026-06-30 04:45:00,4031.7,4026.82,4036.58,2026-06-30 05:22:00,4036.58,TAKE PROFIT hit,4044.0,4037.5,4040.75,488.0000000000109,0.0,488.0000000000109,1.0000000000000933,231210.99999999994,37.0
368,368,SELL,1.0,london,2026-06-30 03:00:00,3,2026-06-30 07:15:00,4047.8,4052.68,4042.92,2026-06-30 07:36:00,4042.92,TAKE PROFIT hit,4044.0,4037.5,4040.75,488.0000000000109,0.0,488.0000000000109,1.0000000000000933,231698.99999999994,21.0
370,370,SELL,1.0,london,2026-07-03 03:00:00,1,2026-07-03 04:15:00,4196.7,4203.97,4189.43,2026-07-03 04:50:00,4189.43,TAKE PROFIT hit,4193.7,4184.0,4188.85,726.9999999999527,0.0,726.9999999999527,0.9999999999998749,233655.9999999999,35.0
371,371,SELL,1.0,london,2026-07-03 03:00:00,2,2026-07-03 07:15:00,4195.7,4202.97,4188.43,2026-07-03 08:15:00,4188.43,TAKE PROFIT hit,4193.7,4184.0,4188.85,726.9999999999527,0.0,726.9999999999527,0.9999999999998749,234382.99999999985,60.0
372,372,BUY,1.0,london,2026-07-03 03:00:00,3,2026-07-03 09:15:00,4179.2,4171.93,4186.47,2026-07-03 09:30:00,4183.7,stop time,4193.7,4184.0,4188.85,450.0,0.0,450.0,0.6189821182944006,234832.99999999985,15.0
375,375,SELL,1.0,london,2026-07-07 03:00:00,1,2026-07-07 04:15:00,4148.6,4153.7,4143.5,2026-07-07 04:36:00,4143.5,TAKE PROFIT hit,4142.6,4135.8,4139.200000000001,510.0000000000364,0.0,510.0000000000364,1.0000000000001783,236107.99999999983,21.0
376,376,BUY,1.0,london,2026-07-07 03:00:00,2,2026-07-07 05:30:00,4132.6,4127.5,4137.7,2026-07-07 05:34:00,4137.7,TAKE PROFIT hit,4142.6,4135.8,4139.200000000001,509.99999999994543,0.0,509.99999999994543,0.9999999999998217,236617.99999999977,4.0
377,377,SELL,1.0,london,2026-07-07 03:00:00,3,2026-07-07 06:15:00,4144.0,4149.1,4138.9,2026-07-07 06:26:00,4149.1,STOP LOSS hit,4142.6,4135.8,4139.200000000001,-510.0000000000364,0.0,-510.0000000000364,-1.0,236107.99999999974,11.0
380,380,SELL,1.0,london,2026-07-08 03:00:00,1,2026-07-08 03:45:00,4138.9,4145.65,4132.15,2026-07-08 03:53:00,4132.15,TAKE PROFIT hit,4135.8,4126.8,4131.3,675.0,0.0,675.0,1.0,237632.99999999965,8.0
381,381,BUY,1.0,london,2026-07-08 03:00:00,2,2026-07-08 04:30:00,4099.5,4092.75,4106.25,2026-07-08 04:32:00,4092.75,STOP LOSS hit,4135.8,4126.8,4131.3,-675.0,0.0,-675.0,-1.0,236957.99999999965,2.0
384,384,SELL,1.0,london,2026-07-09 03:00:00,1,2026-07-09 04:30:00,4124.2,4130.65,4117.75,2026-07-09 04:47:00,4117.75,TAKE PROFIT hit,4119.9,4111.3,4115.6,644.9999999999818,0.0,644.9999999999818,1.0,237897.9999999996,17.0
385,385,BUY,1.0,london,2026-07-09 03:00:00,2,2026-07-09 07:00:00,4108.2,4101.75,4114.65,2026-07-09 07:15:00,4114.65,TAKE PROFIT hit,4119.9,4111.3,4115.6,644.9999999999818,0.0,644.9999999999818,1.0,238542.99999999956,15.0
386,386,SELL,1.0,london,2026-07-09 03:00:00,3,2026-07-09 08:15:00,4122.8,4129.25,4116.35,2026-07-09 08:20:00,4116.35,TAKE PROFIT hit,4119.9,4111.3,4115.6,644.9999999999818,0.0,644.9999999999818,1.0,239187.99999999953,5.0
389,389,BUY,1.0,london,2026-07-10 03:00:00,1,2026-07-10 03:45:00,4116.0,4112.4,4119.6,2026-07-10 04:26:00,4112.4,STOP LOSS hit,4122.5,4117.7,4120.1,-360.0000000000364,0.0,-360.0000000000364,-1.0,238922.9999999995,41.0
390,390,BUY,1.0,london,2026-07-10 03:00:00,2,2026-07-10 07:00:00,4113.3,4109.7,4116.9,2026-07-10 07:04:00,4117.1,TAKE PROFIT hit,4122.5,4117.7,4120.1,380.0000000000182,0.0,380.0000000000182,1.0555555555554994,239302.99999999953,4.0
393,393,SELL,1.0,london,2026-07-13 03:00:00,1,2026-07-13 04:00:00,4072.8,4082.4,4063.2,2026-07-13 04:12:00,4082.4,STOP LOSS hit,4069.3,4056.5,4062.9,-959.9999999999909,0.0,-959.9999999999909,-1.0,238477.99999999956,12.0
394,394,SELL,1.0,london,2026-07-13 03:00:00,2,2026-07-13 07:15:00,4071.9,4081.5,4062.3,2026-07-13 08:12:00,4062.3,TAKE PROFIT hit,4069.3,4056.5,4062.9,959.9999999999909,0.0,959.9999999999909,1.0,239437.99999999956,57.0
395,395,SELL,1.0,london,2026-07-13 03:00:00,3,2026-07-13 08:45:00,4070.7,4080.3,4061.1,2026-07-13 09:30:00,4070.2,stop time,4069.3,4056.5,4062.9,50.0,0.0,50.0,0.05208333333333136,239487.99999999956,45.0
398,398,BUY,1.0,london,2026-07-16 03:00:00,1,2026-07-16 03:30:00,4029.1,4025.35,4032.85,2026-07-16 03:40:00,4032.85,TAKE PROFIT hit,4035.8,4030.8,4033.3,375.0,0.0,375.0,1.0,239102.99999999956,10.0
399,399,SELL,1.0,london,2026-07-16 03:00:00,2,2026-07-16 04:00:00,4035.5,4039.25,4031.75,2026-07-16 04:02:00,4039.25,STOP LOSS hit,4035.8,4030.8,4033.3,-375.0,0.0,-375.0,-1.0,238727.99999999956,2.0
400,400,SELL,1.0,london,2026-07-16 03:00:00,3,2026-07-16 04:30:00,4037.0,4040.75,4033.25,2026-07-16 04:47:00,4040.75,STOP LOSS hit,4035.8,4030.8,4033.3,-375.0,0.0,-375.0,-1.0,238352.99999999956,17.0
403,403,BUY,1.0,london,2026-07-17 03:00:00,1,2026-07-17 04:00:00,3996.6,3989.47,4003.73,2026-07-17 04:04:00,4003.73,TAKE PROFIT hit,4006.6,3997.1,4001.85,713.0000000000109,0.0,713.0000000000109,1.0,239350.99999999956,4.0
404,404,BUY,1.0,london,2026-07-17 03:00:00,2,2026-07-17 07:00:00,3994.5,3987.38,4001.62,2026-07-17 07:54:00,4001.62,TAKE PROFIT hit,4006.6,3997.1,4001.85,711.9999999999891,0.0,711.9999999999891,1.0,240062.99999999956,54.0
405,405,BUY,1.0,london,2026-07-17 03:00:00,3,2026-07-17 08:15:00,3994.2,3987.07,4001.33,2026-07-17 08:32:00,3987.07,STOP LOSS hit,4006.6,3997.1,4001.85,-712.9999999999654,0.0,-712.9999999999654,-1.0,239349.9999999996,17.0
408,408,SELL,1.0,london,2026-07-20 03:00:00,1,2026-07-20 03:45:00,4026.0,4029.6,4022.4,2026-07-20 03:48:00,4022.4,TAKE PROFIT hit,4011.3,4006.5,4008.9,359.9999999999909,0.0,359.9999999999909,1.0,238969.99999999953,3.0
411,411,BUY,1.0,london,2026-07-21 03:00:00,1,2026-07-21 03:30:00,4073.9,4067.3,4080.5,2026-07-21 04:29:00,4067.3,STOP LOSS hit,4084.8,4076.0,4080.4,-659.9999999999909,0.0,-659.9999999999909,-1.0,239174.9999999995,59.0
414,414,SELL,1.0,london,2026-07-22 03:00:00,1,2026-07-22 03:30:00,4124.2,4128.32,4120.08,2026-07-22 03:39:00,4120.08,TAKE PROFIT hit,4121.6,4116.1,4118.85,411.9999999999891,0.0,411.9999999999891,1.0,240311.99999999948,9.0
415,415,BUY,1.0,london,2026-07-22 03:00:00,2,2026-07-22 04:00:00,4115.0,4110.88,4119.12,2026-07-22 04:04:00,4119.12,TAKE PROFIT hit,4121.6,4116.1,4118.85,411.9999999999891,0.0,411.9999999999891,1.0,240723.99999999948,4.0
416,416,SELL,1.0,london,2026-07-22 03:00:00,3,2026-07-22 04:30:00,4121.8,4125.93,4117.67,2026-07-22 05:07:00,4125.93,STOP LOSS hit,4121.6,4116.1,4118.85,-413.0000000000109,0.0,-413.0000000000109,-1.0,240310.99999999948,37.0
419,419,BUY,1.0,london,2026-07-23 03:00:00,1,2026-07-23 03:45:00,4098.6,4085.62,4111.58,2026-07-23 07:23:00,4085.62,STOP LOSS hit,4122.2,4104.9,4113.549999999999,-1298.0000000000473,0.0,-1298.0000000000473,-1.0,239517.99999999945,218.0
422,422,SELL,1.0,london,2026-07-24 03:00:00,1,2026-07-24 03:30:00,4051.7,4061.07,4042.33,2026-07-24 04:59:00,4061.07,STOP LOSS hit,4050.0,4037.5,4043.75,-937.0000000000346,0.0,-937.0000000000346,-1.0,238280.99999999942,89.0
425,425,SELL,1.0,london,2026-07-27 03:00:00,1,2026-07-27 03:30:00,4105.4,4109.9,4100.9,2026-07-27 03:38:00,4100.9,TAKE PROFIT hit,4104.0,4098.0,4101.0,450.0,0.0,450.0,1.0,240430.99999999936,8.0
426,426,BUY,1.0,london,2026-07-27 03:00:00,2,2026-07-27 04:00:00,4090.9,4086.4,4095.4,2026-07-27 04:53:00,4095.4,TAKE PROFIT hit,4104.0,4098.0,4101.0,450.0,0.0,450.0,1.0,240880.99999999936,53.0
427,427,BUY,1.0,london,2026-07-27 03:00:00,3,2026-07-27 06:15:00,4092.6,4088.1,4097.1,2026-07-27 06:31:00,4097.1,TAKE PROFIT hit,4104.0,4098.0,4101.0,450.0000000000455,0.0,450.0000000000455,1.000000000000101,241330.99999999942,16.0
429,429,BUY,1.0,london,2026-07-28 03:00:00,1,2026-07-28 04:00:00,4047.3,4044.53,4050.07,2026-07-28 04:02:00,4050.07,TAKE PROFIT hit,4051.4,4047.7,4049.55,276.9999999999982,0.0,276.9999999999982,1.0,241447.99999999942,2.0
430,430,BUY,1.0,london,2026-07-28 03:00:00,2,2026-07-28 04:45:00,4043.6,4040.82,4046.38,2026-07-28 05:28:00,4040.82,STOP LOSS hit,4051.4,4047.7,4049.55,-277.99999999997453,0.0,-277.99999999997453,-1.0,241169.99999999945,43.0
433,433,BUY,1.0,london,2026-07-31 03:00:00,1,2026-07-31 03:30:00,4130.2,4127.35,4133.05,2026-07-31 03:34:00,4127.35,STOP LOSS hit,4136.8,4133.0,4134.9,-284.99999999994543,0.0,-284.99999999994543,-1.0,239884.9999999995,4.0
436,436,SELL,1.0,london,2026-08-04 03:00:00,1,2026-08-04 04:15:00,4124.3,4128.2,4120.4,2026-08-04 04:22:00,4120.4,TAKE PROFIT hit,4121.8,4116.6,4119.200000000001,390.00000000005457,0.0,390.00000000005457,1.0000000000002331,239354.9999999996,7.0
437,437,BUY,1.0,london,2026-08-04 03:00:00,2,2026-08-04 04:45:00,4115.1,4111.2,4119.0,2026-08-04 04:52:00,4111.2,STOP LOSS hit,4121.8,4116.6,4119.200000000001,-390.00000000005457,0.0,-390.00000000005457,-1.0,238964.99999999953,7.0
438,438,SELL,1.0,london,2026-08-04 03:00:00,3,2026-08-04 07:45:00,4126.8,4130.7,4122.9,2026-08-04 07:47:00,4130.7,STOP LOSS hit,4121.8,4116.6,4119.200000000001,-389.9999999999636,0.0,-389.9999999999636,-1.0,238574.99999999956,2.0
440,440,SELL,1.0,london,2026-08-06 03:00:00,1,2026-08-06 04:15:00,4327.8,4335.75,4319.85,2026-08-06 04:50:00,4335.75,STOP LOSS hit,4322.5,4311.9,4317.2,-794.9999999999818,0.0,-794.9999999999818,-1.0,239039.99999999953,35.0
441,441,SELL,1.0,london,2026-08-06 03:00:00,2,2026-08-06 08:00:00,4322.2,4330.15,4314.25,2026-08-06 08:16:00,4314.25,TAKE PROFIT hit,4322.5,4311.9,4317.2,794.9999999999818,0.0,794.9999999999818,1.0,239834.9999999995,16.0
442,442,SELL,1.0,london,2026-08-06 03:00:00,3,2026-08-06 08:45:00,4326.2,4334.15,4318.25,2026-08-06 08:48:00,4318.25,TAKE PROFIT hit,4322.5,4311.9,4317.2,794.9999999999818,0.0,794.9999999999818,1.0,240629.99999999948,3.0
447,447,SELL,1.0,london,2026-08-10 03:00:00,1,2026-08-10 03:45:00,4418.6,4425.35,4411.85,2026-08-10 04:09:00,4411.85,TAKE PROFIT hit,4418.4,4409.4,4413.9,675.0,0.0,675.0,1.0,239634.9999999995,24.0
448,448,BUY,1.0,london,2026-08-10 03:00:00,2,2026-08-10 04:45:00,4405.2,4398.45,4411.95,2026-08-10 05:36:00,4398.45,STOP LOSS hit,4418.4,4409.4,4413.9,-675.0,0.0,-675.0,-1.0,238959.9999999995,51.0
451,451,BUY,1.0,london,2026-08-11 03:00:00,1,2026-08-11 03:45:00,4417.8,4413.23,4422.37,2026-08-11 04:03:00,4422.37,TAKE PROFIT hit,4426.5,4420.4,4423.45,456.9999999999709,0.0,456.9999999999709,0.9999999999998009,239921.9999999995,18.0
452,452,SELL,1.0,london,2026-08-11 03:00:00,2,2026-08-11 04:30:00,4427.5,4432.08,4422.92,2026-08-11 04:37:00,4432.08,STOP LOSS hit,4426.5,4420.4,4423.45,-457.9999999999927,0.0,-457.9999999999927,-1.0,239463.9999999995,7.0
