,net_profit,net_profit,net_profit,net_profit,trades,trades,trades,trades,win_rate,win_rate,win_rate,win_rate,profit_factor,profit_factor,profit_factor,profit_factor,max_dd_pct,max_dd_pct,max_dd_pct,max_dd_pct
variant,ORIGINAL,R,RR,RRR,ORIGINAL,R,RR,RRR,ORIGINAL,R,RR,RRR,ORIGINAL,R,RR,RRR,ORIGINAL,R,RR,RRR
config,,,,,,,,,,,,,,,,,,,,
M15_LONDON_ORB15_INCLUDE_NEWS_RR1,-33695.0,-3500.0,16740.0,26495.0,400.0,159.0,278.0,349.0,42.75,55.35,56.47,57.02,0.838,0.96,1.126,1.167,43.84,26.77,20.3,17.92
M15_LONDON_ORB15_INCLUDE_NEWS_RR1p5,-45291.0,5768.0,25325.0,36216.0,392.0,159.0,267.0,313.0,33.67,48.43,47.94,49.2,0.807,1.059,1.172,1.218,60.16,30.18,22.38,17.5
M15_LONDON_ORB15_INCLUDE_NEWS_RR2,-53100.0,2475.0,21315.0,29850.0,388.0,159.0,250.0,283.0,27.32,40.88,42.0,43.11,0.789,1.023,1.144,1.183,62.88,31.35,22.03,16.83
M15_LONDON_ORB15_INCLUDE_NEWS_RR2p5,-40878.0,9309.0,33349.0,33592.0,388.0,159.0,241.0,260.0,26.03,37.11,40.25,40.38,0.841,1.082,1.225,1.212,58.32,31.02,20.29,19.03
M15_LONDON_ORB15_INCLUDE_NEWS_RR3,-44700.0,7305.0,32110.0,37135.0,387.0,159.0,230.0,245.0,24.55,35.22,38.7,38.78,0.828,1.063,1.217,1.241,60.37,35.28,24.42,22.66
M15_LONDON_ORB15_INCLUDE_NEWS_RR3p5,-68867.0,18165.0,37972.0,42395.0,383.0,159.0,225.0,238.0,22.19,34.59,36.44,36.55,0.739,1.156,1.255,1.274,82.9,34.9,24.13,22.88
M15_LONDON_ORB15_INCLUDE_NEWS_RR4,-69315.0,18745.0,42805.0,44515.0,383.0,159.0,221.0,233.0,21.41,32.08,35.29,35.19,0.74,1.158,1.289,1.29,84.18,34.66,22.28,20.98
M15_LONDON_ORB15_INCLUDE_NEWS_RR4p5,-63935.0,14134.0,33614.0,36494.0,383.0,159.0,219.0,229.0,21.15,30.82,33.79,34.06,0.761,1.118,1.226,1.239,78.09,32.94,21.92,20.64
M15_LONDON_ORB15_INCLUDE_NEWS_RR5,-58420.0,19365.0,37225.0,40105.0,383.0,159.0,218.0,228.0,20.89,30.19,32.57,32.89,0.781,1.161,1.249,1.261,72.1,31.24,20.35,20.21
M15_LONDON_ORB15_SKIP_NEWS_RR1,-42965.0,4370.0,20550.0,33715.0,282.0,107.0,189.0,240.0,39.72,57.94,58.2,60.0,0.725,1.077,1.237,1.332,50.2,14.99,16.27,14.44
M15_LONDON_ORB15_SKIP_NEWS_RR1p5,-66282.0,16928.0,37858.0,49622.0,276.0,107.0,182.0,218.0,30.07,53.27,52.75,53.67,0.628,1.273,1.404,1.469,74.72,15.56,14.04,11.02
M15_LONDON_ORB15_SKIP_NEWS_RR2,-76205.0,11400.0,34605.0,43300.0,273.0,107.0,171.0,196.0,23.81,43.93,46.2,47.45,0.596,1.16,1.361,1.41,80.11,16.1,12.19,9.89
M15_LONDON_ORB15_SKIP_NEWS_RR2p5,-65368.0,13882.0,38047.0,38137.0,273.0,107.0,166.0,179.0,23.08,39.25,43.37,43.02,0.657,1.186,1.387,1.364,71.93,17.13,12.41,10.52
M15_LONDON_ORB15_SKIP_NEWS_RR3,-60165.0,6180.0,30980.0,36450.0,272.0,107.0,159.0,170.0,21.69,36.45,41.51,41.76,0.687,1.08,1.31,1.349,65.76,18.1,14.41,11.83
M15_LONDON_ORB15_SKIP_NEWS_RR3p5,-69214.0,11338.0,30320.0,35188.0,269.0,107.0,154.0,163.0,19.7,35.51,38.31,38.65,0.643,1.145,1.3,1.336,75.93,18.26,15.95,14.21
M15_LONDON_ORB15_SKIP_NEWS_RR4,-73545.0,8150.0,29990.0,32145.0,269.0,107.0,151.0,159.0,18.96,31.78,36.42,36.48,0.624,1.101,1.298,1.308,80.01,18.22,16.77,15.03
M15_LONDON_ORB15_SKIP_NEWS_RR4p5,-66305.0,694.0,17134.0,20459.0,269.0,107.0,149.0,155.0,18.96,29.91,34.23,34.84,0.661,1.009,1.17,1.197,72.68,19.55,17.13,15.4
M15_LONDON_ORB15_SKIP_NEWS_RR5,-59800.0,2005.0,16005.0,19330.0,269.0,107.0,148.0,154.0,18.96,28.97,32.43,33.12,0.695,1.024,1.157,1.185,65.42,18.37,16.77,15.07
M15_LONDON_ORB30_INCLUDE_NEWS_RR1,3300.0,-25510.0,-12095.0,-8770.0,340.0,157.0,268.0,322.0,47.65,50.32,51.49,51.86,1.018,0.767,0.925,0.953,28.33,35.48,27.57,29.84
M15_LONDON_ORB30_INCLUDE_NEWS_RR1p5,-2546.0,-17018.0,-11727.0,-1890.0,334.0,157.0,254.0,285.0,38.32,41.4,42.13,43.86,0.988,0.86,0.933,0.99,32.15,34.13,28.46,25.38
M15_LONDON_ORB30_INCLUDE_NEWS_RR2,-12300.0,-20555.0,-17055.0,-10885.0,328.0,157.0,236.0,254.0,33.23,35.03,37.29,38.19,0.946,0.843,0.903,0.941,38.34,33.91,33.41,29.25
M15_LONDON_ORB30_INCLUDE_NEWS_RR2p5,-6078.0,-28445.0,-30966.0,-27811.0,328.0,157.0,223.0,235.0,30.18,29.94,32.29,32.77,0.974,0.793,0.826,0.848,41.17,34.6,37.5,37.09
M15_LONDON_ORB30_INCLUDE_NEWS_RR3,-39605.0,-39010.0,-44045.0,-41725.0,326.0,157.0,218.0,225.0,27.61,26.75,29.36,29.33,0.835,0.725,0.757,0.774,56.1,41.67,49.37,47.1
M15_LONDON_ORB30_INCLUDE_NEWS_RR3p5,-33108.0,-28610.0,-32928.0,-30175.0,325.0,157.0,216.0,223.0,27.08,26.75,29.17,29.15,0.862,0.798,0.818,0.835,51.79,37.91,40.59,41.7
M15_LONDON_ORB30_INCLUDE_NEWS_RR4,-19310.0,-28850.0,-29215.0,-26030.0,325.0,157.0,212.0,219.0,27.08,26.11,28.77,28.77,0.92,0.798,0.837,0.857,42.24,36.96,40.77,41.88
M15_LONDON_ORB30_INCLUDE_NEWS_RR4p5,-13919.0,-34613.0,-36764.0,-32566.0,325.0,157.0,211.0,217.0,27.08,24.84,27.49,27.65,0.942,0.759,0.795,0.821,40.75,39.12,44.0,42.24
M15_LONDON_ORB30_INCLUDE_NEWS_RR5,-2855.0,-30360.0,-34180.0,-29550.0,325.0,157.0,211.0,217.0,27.08,24.84,27.49,27.65,0.988,0.788,0.809,0.837,37.1,38.0,42.55,41.25
M15_LONDON_ORB30_SKIP_NEWS_RR1,-19600.0,-6530.0,11565.0,13815.0,241.0,106.0,183.0,225.0,44.81,53.77,55.19,54.67,0.862,0.905,1.117,1.118,39.28,20.4,15.93,16.61
M15_LONDON_ORB30_SKIP_NEWS_RR1p5,-36303.0,6656.0,18631.0,27180.0,236.0,106.0,172.0,199.0,35.17,47.17,47.09,48.24,0.774,1.089,1.176,1.237,49.03,15.66,14.33,13.69
M15_LONDON_ORB30_SKIP_NEWS_RR2,-44335.0,5550.0,11750.0,19475.0,231.0,106.0,159.0,174.0,29.44,39.62,40.88,41.95,0.739,1.068,1.107,1.168,53.59,16.24,14.27,12.93
M15_LONDON_ORB30_SKIP_NEWS_RR2p5,-35154.0,-1688.0,-54.0,5886.0,231.0,106.0,152.0,161.0,27.27,33.96,35.53,36.65,0.797,0.981,1.0,1.051,49.14,16.57,17.85,17.8
M15_LONDON_ORB30_SKIP_NEWS_RR3,-54405.0,-14410.0,-14765.0,-12035.0,230.0,106.0,148.0,154.0,24.35,29.25,31.76,31.82,0.695,0.843,0.874,0.899,65.03,20.7,24.71,24.88
M15_LONDON_ORB30_SKIP_NEWS_RR3p5,-46790.0,-7135.0,-7311.0,-4148.0,229.0,106.0,146.0,152.0,24.02,29.25,31.51,31.58,0.737,0.922,0.937,0.965,58.69,18.8,22.15,23.18
M15_LONDON_ORB30_SKIP_NEWS_RR4,-38310.0,-10500.0,-7260.0,-3665.0,229.0,106.0,142.0,148.0,24.02,28.3,30.99,31.08,0.785,0.887,0.937,0.969,50.93,20.77,24.19,25.03
M15_LONDON_ORB30_SKIP_NEWS_RR4p5,-33954.0,-15813.0,-14897.0,-10289.0,229.0,106.0,141.0,146.0,24.02,26.42,29.08,29.45,0.809,0.831,0.871,0.912,47.38,26.22,30.34,25.7
M15_LONDON_ORB30_SKIP_NEWS_RR5,-27340.0,-13680.0,-14970.0,-9930.0,229.0,106.0,141.0,146.0,24.02,26.42,29.08,29.45,0.847,0.854,0.87,0.915,42.43,25.27,29.27,25.5
M15_LONDON_ORB60_INCLUDE_NEWS_RR1,1905.0,-18380.0,-3405.0,-4605.0,294.0,156.0,252.0,285.0,46.26,53.85,54.37,54.04,1.01,0.856,0.981,0.977,27.12,33.17,23.79,25.51
M15_LONDON_ORB60_INCLUDE_NEWS_RR1p5,-28931.0,-3046.0,7054.0,11057.0,284.0,156.0,233.0,254.0,36.62,47.44,47.64,48.43,0.873,0.978,1.039,1.057,46.96,25.04,20.09,18.79
M15_LONDON_ORB60_INCLUDE_NEWS_RR2,-33235.0,-19755.0,-14000.0,-5520.0,282.0,156.0,211.0,220.0,33.33,39.1,40.28,41.36,0.857,0.865,0.923,0.97,48.49,33.16,26.51,22.86
M15_LONDON_ORB60_INCLUDE_NEWS_RR2p5,-28993.0,-36547.0,-26687.0,-24017.0,281.0,156.0,197.0,202.0,32.03,34.62,37.06,37.62,0.876,0.764,0.852,0.868,45.47,44.02,35.61,33.19
M15_LONDON_ORB60_INCLUDE_NEWS_RR3,-24515.0,-28215.0,-25260.0,-25785.0,279.0,156.0,194.0,195.0,31.54,33.97,35.05,34.87,0.895,0.819,0.862,0.859,44.56,37.83,35.78,36.25
M15_LONDON_ORB60_INCLUDE_NEWS_RR3p5,-24587.0,-31454.0,-27713.0,-28238.0,279.0,156.0,191.0,192.0,30.82,32.69,34.03,33.85,0.896,0.8,0.847,0.845,43.89,39.5,37.28,37.75
M15_LONDON_ORB60_INCLUDE_NEWS_RR4,-15470.0,-32580.0,-28330.0,-28855.0,279.0,156.0,190.0,191.0,30.82,32.69,33.68,33.51,0.934,0.793,0.844,0.841,42.38,37.69,34.85,35.34
M15_LONDON_ORB60_INCLUDE_NEWS_RR4p5,-10556.0,-31513.0,-27572.0,-28097.0,279.0,156.0,190.0,191.0,30.82,32.05,33.16,32.98,0.955,0.8,0.848,0.846,40.82,39.17,33.72,34.22
M15_LONDON_ORB60_INCLUDE_NEWS_RR5,-15310.0,-28595.0,-26090.0,-26615.0,279.0,156.0,190.0,191.0,30.47,32.05,33.16,32.98,0.935,0.819,0.856,0.854,46.37,39.74,32.33,32.82
M15_LONDON_ORB60_SKIP_NEWS_RR1,-8160.0,-2975.0,7890.0,4115.0,197.0,105.0,166.0,189.0,44.16,56.19,57.23,56.08,0.938,0.963,1.073,1.034,19.01,14.17,14.07,14.46
M15_LONDON_ORB60_SKIP_NEWS_RR1p5,-23927.0,12836.0,20281.0,22904.0,190.0,105.0,153.0,170.0,34.21,50.48,51.63,51.76,0.838,1.152,1.182,1.193,34.34,9.3,10.78,10.13
M15_LONDON_ORB60_SKIP_NEWS_RR2,-22400.0,5225.0,10545.0,19025.0,189.0,105.0,138.0,147.0,30.69,41.9,43.48,44.9,0.854,1.057,1.095,1.168,33.86,12.15,11.51,10.11
M15_LONDON_ORB60_SKIP_NEWS_RR2p5,-14817.0,-10140.0,-3673.0,-1003.0,189.0,105.0,129.0,134.0,30.16,37.14,39.53,40.3,0.904,0.897,0.968,0.991,29.79,19.91,16.43,15.84
M15_LONDON_ORB60_SKIP_NEWS_RR3,-14765.0,-5810.0,-5225.0,-5750.0,187.0,105.0,127.0,128.0,29.41,36.19,37.01,36.72,0.904,0.942,0.955,0.95,29.79,18.79,22.0,22.44
M15_LONDON_ORB60_SKIP_NEWS_RR3p5,-11184.0,-10457.0,-9369.0,-9894.0,187.0,105.0,124.0,125.0,28.88,34.29,35.48,35.2,0.927,0.897,0.918,0.913,29.79,22.07,24.81,25.25
M15_LONDON_ORB60_SKIP_NEWS_RR4,-2760.0,-13020.0,-11705.0,-12230.0,187.0,105.0,123.0,124.0,28.88,34.29,34.96,34.68,0.982,0.871,0.897,0.893,29.79,23.46,26.33,26.67
M15_LONDON_ORB60_SKIP_NEWS_RR4p5,-706.0,-13406.0,-12683.0,-13208.0,187.0,105.0,123.0,124.0,28.88,33.33,34.15,33.87,0.995,0.868,0.889,0.885,29.79,24.68,27.91,28.06
M15_LONDON_ORB60_SKIP_NEWS_RR5,-1210.0,-11810.0,-12805.0,-13330.0,187.0,105.0,123.0,124.0,28.88,33.33,34.15,33.87,0.992,0.884,0.888,0.884,29.79,23.24,26.7,26.7
M1_LONDON_ORB15_INCLUDE_NEWS_RR1,-29660.0,11035.0,12485.0,7110.0,894.0,159.0,306.0,438.0,48.88,52.2,52.61,51.37,0.903,1.212,1.123,1.047,39.53,6.44,8.54,12.1
M1_LONDON_ORB15_INCLUDE_NEWS_RR1p5,-19943.0,10692.0,13927.0,15421.0,833.0,159.0,302.0,426.0,39.74,42.14,42.72,42.72,0.94,1.165,1.114,1.09,34.33,13.6,15.45,17.62
M1_LONDON_ORB15_INCLUDE_NEWS_RR2,-27695.0,8755.0,1910.0,585.0,796.0,159.0,296.0,411.0,33.17,33.33,33.78,34.31,0.921,1.119,1.014,1.003,42.57,12.96,21.43,21.34
M1_LONDON_ORB15_INCLUDE_NEWS_RR2p5,-36280.0,14081.0,-686.0,-4820.0,771.0,159.0,290.0,392.0,28.15,29.56,29.31,29.34,0.899,1.18,0.995,0.975,51.16,15.16,20.65,25.34
M1_LONDON_ORB15_INCLUDE_NEWS_RR3,-39855.0,4935.0,-3735.0,-14190.0,754.0,159.0,286.0,377.0,24.93,23.9,25.87,25.46,0.891,1.059,0.975,0.926,58.81,21.5,25.11,36.32
M1_LONDON_ORB15_INCLUDE_NEWS_RR3p5,-35713.0,12473.0,9316.0,-4936.0,741.0,159.0,285.0,373.0,22.81,22.64,24.21,23.32,0.903,1.146,1.064,0.974,60.07,20.68,22.88,31.31
M1_LONDON_ORB15_INCLUDE_NEWS_RR4,-34060.0,3910.0,1540.0,-15270.0,735.0,159.0,282.0,363.0,20.95,18.24,21.63,20.94,0.908,1.044,1.01,0.919,58.03,22.79,34.25,47.48
M1_LONDON_ORB15_INCLUDE_NEWS_RR4p5,-22104.0,15127.0,19238.0,6291.0,732.0,159.0,281.0,358.0,20.08,18.24,22.06,21.23,0.941,1.169,1.131,1.034,55.33,22.21,31.74,41.94
M1_LONDON_ORB15_INCLUDE_NEWS_RR5,-22665.0,10125.0,11665.0,1230.0,728.0,159.0,277.0,353.0,18.96,16.35,20.22,19.83,0.94,1.111,1.079,1.007,54.56,21.84,28.96,38.5
M1_LONDON_ORB15_SKIP_NEWS_RR1,-21935.0,10650.0,12190.0,7600.0,627.0,107.0,205.0,294.0,49.76,53.27,52.68,51.02,0.898,1.325,1.187,1.077,31.4,5.22,6.5,11.96
M1_LONDON_ORB15_SKIP_NEWS_RR1p5,-22353.0,21895.0,23814.0,19747.0,581.0,107.0,202.0,286.0,39.41,45.79,43.56,43.01,0.905,1.593,1.321,1.177,31.95,5.09,5.49,9.71
M1_LONDON_ORB15_SKIP_NEWS_RR2,-40215.0,22380.0,22525.0,17060.0,553.0,107.0,197.0,275.0,32.37,36.45,36.55,35.64,0.836,1.52,1.27,1.139,49.63,5.4,7.38,9.71
M1_LONDON_ORB15_SKIP_NEWS_RR2p5,-50196.0,28024.0,23078.0,22623.0,536.0,107.0,195.0,265.0,27.05,32.71,31.79,31.7,0.802,1.608,1.257,1.181,60.01,5.88,7.24,10.46
M1_LONDON_ORB15_SKIP_NEWS_RR3,-54685.0,19695.0,18350.0,14725.0,523.0,107.0,191.0,252.0,24.09,26.17,27.75,27.38,0.787,1.385,1.199,1.123,66.33,9.78,10.35,15.0
M1_LONDON_ORB15_SKIP_NEWS_RR3p5,-52124.0,24184.0,27583.0,21496.0,515.0,107.0,190.0,249.0,22.33,24.3,25.79,24.9,0.798,1.463,1.31,1.184,62.92,9.71,10.06,14.05
M1_LONDON_ORB15_SKIP_NEWS_RR4,-54950.0,18190.0,21145.0,13430.0,510.0,107.0,188.0,242.0,20.39,19.63,23.4,22.73,0.79,1.328,1.235,1.116,64.15,10.63,16.21,24.28
M1_LONDON_ORB15_SKIP_NEWS_RR4p5,-49372.0,26910.0,36037.0,29670.0,508.0,107.0,187.0,238.0,19.49,19.63,24.06,23.11,0.812,1.485,1.406,1.261,60.0,10.37,15.29,22.16
M1_LONDON_ORB15_SKIP_NEWS_RR5,-55045.0,22945.0,29370.0,25060.0,504.0,107.0,183.0,233.0,18.06,17.76,21.86,21.46,0.791,1.405,1.328,1.22,64.84,10.47,14.52,19.54
M1_LONDON_ORB30_INCLUDE_NEWS_RR1,-25020.0,-18885.0,-1980.0,-2540.0,708.0,158.0,297.0,421.0,47.74,48.1,52.19,51.54,0.917,0.766,0.985,0.986,37.69,24.93,19.28,17.41
M1_LONDON_ORB30_INCLUDE_NEWS_RR1p5,-36307.0,-21203.0,-1158.0,9731.0,650.0,158.0,293.0,401.0,37.69,37.34,42.66,42.89,0.889,0.773,0.993,1.048,48.99,30.0,26.24,19.36
M1_LONDON_ORB30_INCLUDE_NEWS_RR2,-38155.0,-19765.0,-13445.0,-5375.0,610.0,158.0,287.0,376.0,31.31,31.65,34.15,35.11,0.886,0.802,0.921,0.975,55.91,26.16,25.11,19.85
M1_LONDON_ORB30_INCLUDE_NEWS_RR2p5,-34794.0,-19779.0,-9986.0,-21182.0,589.0,158.0,275.0,347.0,27.5,28.48,32.0,32.28,0.898,0.81,0.941,0.898,57.49,27.82,28.58,40.57
M1_LONDON_ORB30_INCLUDE_NEWS_RR3,-44045.0,-24775.0,-18520.0,-30385.0,576.0,158.0,267.0,334.0,25.35,24.68,27.72,28.14,0.871,0.77,0.893,0.855,65.72,34.34,40.45,51.12
M1_LONDON_ORB30_INCLUDE_NEWS_RR3p5,-39113.0,-34535.0,-27928.0,-36206.0,573.0,158.0,264.0,323.0,24.08,21.52,25.0,25.7,0.887,0.69,0.841,0.824,62.34,46.26,51.17,58.21
M1_LONDON_ORB30_INCLUDE_NEWS_RR4,-31780.0,-28690.0,-10190.0,-19570.0,569.0,158.0,261.0,313.0,23.37,21.52,26.82,26.52,0.908,0.743,0.94,0.901,60.2,44.94,42.85,49.85
M1_LONDON_ORB30_INCLUDE_NEWS_RR4p5,-33834.0,-23303.0,-2010.0,-11067.0,565.0,158.0,259.0,309.0,22.48,21.52,26.64,26.21,0.902,0.791,0.988,0.943,64.19,41.92,37.61,45.18
M1_LONDON_ORB30_INCLUDE_NEWS_RR5,-36145.0,-25645.0,-5425.0,-15275.0,562.0,158.0,255.0,305.0,21.53,20.89,25.49,25.25,0.896,0.771,0.968,0.922,61.15,48.19,46.24,53.33
M1_LONDON_ORB30_SKIP_NEWS_RR1,-35700.0,-6630.0,3710.0,10370.0,500.0,106.0,200.0,285.0,46.8,50.0,52.5,52.98,0.838,0.866,1.044,1.09,44.13,16.32,13.94,14.41
M1_LONDON_ORB30_SKIP_NEWS_RR1p5,-46397.0,-2780.0,14535.0,25094.0,460.0,106.0,198.0,275.0,36.74,41.51,45.45,45.09,0.804,0.951,1.15,1.196,55.49,13.69,12.67,13.46
M1_LONDON_ORB30_SKIP_NEWS_RR2,-63245.0,-1785.0,7555.0,19410.0,428.0,106.0,194.0,259.0,29.21,33.96,35.57,37.07,0.741,0.971,1.07,1.141,72.74,13.15,12.4,12.96
M1_LONDON_ORB30_SKIP_NEWS_RR2p5,-57194.0,-2013.0,13433.0,5872.0,417.0,106.0,186.0,238.0,26.38,31.13,34.41,34.45,0.769,0.969,1.127,1.044,67.86,15.65,12.73,19.36
M1_LONDON_ORB30_SKIP_NEWS_RR3,-63045.0,-6295.0,6250.0,-2330.0,406.0,106.0,180.0,226.0,23.89,27.36,30.56,30.53,0.746,0.907,1.058,0.983,74.44,20.23,21.77,27.53
M1_LONDON_ORB30_SKIP_NEWS_RR3p5,-58804.0,-10590.0,-4957.0,-8135.0,404.0,106.0,179.0,219.0,23.02,25.47,27.37,27.85,0.764,0.847,0.956,0.938,69.71,19.49,24.16,25.7
M1_LONDON_ORB30_SKIP_NEWS_RR4,-48545.0,-7370.0,6825.0,4575.0,401.0,106.0,176.0,211.0,22.19,25.47,29.55,28.91,0.805,0.893,1.064,1.037,61.88,20.51,21.69,20.44
M1_LONDON_ORB30_SKIP_NEWS_RR4p5,-50834.0,-3083.0,11441.0,9614.0,398.0,106.0,174.0,207.0,21.36,25.47,29.31,28.5,0.796,0.955,1.108,1.079,67.08,18.39,20.78,19.56
M1_LONDON_ORB30_SKIP_NEWS_RR5,-50950.0,-7445.0,7815.0,5195.0,396.0,106.0,170.0,203.0,20.2,24.53,27.65,27.09,0.796,0.893,1.074,1.043,66.93,24.25,26.25,25.69
M1_LONDON_ORB60_INCLUDE_NEWS_RR1,-32955.0,-12270.0,30180.0,27835.0,494.0,158.0,287.0,385.0,46.96,51.9,56.79,53.77,0.881,0.883,1.201,1.14,50.8,22.2,11.27,11.31
M1_LONDON_ORB60_INCLUDE_NEWS_RR1p5,-63238.0,3167.0,25549.0,18891.0,450.0,158.0,279.0,351.0,36.44,45.57,45.52,44.16,0.793,1.028,1.146,1.087,81.56,18.12,9.99,12.35
M1_LONDON_ORB60_INCLUDE_NEWS_RR2,-61375.0,-11465.0,10520.0,-35.0,427.0,158.0,265.0,315.0,31.85,36.71,38.49,37.78,0.802,0.91,1.057,1.0,78.07,25.3,14.87,21.2
M1_LONDON_ORB60_INCLUDE_NEWS_RR2p5,-44187.0,-30951.0,-6903.0,-9389.0,421.0,158.0,246.0,281.0,29.69,30.38,34.55,34.52,0.859,0.775,0.963,0.954,62.84,42.74,24.94,26.13
M1_LONDON_ORB60_INCLUDE_NEWS_RR3,-41580.0,-29100.0,-4685.0,-15105.0,414.0,158.0,238.0,262.0,28.5,29.75,33.61,32.82,0.867,0.791,0.974,0.924,66.3,42.04,25.03,32.61
M1_LONDON_ORB60_INCLUDE_NEWS_RR3p5,-50280.0,-33897.0,-19538.0,-28078.0,410.0,158.0,233.0,254.0,27.8,27.22,30.47,30.31,0.84,0.763,0.895,0.858,73.72,45.69,36.74,42.51
M1_LONDON_ORB60_INCLUDE_NEWS_RR4,-51565.0,-33195.0,-12955.0,-23275.0,409.0,158.0,229.0,247.0,27.38,27.22,31.0,30.36,0.836,0.768,0.929,0.881,75.02,45.3,32.04,39.27
M1_LONDON_ORB60_INCLUDE_NEWS_RR4p5,-46624.0,-33418.0,-13323.0,-23643.0,408.0,158.0,227.0,245.0,27.21,27.22,30.4,29.8,0.851,0.766,0.927,0.879,70.27,44.35,31.2,38.65
M1_LONDON_ORB60_INCLUDE_NEWS_RR5,-42855.0,-41710.0,-20580.0,-30900.0,408.0,158.0,224.0,242.0,26.96,26.58,29.46,28.93,0.864,0.709,0.887,0.841,68.5,49.09,36.19,42.94
M1_LONDON_ORB60_SKIP_NEWS_RR1,-35770.0,420.0,25570.0,25860.0,340.0,106.0,195.0,259.0,46.47,52.83,56.41,53.67,0.815,1.007,1.267,1.205,50.11,13.4,9.43,9.59
M1_LONDON_ORB60_SKIP_NEWS_RR1p5,-42788.0,12763.0,27767.0,27904.0,312.0,106.0,189.0,238.0,36.54,47.17,46.56,45.38,0.792,1.186,1.251,1.204,56.57,10.7,8.19,13.64
M1_LONDON_ORB60_SKIP_NEWS_RR2,-46090.0,5100.0,16625.0,13575.0,292.0,106.0,181.0,217.0,31.51,36.79,37.02,37.33,0.778,1.065,1.137,1.095,56.65,15.43,15.46,17.96
M1_LONDON_ORB60_SKIP_NEWS_RR2p5,-38151.0,-4608.0,12909.0,17303.0,288.0,106.0,170.0,196.0,29.17,32.08,35.88,36.73,0.819,0.946,1.109,1.133,50.28,18.69,11.28,11.65
M1_LONDON_ORB60_SKIP_NEWS_RR3,-34015.0,-7005.0,8615.0,3985.0,282.0,106.0,163.0,182.0,27.66,31.13,33.74,33.52,0.839,0.919,1.073,1.031,47.48,20.88,16.34,19.66
M1_LONDON_ORB60_SKIP_NEWS_RR3p5,-32719.0,-16049.0,-13968.0,-16718.0,280.0,106.0,160.0,176.0,27.14,27.36,28.75,29.55,0.845,0.822,0.886,0.871,46.45,28.26,31.87,33.88
M1_LONDON_ORB60_SKIP_NEWS_RR4,-36425.0,-15995.0,-8750.0,-13280.0,279.0,106.0,157.0,170.0,26.52,27.36,29.94,30.0,0.828,0.822,0.927,0.895,49.67,29.18,28.58,31.87
M1_LONDON_ORB60_SKIP_NEWS_RR4p5,-33856.0,-17897.0,-10583.0,-15113.0,278.0,106.0,155.0,168.0,26.26,27.36,29.03,29.17,0.84,0.801,0.912,0.88,48.18,29.51,28.95,32.09
M1_LONDON_ORB60_SKIP_NEWS_RR5,-24630.0,-23340.0,-15645.0,-20175.0,278.0,106.0,153.0,166.0,26.26,26.42,28.1,28.31,0.883,0.742,0.869,0.84,48.18,32.76,32.09,35.5
M5_LONDON_ORB15_INCLUDE_NEWS_RR1,-21135.0,13955.0,13280.0,9185.0,617.0,159.0,301.0,412.0,46.84,57.86,55.15,54.13,0.919,1.219,1.107,1.053,34.65,15.24,15.12,16.74
M5_LONDON_ORB15_INCLUDE_NEWS_RR1p5,-21383.0,24283.0,24400.0,28143.0,591.0,159.0,296.0,390.0,37.23,47.8,45.27,44.62,0.926,1.324,1.169,1.149,39.83,15.29,14.75,18.0
M5_LONDON_ORB15_INCLUDE_NEWS_RR2,-51825.0,21930.0,28915.0,22040.0,574.0,159.0,283.0,354.0,29.97,38.99,39.22,37.85,0.832,1.255,1.194,1.116,65.5,13.09,15.07,17.31
M5_LONDON_ORB15_INCLUDE_NEWS_RR2p5,-49641.0,24099.0,33068.0,31356.0,567.0,159.0,273.0,332.0,26.28,33.96,35.53,35.54,0.844,1.264,1.22,1.172,65.99,17.51,20.72,22.77
M5_LONDON_ORB15_INCLUDE_NEWS_RR3,-61210.0,24030.0,35820.0,29590.0,563.0,159.0,266.0,316.0,23.62,30.82,33.08,32.28,0.812,1.251,1.234,1.165,79.09,16.6,21.29,23.83
M5_LONDON_ORB15_INCLUDE_NEWS_RR3p5,-72915.0,5470.0,9128.0,4181.0,557.0,159.0,259.0,302.0,21.01,26.42,28.19,28.15,0.779,1.053,1.059,1.023,86.29,24.6,27.84,26.2
M5_LONDON_ORB15_INCLUDE_NEWS_RR4,-69175.0,4550.0,9650.0,1360.0,556.0,159.0,257.0,299.0,20.32,23.27,25.29,25.75,0.792,1.043,1.061,1.008,83.04,24.55,28.53,29.3
M5_LONDON_ORB15_INCLUDE_NEWS_RR4p5,-69517.0,12984.0,16370.0,6608.0,556.0,159.0,255.0,297.0,19.78,22.64,24.71,25.25,0.792,1.123,1.104,1.037,84.35,21.91,24.42,28.08
M5_LONDON_ORB15_INCLUDE_NEWS_RR5,-67480.0,19285.0,22270.0,13165.0,554.0,159.0,255.0,297.0,18.95,22.01,23.92,24.58,0.799,1.182,1.141,1.073,83.18,20.51,23.45,26.83
M5_LONDON_ORB15_SKIP_NEWS_RR1,-38225.0,17300.0,22930.0,19470.0,436.0,107.0,202.0,278.0,45.87,58.88,56.93,55.04,0.804,1.485,1.311,1.179,45.82,5.33,6.04,13.08
M5_LONDON_ORB15_SKIP_NEWS_RR1p5,-48109.0,34392.0,40349.0,47453.0,418.0,107.0,199.0,263.0,35.89,51.4,48.24,47.15,0.777,1.873,1.475,1.41,60.19,4.45,6.66,9.82
M5_LONDON_ORB15_SKIP_NEWS_RR2,-66475.0,40145.0,53155.0,50210.0,406.0,107.0,189.0,240.0,28.33,43.93,42.33,40.42,0.711,1.889,1.619,1.432,75.17,4.61,5.74,8.74
M5_LONDON_ORB15_SKIP_NEWS_RR2p5,-61713.0,37249.0,45938.0,46710.0,402.0,107.0,182.0,226.0,24.63,36.45,36.26,36.28,0.739,1.738,1.508,1.409,70.0,4.53,7.83,9.85
M5_LONDON_ORB15_SKIP_NEWS_RR3,-69170.0,36670.0,44540.0,41865.0,399.0,107.0,178.0,217.0,22.56,33.64,33.71,32.72,0.712,1.685,1.474,1.369,80.8,6.07,9.93,13.9
M5_LONDON_ORB15_SKIP_NEWS_RR3p5,-75540.0,19961.0,15981.0,14364.0,395.0,107.0,173.0,205.0,20.25,28.97,27.17,27.32,0.689,1.34,1.167,1.128,81.13,9.62,15.02,14.81
M5_LONDON_ORB15_SKIP_NEWS_RR4,-67980.0,15215.0,10295.0,5110.0,395.0,107.0,171.0,202.0,20.0,24.3,22.81,23.76,0.721,1.247,1.104,1.044,74.51,9.71,16.98,19.21
M5_LONDON_ORB15_SKIP_NEWS_RR4p5,-71169.0,19819.0,10799.0,3917.0,395.0,107.0,169.0,200.0,19.24,23.36,21.89,23.0,0.71,1.32,1.11,1.034,77.86,9.57,15.71,20.07
M5_LONDON_ORB15_SKIP_NEWS_RR5,-70050.0,27695.0,20220.0,13770.0,394.0,107.0,169.0,200.0,18.27,23.36,21.89,23.0,0.716,1.447,1.207,1.12,78.08,9.43,15.45,19.8
M5_LONDON_ORB30_INCLUDE_NEWS_RR1,-13075.0,-22510.0,-5700.0,-4230.0,508.0,158.0,289.0,387.0,46.85,49.37,52.6,52.2,0.949,0.768,0.963,0.979,34.02,28.23,23.05,26.76
M5_LONDON_ORB30_INCLUDE_NEWS_RR1p5,-15923.0,-15119.0,-1428.0,-4883.0,482.0,158.0,283.0,353.0,37.14,40.51,42.76,42.49,0.944,0.861,0.992,0.977,39.83,26.31,22.06,34.06
M5_LONDON_ORB30_INCLUDE_NEWS_RR2,-49770.0,-18710.0,-19735.0,-10890.0,465.0,158.0,271.0,319.0,30.97,34.18,36.16,37.3,0.832,0.842,0.894,0.948,66.42,25.9,31.41,35.54
M5_LONDON_ORB30_INCLUDE_NEWS_RR2p5,-49261.0,-23961.0,-17799.0,-14215.0,461.0,158.0,259.0,300.0,27.98,29.11,32.43,34.0,0.838,0.809,0.904,0.932,68.19,26.05,25.25,26.51
M5_LONDON_ORB30_INCLUDE_NEWS_RR3,-48650.0,-31005.0,-29895.0,-31050.0,455.0,158.0,254.0,284.0,26.59,25.32,28.35,28.87,0.841,0.762,0.843,0.849,71.44,31.88,33.98,35.82
M5_LONDON_ORB30_INCLUDE_NEWS_RR3p5,-47952.0,-32467.0,-25584.0,-25298.0,451.0,158.0,250.0,277.0,25.28,24.05,27.6,28.16,0.844,0.753,0.865,0.875,68.15,35.06,31.88,31.8
M5_LONDON_ORB30_INCLUDE_NEWS_RR4,-47400.0,-35110.0,-27510.0,-25385.0,450.0,158.0,247.0,271.0,24.89,22.78,26.72,27.68,0.846,0.737,0.854,0.873,67.73,36.7,34.55,31.94
M5_LONDON_ORB30_INCLUDE_NEWS_RR4p5,-51125.0,-36253.0,-32224.0,-29496.0,449.0,158.0,243.0,267.0,24.05,22.15,25.51,26.59,0.835,0.729,0.829,0.852,73.72,38.72,38.89,35.78
M5_LONDON_ORB30_INCLUDE_NEWS_RR5,-43370.0,-33695.0,-27180.0,-23850.0,449.0,158.0,243.0,267.0,23.61,22.15,25.51,26.59,0.86,0.748,0.855,0.881,69.11,38.99,37.7,34.05
M5_LONDON_ORB30_SKIP_NEWS_RR1,-30255.0,-6565.0,6890.0,9560.0,360.0,106.0,194.0,264.0,45.83,50.94,53.61,53.03,0.842,0.886,1.071,1.074,44.03,14.88,15.28,16.64
M5_LONDON_ORB30_SKIP_NEWS_RR1p5,-50222.0,2912.0,17294.0,16070.0,342.0,106.0,191.0,243.0,35.09,44.34,45.55,44.44,0.764,1.046,1.16,1.119,64.52,12.41,13.77,15.93
M5_LONDON_ORB30_SKIP_NEWS_RR2,-68195.0,6865.0,5555.0,13295.0,328.0,106.0,184.0,222.0,28.05,38.68,38.04,38.74,0.695,1.099,1.047,1.098,78.53,13.35,17.52,16.76
M5_LONDON_ORB30_SKIP_NEWS_RR2p5,-55123.0,1469.0,10636.0,14507.0,327.0,106.0,175.0,208.0,26.3,33.02,34.29,36.06,0.757,1.02,1.092,1.108,67.47,12.81,14.41,14.89
M5_LONDON_ORB30_SKIP_NEWS_RR3,-58380.0,-7995.0,-30.0,-2915.0,322.0,106.0,172.0,196.0,24.84,28.3,30.23,30.1,0.743,0.899,1.0,0.978,71.71,18.16,15.61,17.1
M5_LONDON_ORB30_SKIP_NEWS_RR3p5,-56143.0,-10522.0,1743.0,-39.0,319.0,106.0,169.0,190.0,23.51,27.36,29.59,29.47,0.754,0.868,1.015,1.0,67.81,19.3,15.94,17.32
M5_LONDON_ORB30_SKIP_NEWS_RR4,-58650.0,-15100.0,-2625.0,-1765.0,319.0,106.0,166.0,184.0,23.2,25.47,28.31,28.8,0.744,0.815,0.978,0.986,70.19,23.41,18.15,18.32
M5_LONDON_ORB30_SKIP_NEWS_RR4p5,-58194.0,-18938.0,-10542.0,-9079.0,319.0,106.0,162.0,180.0,22.57,24.53,26.54,27.22,0.747,0.768,0.91,0.928,71.22,28.07,23.42,21.17
M5_LONDON_ORB30_SKIP_NEWS_RR5,-52930.0,-19075.0,-8700.0,-6635.0,319.0,106.0,162.0,180.0,21.94,24.53,26.54,27.22,0.771,0.767,0.926,0.948,67.45,27.68,22.3,19.81
M5_LONDON_ORB60_INCLUDE_NEWS_RR1,-17595.0,-16610.0,13530.0,5190.0,383.0,157.0,270.0,335.0,44.65,52.87,55.93,54.33,0.928,0.856,1.08,1.025,37.93,30.69,17.75,20.82
M5_LONDON_ORB60_INCLUDE_NEWS_RR1p5,-42094.0,-6674.0,853.0,-11889.0,359.0,157.0,254.0,298.0,35.38,45.22,45.28,44.63,0.844,0.947,1.005,0.945,59.89,24.9,17.86,27.57
M5_LONDON_ORB60_INCLUDE_NEWS_RR2,-62765.0,-22805.0,-23635.0,-16790.0,351.0,157.0,237.0,262.0,30.2,36.94,37.55,39.31,0.777,0.834,0.879,0.919,77.84,35.05,33.82,35.67
M5_LONDON_ORB60_INCLUDE_NEWS_RR2p5,-52983.0,-46054.0,-42022.0,-41944.0,349.0,157.0,223.0,239.0,28.65,30.57,34.08,34.73,0.813,0.688,0.786,0.795,71.65,49.87,47.72,47.4
M5_LONDON_ORB60_INCLUDE_NEWS_RR3,-45140.0,-52005.0,-48030.0,-51770.0,349.0,157.0,218.0,227.0,28.37,28.03,31.19,31.72,0.841,0.658,0.758,0.745,65.67,55.82,53.46,57.0
M5_LONDON_ORB60_INCLUDE_NEWS_RR3p5,-42241.0,-49178.0,-47220.0,-49825.0,346.0,157.0,216.0,221.0,27.75,27.39,30.56,30.32,0.851,0.677,0.761,0.752,60.33,53.7,52.82,55.29
M5_LONDON_ORB60_INCLUDE_NEWS_RR4,-42380.0,-51360.0,-48930.0,-51300.0,346.0,157.0,214.0,218.0,27.75,26.11,29.44,29.36,0.851,0.667,0.753,0.745,63.48,56.09,54.9,57.14
M5_LONDON_ORB60_INCLUDE_NEWS_RR4p5,-37709.0,-58002.0,-59779.0,-62149.0,346.0,157.0,211.0,215.0,27.46,25.48,28.44,28.37,0.867,0.624,0.697,0.689,57.42,60.99,62.9,65.19
M5_LONDON_ORB60_INCLUDE_NEWS_RR5,-39130.0,-54575.0,-55650.0,-58020.0,346.0,157.0,211.0,215.0,27.17,25.48,28.44,28.37,0.863,0.647,0.718,0.71,62.4,57.66,58.92,61.2
M5_LONDON_ORB60_SKIP_NEWS_RR1,-22075.0,390.0,14350.0,7465.0,257.0,105.0,179.0,220.0,43.58,56.19,56.42,54.55,0.865,1.006,1.135,1.058,32.04,12.74,14.59,17.3
M5_LONDON_ORB60_SKIP_NEWS_RR1p5,-28036.0,10919.0,10764.0,4884.0,243.0,105.0,168.0,197.0,34.57,48.57,46.43,46.19,0.841,1.147,1.093,1.036,40.51,11.43,14.23,16.71
M5_LONDON_ORB60_SKIP_NEWS_RR2,-44780.0,1825.0,-2780.0,5260.0,236.0,105.0,158.0,176.0,28.81,40.0,39.24,41.48,0.759,1.022,0.977,1.041,56.22,14.72,18.48,19.04
M5_LONDON_ORB60_SKIP_NEWS_RR2p5,-35915.0,-13834.0,-13845.0,-8992.0,236.0,105.0,149.0,161.0,27.54,34.29,36.91,38.51,0.809,0.845,0.886,0.928,48.87,19.69,22.34,21.1
M5_LONDON_ORB60_SKIP_NEWS_RR3,-31910.0,-20505.0,-18915.0,-18970.0,236.0,105.0,145.0,151.0,27.12,31.43,33.79,35.1,0.831,0.78,0.847,0.847,44.65,27.14,28.93,28.8
M5_LONDON_ORB60_SKIP_NEWS_RR3p5,-25903.0,-19877.0,-21902.0,-22167.0,234.0,105.0,144.0,147.0,26.5,30.48,32.64,32.65,0.862,0.788,0.823,0.822,43.12,24.89,29.43,29.3
M5_LONDON_ORB60_SKIP_NEWS_RR4,-27995.0,-23030.0,-25290.0,-25320.0,234.0,105.0,142.0,144.0,26.5,28.57,30.99,31.25,0.851,0.758,0.796,0.797,42.42,28.9,32.98,33.01
M5_LONDON_ORB60_SKIP_NEWS_RR4p5,-25974.0,-29377.0,-34007.0,-34037.0,234.0,105.0,139.0,141.0,26.07,27.62,29.5,29.79,0.862,0.693,0.725,0.725,42.13,34.41,40.3,40.33
M5_LONDON_ORB60_SKIP_NEWS_RR5,-21595.0,-27255.0,-31465.0,-31495.0,234.0,105.0,139.0,141.0,26.07,27.62,29.5,29.79,0.886,0.715,0.745,0.746,42.13,32.87,38.6,38.63
