timeframe,session,orb_minutes,risk_reward,trades_include,net_profit_include,profit_factor_include,win_rate_include,max_dd_pct_include,max_consec_losses_include,avg_r_include,trades_skip,net_profit_skip,profit_factor_skip,win_rate_skip,max_dd_pct_skip,max_consec_losses_skip,avg_r_skip,delta_trades,delta_net_profit,delta_profit_factor,delta_win_rate,delta_max_dd_pct,delta_max_consec_losses,delta_avg_r
M1,ASIA,15,1.0,966,34049.99999999782,1.1255137585933526,51.345755693581786,13.821580456928015,8,0.026927870825552664,660,36754.999999998574,1.2050087848955497,52.87878787878788,8.54683666492372,6,0.058271128598491255,-306,2705.0000000007567,0.07949502630219718,1.5330321852060962,-5.274743792004294,-2,0.03134325777293859
M1,ASIA,15,1.5,895,63958.99999999782,1.2178588459704263,42.56983240223464,15.480812456578008,12,0.0602060509130474,612,56678.99999999831,1.2860553144241373,43.790849673202615,12.61333870642774,16,0.09342349181513644,-283,-7279.999999999505,0.06819646845371108,1.2210172709679767,-2.8674737501502676,4,0.03321744090208904
M1,ASIA,15,2.0,857,88054.99999999793,1.284383225410557,36.63943990665111,14.15609079673261,16,0.08259434863143919,584,73429.99999999854,1.3488858269587038,37.32876712328767,12.361612515042196,18,0.10860611100739455,-273,-14624.999999999389,0.06450260154814691,0.6893272166365563,-1.794478281690413,2,0.026011762375955358
M1,ASIA,15,2.5,826,48559.99999999776,1.1494337764647882,30.871670702179177,23.08267487256228,23,0.04578658513642008,559,48870.99999999767,1.2225303371809646,31.48479427549195,17.123378080492486,21,0.07859276353732067,-267,310.9999999999127,0.07309656071617643,0.6131235733127731,-5.959296792069793,-2,0.03280617840090059
M1,ASIA,15,3.0,809,47744.999999997875,1.1443559237478953,27.935723114956733,21.05581835383203,23,0.056168573391118935,550,44524.99999999828,1.1977570508549784,28.18181818181818,15.89694924785615,22,0.0846791589745373,-259,-3219.9999999995925,0.05340112710708311,0.24609506686144655,-5.1588691059758816,-1,0.028510585583418367
M1,ASIA,15,3.5,799,51658.999999998225,1.1526701539734558,24.6558197747184,18.87599140779935,23,0.02266391389195105,543,49095.99999999901,1.212707146415956,24.49355432780847,14.368035171984456,22,0.039878374469871844,-256,-2562.999999999214,0.06003699244250016,-0.1622654469099274,-4.507956235814895,-1,0.017214460577920795
M1,ASIA,15,4.0,795,65789.99999999776,1.1926895703365195,23.270440251572328,17.588110141531565,30,0.04474806707278954,540,59164.99999999895,1.253367021390484,22.77777777777778,13.372161778618812,22,0.04547789278671779,-255,-6624.999999998807,0.06067745105396449,-0.4926624737945495,-4.215948362912753,-8,0.0007298257139282463
M1,ASIA,15,4.5,789,69407.99999999825,1.2030007896814896,22.306717363751584,17.365823565700524,30,0.05835853730764328,536,58890.99999999904,1.251456020495299,21.641791044776117,13.821237585943525,22,0.05248464082904896,-253,-10516.999999999214,0.048455230813809314,-0.6649263189754677,-3.5445859797569987,-8,-0.00587389647859432
M1,ASIA,15,5.0,787,92619.99999999788,1.2705655526992228,21.855146124523507,16.082903954148396,30,0.0975434555260185,536,79394.9999999989,1.338297328390638,21.26865671641791,12.976245122790978,22,0.1058504167704204,-251,-13224.999999998981,0.06773177569141531,-0.5864894081055958,-3.106658831357418,-8,0.008306961244401903
M1,ASIA,30,1.0,776,56289.99999999881,1.2252005360964928,53.350515463917525,12.505347212319947,8,0.07011128052551222,525,63564.9999999984,1.405686568593027,56.00000000000001,8.809467295107204,6,0.12445408985877854,-251,7274.999999999593,0.18048603249653428,2.6494845360824826,-3.695879917212743,-2,0.05434280933326632
M1,ASIA,30,1.5,712,96955.99999999898,1.3647087588632432,44.38202247191011,13.619369233552591,10,0.10893495312797134,484,97664.99999999872,1.5756513026052026,46.69421487603306,9.454606197277416,14,0.1723813442909087,-228,708.9999999997381,0.21094254374195942,2.3121924041229462,-4.1647630362751755,4,0.06344639116293736
M1,ASIA,30,2.0,677,114934.99999999939,1.4091014255459218,38.10930576070901,11.604207758053994,11,0.12595754635471634,458,115084.99999999904,1.6345491136658044,39.737991266375545,8.632982021078867,14,0.18905549390899454,-219,149.99999999965075,0.22544768811988258,1.6286855056665317,-2.9712257369751267,3,0.0630979475542782
M1,ASIA,30,2.5,650,72647.9999999993,1.250079173838207,32.61538461538461,16.25248046077474,20,0.09921343915105209,434,70486.99999999854,1.3733223875853948,33.17972350230415,11.812319031324257,16,0.13936742612207276,-216,-2161.0000000007567,0.12324321374718772,0.5643388869195363,-4.440161429450484,-4,0.04015398697102067
M1,ASIA,30,3.0,641,101619.99999999985,1.345423025935619,30.733229329173167,14.867934324096435,20,0.14963466285468638,428,95079.99999999939,1.4990159288319693,31.542056074766357,10.962501526810959,16,0.20921386871549855,-213,-6540.000000000466,0.1535929028963503,0.8088267455931906,-3.905432797285476,-4,0.05957920586081217
M1,ASIA,30,3.5,633,107592.99999999959,1.3583685840855322,27.804107424960506,13.50186242300968,27,0.12775891794207422,422,97416.99999999956,1.496329130047123,27.72511848341232,9.815018345062294,16,0.15986783598950335,-211,-10176.00000000003,0.1379605459615909,-0.07898894154818592,-3.686844077947386,-11,0.03210891804742913
M1,ASIA,30,4.0,630,120425.00000000015,1.3972783505154636,26.50793650793651,12.535139621429266,27,0.1521989377487851,419,105264.99999999953,1.531574296174721,26.014319809069214,9.303410386648867,16,0.16483307907847652,-211,-15160.000000000611,0.1342959456592574,-0.49361669886729587,-3.231729234780399,-11,0.012634141329691428
M1,ASIA,30,4.5,624,134511.99999999977,1.4433487145682253,25.48076923076923,12.389404953112411,27,0.16690096858073514,416,119716.99999999933,1.603610053697023,25.0,8.989563092209522,16,0.18258939166850008,-208,-14795.000000000437,0.1602613391287977,-0.48076923076922995,-3.399841860902889,-11,0.01568842308776494
M1,ASIA,30,5.0,619,124479.99999999997,1.4097972083223589,24.717285945072696,12.951362212634935,27,0.17315364239202108,414,111724.99999999945,1.562152506981303,24.396135265700483,9.307752138968251,16,0.20060927169646942,-205,-12755.000000000524,0.15235529865894404,-0.321150679372213,-3.643610073666684,-11,0.027455629304448337
M1,ASIA,60,1.0,552,54720.00000000108,1.224552188275852,53.62318840579711,14.24930907002616,6,0.08127125859126805,356,43900.00000000061,1.2710964275789707,54.49438202247191,12.168859414554174,8,0.10163231948834253,-196,-10820.000000000466,0.04654423930311857,0.8711936166748018,-2.080449655471986,2,0.020361060897074484
M1,ASIA,60,1.5,497,60813.00000000038,1.232852794210559,43.86317907444668,17.728852051050033,10,0.08224671422692163,324,51181.00000000058,1.2899116347569997,44.44444444444444,14.460120627900643,10,0.10967731490925174,-173,-9631.999999999796,0.057058840546440726,0.5812653699977659,-3.26873142314939,0,0.02743060068233011
M1,ASIA,60,2.0,478,89119.99999999974,1.3312641712820132,38.912133891213394,14.02688486265338,18,0.11991396372197285,314,77054.99999999942,1.4212382123821217,39.490445859872615,13.05422299752885,12,0.1466169243561251,-164,-12065.00000000032,0.08997404110010843,0.5783119686592215,-0.9726618651245307,-6,0.026702960634152256
M1,ASIA,60,2.5,463,69074.00000000023,1.2517824597215155,35.20518358531318,17.900221209489747,18,0.1172578603953495,303,54439.999999999854,1.2917626882469593,35.31353135313531,15.09289813946916,12,0.12333276549720293,-160,-14634.000000000378,0.039980228525443806,0.1083477678221314,-2.807323070020587,-6,0.006074905101853434
M1,ASIA,60,3.0,456,90710.00000000035,1.3285998913240376,33.55263157894737,14.847812205430403,18,0.14978563397905725,297,77160.00000000012,1.4142151599742339,34.00673400673401,12.75550674232703,12,0.1859224091272579,-159,-13550.000000000233,0.08561526865019631,0.454102427786637,-2.092305463103372,-6,0.036136775148200656
M1,ASIA,60,3.5,456,107279.00000000035,1.3846159361835644,32.45614035087719,13.79426607500224,25,0.17861146401463576,297,88450.00000000012,1.4685968583613702,32.659932659932664,13.11684931902945,12,0.21015269356657418,-159,-18829.000000000233,0.08398092217780584,0.20379230905547274,-0.6774167559727893,-13,0.031541229551938416
M1,ASIA,60,4.0,453,118065.00000000029,1.4193766095373441,31.125827814569533,19.33736423080062,25,0.18852263109939899,297,101885.00000000041,1.5330246671375176,30.976430976430976,14.621646065721952,12,0.21213049643912052,-156,-16179.999999999884,0.11364805760017349,-0.1493968381385571,-4.715718165078668,-13,0.023607865339721534
M1,ASIA,60,4.5,450,124098.0000000002,1.4405324813631544,30.444444444444446,20.80613053064176,25,0.18226246664513462,294,102318.00000000017,1.5348003345180872,29.931972789115648,16.29587681687013,15,0.17376800219319663,-156,-21780.00000000003,0.0942678531549328,-0.5124716553287989,-4.510253713771629,-10,-0.008494464451937994
M1,ASIA,60,5.0,447,114359.99999999997,1.4060646948123432,29.977628635346754,22.346111845508158,27,0.18965131892308174,293,92469.99999999991,1.4837562123986405,29.692832764505116,17.62784049473458,15,0.18385310267771168,-154,-21890.00000000006,0.07769151758629733,-0.2847958708416378,-4.718271350773577,-12,-0.0057982162453700525
M1,LONDON,15,1.0,894,-29660.00000000061,0.9034127914549932,48.88143176733781,39.53330422548979,10,-0.021399001438863176,627,-21935.000000000713,0.897843703427717,49.760765550239235,31.402187120291348,8,-0.005537317302344151,-267,7724.999999999898,-0.005569088027276181,0.8793337829014263,-8.131117105198445,-2,0.015861684136519026
M1,LONDON,15,1.5,833,-19942.99999999949,0.9401093125919715,39.73589435774309,34.33187351614157,10,-0.013852076176614526,581,-22352.999999998952,0.9047349130583063,39.41480206540447,31.948363566560328,10,-0.020149801319224434,-252,-2409.9999999994616,-0.03537439953366517,-0.32109229233861925,-2.383509949581242,0,-0.006297725142609907
M1,LONDON,15,2.0,796,-27694.999999999403,0.9205183027450548,33.165829145728644,42.57318224740328,14,-0.03077361745889986,553,-40214.999999998756,0.8363281170509397,32.368896925858955,49.63319359756012,14,-0.05509813708079302,-243,-12519.999999999352,-0.08419018569411507,-0.7969322198696887,7.060011350156842,0,-0.024324519621893165
M1,LONDON,15,2.5,771,-36279.999999999796,0.898742656191128,28.14526588845655,51.15543432965899,14,-0.05717042390410933,536,-50195.999999999025,0.8017026487842486,27.05223880597015,60.014639596254625,14,-0.10152760015976849,-235,-13915.999999999229,-0.09704000740687946,-1.093027082486401,8.859205266595637,0,-0.04435717625565916
M1,LONDON,15,3.0,754,-39854.99999999997,0.890517265060572,24.93368700265252,58.81342556055939,14,-0.0674330886484694,523,-54684.99999999939,0.7865326437005974,24.091778202676863,66.33233032430589,17,-0.1094645960896073,-231,-14829.999999999418,-0.10398462135997466,-0.8419087999756556,7.518904763746498,3,-0.0420315074411379
M1,LONDON,15,3.5,741,-35712.99999999997,0.9027158812312724,22.807017543859647,60.07032974554695,15,-0.06866638015817642,515,-52123.99999999936,0.7979063275434265,22.330097087378643,62.91661793942198,20,-0.09772685663873357,-226,-16410.99999999939,-0.10480955368784595,-0.4769204564810039,2.846288193875033,5,-0.02906047648055715
M1,LONDON,15,4.0,735,-34059.9999999993,0.9084556254367593,20.952380952380953,58.02609650014238,23,-0.08342963069825905,510,-54949.999999999054,0.7898902611555111,20.392156862745097,64.15103556076531,23,-0.11769145496648475,-225,-20889.999999999753,-0.1185653642812482,-0.5602240896358559,6.124939060622928,0,-0.0342618242682257
M1,LONDON,15,4.5,732,-22103.999999999447,0.9407859840874404,20.081967213114755,55.33040879716208,23,-0.07440823686627177,508,-49371.999999998894,0.8119913939186265,19.488188976377952,59.99785422376488,23,-0.11395494043306378,-224,-27267.999999999447,-0.1287945901688139,-0.593778236736803,4.667445426602804,0,-0.03954670356679202
M1,LONDON,15,5.0,728,-22664.999999999913,0.9396244006393191,18.956043956043956,54.5561501385254,23,-0.09195970452172063,504,-55044.999999999156,0.7913104467992368,18.055555555555554,64.83587426130943,23,-0.1545676757384468,-224,-32379.999999999243,-0.14831395384008228,-0.9004884004884026,10.279724122784025,0,-0.06260797121672616
M1,LONDON,30,1.0,708,-25020.000000000917,0.9165499299579715,47.740112994350284,37.69369711949901,7,-0.041030496133814036,500,-35700.00000000074,0.8378525684698162,46.800000000000004,44.1330235259954,10,-0.06082899174636961,-208,-10679.999999999825,-0.07869736148815532,-0.9401129943502795,6.4393264064963915,3,-0.019798495612555575
M1,LONDON,30,1.5,650,-36307.00000000048,0.8885621767621729,37.69230769230769,48.98962735305502,11,-0.06020714861285348,460,-46397.0,0.8041163556531289,36.73913043478261,55.494328968504625,13,-0.07846129930476738,-190,-10089.99999999952,-0.08444582110904397,-0.9531772575250841,6.504701615449605,2,-0.018254150691913898
M1,LONDON,30,2.0,610,-38154.99999999981,0.8862182593525881,31.311475409836063,55.91126217159662,12,-0.09000884959115438,428,-63244.999999999505,0.741186340105991,29.205607476635514,72.74174869716225,15,-0.1503898270845655,-182,-25089.999999999694,-0.14503191924659709,-2.1058679332005497,16.830486525565632,3,-0.06038097749341112
M1,LONDON,30,2.5,589,-34794.00000000026,0.8978869519281554,27.504244482173174,57.49400479616351,16,-0.09440643164787003,417,-57193.99999999979,0.768726243429034,26.378896882494008,67.85593294164319,16,-0.13584223890299804,-172,-22399.999999999527,-0.12916070849912142,-1.1253475996791664,10.36192814547968,0,-0.04143580725512801
M1,LONDON,30,3.0,576,-44045.00000000015,0.8714052144462935,25.34722222222222,65.72016653412597,20,-0.09155188204147546,406,-63044.99999999985,0.7459092374657433,23.891625615763548,74.43616253907183,20,-0.1474575329224384,-170,-18999.999999999694,-0.12549597698055015,-1.4555966064586734,8.715996004945865,0,-0.05590565088096294
M1,LONDON,30,3.5,573,-39112.99999999988,0.8868274475195678,24.083769633507853,62.33635812577497,20,-0.0861195502676065,404,-58803.99999999971,0.7639483772554853,23.01980198019802,69.70611658981186,20,-0.13207459936145485,-169,-19690.999999999825,-0.12287907026408251,-1.063967653309831,7.3697584640368845,0,-0.04595504909384836
M1,LONDON,30,4.0,569,-31779.999999999854,0.9080971659919032,23.374340949033392,60.20353025936666,20,-0.06718831895132694,401,-48544.99999999959,0.8052318000361105,22.194513715710723,61.87964048456441,20,-0.11235807396493254,-168,-16764.999999999738,-0.10286536595579265,-1.1798272333226691,1.6761102251977533,0,-0.045169755013605595
M1,LONDON,30,4.5,565,-33833.999999999796,0.902287298561775,22.477876106194692,64.18871369610343,20,-0.062264401241356265,398,-50833.99999999945,0.7961135064674639,21.35678391959799,67.08281720912535,20,-0.10357196957682067,-167,-16999.99999999965,-0.1061737920943111,-1.1210921865967016,2.8941035130219177,0,-0.04130756833546441
M1,LONDON,30,5.0,562,-36144.99999999994,0.89593919590033,21.530249110320284,61.14614888017105,20,-0.0929693513127845,396,-50949.99999999959,0.7964727265464295,20.2020202020202,66.92655311118834,20,-0.12825206389452729,-166,-14804.99999999965,-0.09946646935390047,-1.3282289083000833,5.780404231017293,0,-0.03528271258174279
M1,LONDON,60,1.0,494,-32955.00000000013,0.881441908153903,46.963562753036435,50.80242950965389,8,-0.05814791444863024,340,-35769.99999999979,0.8148406967414661,46.470588235294116,50.11469033609216,9,-0.0694436340828384,-154,-2814.999999999658,-0.06660121141243691,-0.4929745177423186,-0.6877391735617309,1,-0.011295719634208168
M1,LONDON,60,1.5,450,-63237.99999999945,0.792764214320827,36.44444444444444,81.55614465458582,10,-0.10724952981335956,312,-42787.9999999992,0.7919731628461032,36.53846153846153,56.567999999999685,9,-0.1052182127119469,-138,20450.000000000247,-0.0007910514747238029,0.09401709401709013,-24.988144654586137,-1,0.0020313171014126608
M1,LONDON,60,2.0,427,-61374.99999999965,0.8016097490019889,31.85011709601874,78.07206036679818,12,-0.12371473349366915,292,-46089.999999999534,0.778114769882536,31.506849315068493,56.6499999999998,12,-0.13953448898207682,-135,15285.000000000116,-0.023494979119452863,-0.3432677809502458,-21.422060366798384,0,-0.015819755488407666
M1,LONDON,60,2.5,421,-44186.99999999987,0.8588815789473686,29.69121140142518,62.84480025364629,12,-0.10634083307236965,288,-38150.999999999694,0.8192238438210772,29.166666666666668,50.28199999999988,12,-0.1341752549016739,-133,6036.000000000175,-0.03965773512629145,-0.5245447347585106,-12.562800253646408,0,-0.02783442182930425
M1,LONDON,60,3.0,414,-41579.99999999969,0.8671565495207675,28.502415458937197,66.30157170923368,12,-0.08872566030483967,282,-34014.99999999959,0.8387303242935727,27.659574468085108,47.479999999999826,12,-0.1345310754251739,-132,7565.000000000095,-0.028426225227194735,-0.8428409908520891,-18.821571709233858,0,-0.04580541512033423
M1,LONDON,60,3.5,410,-50279.99999999971,0.8395609304700217,27.80487804878049,73.71599999999987,12,-0.11440257490783842,280,-32718.999999999534,0.8448233341237866,27.142857142857142,46.45200000000019,12,-0.13608605078394334,-130,17561.000000000175,0.005262403653764958,-0.6620209059233488,-27.263999999999676,0,-0.02168347587610492
M1,LONDON,60,4.0,409,-51564.999999999636,0.8356677342766552,27.383863080684595,75.01999999999991,12,-0.11234521820690482,279,-36424.999999999374,0.8275698833108502,26.523297491039425,49.6749999999996,16,-0.13966889917292696,-130,15140.000000000262,-0.008097850965804954,-0.8605655896451694,-25.34500000000031,4,-0.02732368096602214
M1,LONDON,60,4.5,408,-46623.999999999665,0.8513668170298235,27.205882352941174,70.27199999999968,12,-0.10191405994983954,278,-33855.99999999943,0.839655213242087,26.258992805755394,48.17500000000028,16,-0.1336295193734061,-130,12768.000000000233,-0.011711603787736502,-0.9468895471857799,-22.096999999999397,4,-0.03171545942356657
M1,LONDON,60,5.0,408,-42854.99999999975,0.8638962111347546,26.96078431372549,68.49999999999979,12,-0.08959830754329529,278,-24629.99999999949,0.8833503042932607,26.258992805755394,48.17500000000028,16,-0.09939348265658794,-130,18225.000000000262,0.019454093158506103,-0.7017915079700963,-20.324999999999505,4,-0.009795175113292656
M1,NEW_YORK,15,1.0,520,25364.999999999287,1.0891814921594813,53.07692307692308,17.598358335692268,7,0.05001621797898484,335,11109.99999999968,1.060437916496667,54.328358208955216,14.287533967391694,7,0.06522749660382669,-185,-14254.999999999607,-0.02874357566281427,1.2514351320321353,-3.3108243683005742,0,0.015211278624841854
M1,NEW_YORK,15,1.5,478,39373.000000000204,1.129429167830904,45.39748953974895,16.37105118996903,11,0.06881061924251794,307,22524.000000000233,1.1155343540817124,46.579804560260584,14.44724133124509,11,0.0872682323859523,-171,-16848.99999999997,-0.013894813749191659,1.1823150205116306,-1.9238098587239403,0,0.01845761314343436
M1,NEW_YORK,15,2.0,448,22854.999999999724,1.0727159924277365,39.0625,21.74649171360678,11,0.039790630139472725,287,-3149.9999999997526,0.9845383595935808,39.37282229965157,24.741266421661948,11,0.03266931836675516,-161,-26004.999999999476,-0.0881776328341557,0.3103222996515669,2.994774708055168,0,-0.007121311772717569
M1,NEW_YORK,15,2.5,428,-7654.99999999984,0.9760990383414523,35.280373831775705,36.46757764329349,11,0.016936545646979922,277,-12652.999999999418,0.9388093626076052,36.462093862815884,30.721674201945426,11,0.03014983051215852,-151,-4997.999999999578,-0.037289675733847116,1.1817200310401788,-5.745903441348062,0,0.013213284865178598
M1,NEW_YORK,15,3.0,423,1124.9999999996653,1.0034754402224277,33.09692671394799,31.31016712593499,12,0.03552014563376168,274,-2489.9999999996653,0.9881261772489943,33.941605839416056,27.82088587132262,11,0.04465557906559,-149,-3614.9999999993306,-0.01534926297343342,0.844679125468069,-3.4892812546123686,-1,0.009135433431828321
M1,NEW_YORK,15,3.5,418,14492.999999999927,1.0446721943100212,32.29665071770335,32.10231583510983,12,0.06703403685146733,270,1043.0000000004657,1.004956635380779,32.96296296296296,33.06143128562395,11,0.06586163744013537,-148,-13449.999999999462,-0.03971555892924217,0.6663122452596113,0.9591154505141191,-1,-0.0011723994113319591
M1,NEW_YORK,15,4.0,417,34990.00000000009,1.1078340729783038,31.894484412470025,32.97668420869218,12,0.11298194921801828,269,14075.000000000407,1.0670637284097695,32.71375464684015,35.11546184738968,11,0.12019192445274386,-148,-20914.99999999968,-0.040770344568534345,0.8192702343701264,2.138777638697505,-1,0.00720997523472558
M1,NEW_YORK,15,4.5,416,52734.00000000035,1.1624934520691468,31.73076923076923,31.016808672877538,12,0.15235957295913385,268,25278.00000000064,1.1204144337263333,32.46268656716418,33.718214736157,11,0.15763475499617058,-148,-27455.99999999971,-0.04207901834281347,0.7319173363949467,2.701406063279464,-1,0.005275182037036724
M1,NEW_YORK,15,5.0,412,41200.000000000175,1.126080636523603,30.097087378640776,30.957955165004453,12,0.08451936683430987,266,28585.000000000466,1.1354931980850376,31.203007518796994,32.394868139700755,11,0.12955493441851368,-146,-12614.999999999709,0.009412561561434662,1.1059201401562184,1.4369129746963019,-1,0.04503556758420381
M1,NEW_YORK,30,1.0,401,-11419.999999999622,0.9615462320695005,51.87032418952619,42.23714265937522,6,0.02103268286667764,263,-20614.99999999971,0.8948348424945808,52.47148288973384,39.52857984678804,6,0.029019256447628317,-138,-9195.000000000087,-0.06671138957491973,0.6011587002076553,-2.708562812587182,0,0.007986573580950677
M1,NEW_YORK,30,1.5,367,-23255.999999999724,0.9254388355428746,44.4141689373297,49.84540276647652,8,0.018147836830502685,238,-35760.99999999955,0.8267771077042328,43.69747899159664,48.929927225104365,8,-0.002609788523474188,-129,-12504.999999999825,-0.0986617278386418,-0.7166899457330587,-0.9154755413721531,0,-0.020757625353976874
M1,NEW_YORK,30,2.0,347,-45589.999999999534,0.8585259891388688,38.90489913544668,58.69812393405305,10,-0.024448437993422358,227,-39554.99999999949,0.8138719619791562,39.20704845814978,52.89342214820935,9,-0.026797863137824562,-120,6035.000000000044,-0.04465402715971256,0.30214932270309447,-5.804701785843697,-1,-0.002349425144402204
M1,NEW_YORK,30,2.5,341,-34832.99999999944,0.8925305442428746,37.5366568914956,56.72830222064894,10,0.015968827119386974,224,-27098.99999999917,0.8724842952262227,38.392857142857146,45.82865488351574,9,0.024740008334034398,-117,7734.000000000269,-0.020046249016651863,0.8562002513615425,-10.899647337133203,-1,0.008771181214647424
M1,NEW_YORK,30,3.0,339,-12859.999999999243,0.9605950575293799,36.283185840707965,48.92743194623527,10,0.04370354197498083,223,-11179.999999999141,0.9477374719521352,37.219730941704036,40.34458272601547,9,0.05762180341259309,-116,1680.0000000001019,-0.012857585577244701,0.9365451009960708,-8.5828492202198,-1,0.01391826143761226
M1,NEW_YORK,30,3.5,335,-3927.999999999389,0.9879846443265092,35.52238805970149,47.98334977971111,10,0.055436879991288775,219,-9406.999999999229,0.9561404326743786,36.07305936073059,43.95471627060386,9,0.05877486322429919,-116,-5478.99999999984,-0.03184421165213058,0.550671301029098,-4.028633509107252,-1,0.0033379832330104123
M1,NEW_YORK,30,4.0,334,18715.000000000175,1.0572472966979194,35.32934131736527,43.70038872374488,10,0.09389211399328157,218,3910.0000000005384,1.0182301380082082,35.77981651376147,40.69067363398835,9,0.09042156104695469,-116,-14804.999999999636,-0.03901715868971123,0.45047519639619793,-3.009715089756533,-1,-0.0034705529463268797
M1,NEW_YORK,30,4.5,333,22432.00000000035,1.0684664336838265,34.83483483483483,42.68303768537527,10,0.08632612304486242,217,1918.000000000713,1.0089404745257105,35.483870967741936,40.052800448570046,9,0.07648903375733321,-116,-20513.999999999636,-0.05952595915811609,0.6490361329071064,-2.630237236805222,-1,-0.009837089287529216
M1,NEW_YORK,30,5.0,332,33035.00000000061,1.1008286660460598,34.63855421686747,39.93507497294783,10,0.1040742665810727,217,7655.000000000713,1.0356826551065155,35.483870967741936,37.38406568344216,9,0.09790272181215999,-115,-25379.999999999898,-0.06514601093954431,0.845316750874467,-2.5510092895056715,-1,-0.006171544768912712
M1,NEW_YORK,60,1.0,242,-5919.999999999927,0.9714051103704783,51.2396694214876,38.52973936288714,6,0.01657826700747384,164,-34719.99999999937,0.7746113148755263,49.390243902439025,48.414397371434085,6,-0.03534529557474773,-78,-28799.99999999944,-0.19679379549495202,-1.849425519048573,9.884658008546943,0,-0.05192356258222157
M1,NEW_YORK,60,1.5,228,-4347.000000000189,0.9796778943923696,46.05263157894737,39.43735021640381,6,0.023915566210054372,154,-36957.99999999975,0.7680630079387495,44.15584415584416,55.325189178495336,6,-0.04433813110423674,-74,-32610.999999999563,-0.21161488645362014,-1.8967874231032127,15.887838962091529,0,-0.06825369731429111
M1,NEW_YORK,60,2.0,221,-3575.000000000029,0.9836470507513205,42.081447963800905,40.100113574222824,8,0.016950164631504318,150,-34739.99999999948,0.7857275026213555,40.666666666666664,50.95702062416528,6,-0.04467302588124375,-71,-31164.999999999454,-0.19791954812996504,-1.4147812971342404,10.856907049942457,-2,-0.06162319051274807
M1,NEW_YORK,60,2.5,217,6666.999999999913,1.0304965350044595,41.013824884792626,38.785695138680964,8,0.02725354967685259,146,-38218.99999999954,0.7642694134336661,39.04109589041096,53.65151590088523,6,-0.07036720962932987,-71,-44885.999999999454,-0.2662271215707934,-1.9727289943816686,14.865820762204265,-2,-0.09762075930618246
M1,NEW_YORK,60,3.0,215,11900.00000000003,1.0544335933032956,40.93023255813954,33.78298250815301,8,0.03701367717591374,146,-37189.999999999614,0.770616172207489,39.04109589041096,49.779909985656914,6,-0.04941228263088631,-69,-49089.99999999964,-0.28381742109580654,-1.8891366677285788,15.996927477503903,-2,-0.08642595980680004
M1,NEW_YORK,60,3.5,215,20384.999999999913,1.0932461176040067,40.93023255813954,31.810676940011074,8,0.054483796903553525,146,-38083.99999999944,0.7651020785789205,39.04109589041096,48.61862604480917,6,-0.048327953776503285,-69,-58468.99999999935,-0.32814403902508615,-1.8891366677285788,16.807949104798094,-2,-0.10281175068005681
M1,NEW_YORK,60,4.0,215,11234.999999999942,1.0513917160304644,40.93023255813954,34.34484967372593,8,0.07291554672986444,146,-32929.999999999476,0.796891383457721,39.04109589041096,45.26930115238137,6,-0.025301848981201667,-69,-44164.99999999942,-0.2545003325727434,-1.8891366677285788,10.924451478655435,-2,-0.09821739571106611
M1,NEW_YORK,60,4.5,215,12215.999999999884,1.0557083247828165,40.46511627906977,33.02686963952276,8,0.06340261587819239,146,-28896.999999999447,0.8217664836859331,39.04109589041096,42.15617704136411,6,-0.008436490363280886,-69,-41112.99999999933,-0.23394184109688343,-1.4240203886588105,9.129307401841352,-2,-0.07183910624147327
M1,NEW_YORK,60,5.0,215,18010.000000000116,1.082130560685866,40.46511627906977,31.73076923076919,8,0.08052183472295917,146,-24519.99999999936,0.8487633380620518,39.04109589041096,39.73021495463143,6,0.009926000025858164,-69,-42529.999999999476,-0.23336722262381415,-1.4240203886588105,7.999445723862237,-2,-0.070595834697101
M5,ASIA,15,1.0,592,26414.99999999955,1.1195275911219695,50.8445945945946,14.79384096971975,7,0.019916483163946952,412,14199.99999999904,1.090515043345225,50.48543689320388,11.362092391304458,5,0.012148672790323528,-180,-12215.00000000051,-0.029012547776744446,-0.3591577013907141,-3.4317485784152915,-2,-0.007767810373623424
M5,ASIA,15,1.5,579,46823.99999999997,1.185857463234564,42.832469775474955,16.71691024877457,12,0.060509264977133596,404,19873.999999999243,1.1098921758363245,41.83168316831683,13.2388869895854,12,0.03827336568322027,-175,-26950.000000000728,-0.07596528739823949,-1.0007866071581262,-3.4780232591891718,0,-0.022235899293913328
M5,ASIA,15,2.0,565,9230.000000000407,1.033314083592003,35.92920353982301,26.36805039149628,12,0.04287175248416445,397,5414.999999999767,1.0276494166304975,36.02015113350126,16.37148251371061,14,0.05255566407169765,-168,-3815.0000000006403,-0.005664666961505471,0.09094759367825134,-9.996567877785669,2,0.009683911587533199
M5,ASIA,15,2.5,558,1508.0000000002183,1.0051859621369748,31.36200716845878,30.692040928444158,16,0.029642809652192566,391,-8234.000000000407,0.960455287676494,30.179028132992325,25.167379416713775,16,0.011946038406770955,-167,-9742.000000000626,-0.044730674460480735,-1.182979035466456,-5.524661511730383,0,-0.017696771245421614
M5,ASIA,15,3.0,551,14784.999999999767,1.0503130742530453,28.85662431941924,27.29581387728357,20,0.047886722666954526,387,6604.999999999593,1.0314546277115018,27.906976744186046,19.196137283048614,18,0.04202648297566662,-164,-8180.000000000175,-0.01885844654154356,-0.9496475752331932,-8.099676594234957,-2,-0.005860239691287905
M5,ASIA,15,3.5,549,34571.00000000009,1.1167505318969309,27.686703096539162,19.880905481984374,20,0.0893383080458556,385,17658.999999999476,1.0832049379225839,26.233766233766232,15.068732816795732,18,0.0694699360232283,-164,-16912.00000000061,-0.03354559397434698,-1.4529368627729298,-4.812172665188642,-2,-0.019868372022627298
M5,ASIA,15,4.0,547,51759.999999999825,1.1735922460341415,26.691042047531994,18.669387160242024,20,0.12920560450056745,385,34819.99999999974,1.1632672199559229,25.454545454545453,14.184512661835507,18,0.12174098847178387,-162,-16940.000000000087,-0.010325026078218613,-1.2364965929865406,-4.484874498406517,-2,-0.00746461602878358
M5,ASIA,15,4.5,545,67341.99999999991,1.2254163249594134,25.871559633027523,21.046848749920297,20,0.15608069240631428,384,48013.999999999476,1.2247793825050886,24.739583333333336,14.319826052579716,18,0.1619676273258935,-161,-19328.000000000437,-0.0006369424543248847,-1.1319762996941876,-6.727022697340582,-2,0.005886934919579229
M5,ASIA,15,5.0,545,62730.000000000175,1.20935122146576,25.321100917431195,22.841414674609826,20,0.16282536893227073,384,52180.00000000003,1.2436041083099905,24.21875,14.653248228061416,18,0.17312706136676334,-161,-10550.000000000146,0.034252886844230446,-1.1023509174311954,-8.18816644654841,-2,0.01030169243449261
M5,ASIA,30,1.0,513,76289.99999999927,1.390940070204202,54.58089668615984,10.799245387199347,8,0.09321883709631867,360,59174.9999999993,1.44400675295441,56.388888888888886,7.020226593452462,6,0.13188937332017114,-153,-17114.99999999997,0.05306668275020798,1.8079922027290465,-3.779018793746885,-2,0.03867053622385247
M5,ASIA,30,1.5,496,105654.99999999924,1.4790740908678655,45.36290322580645,12.994129158513074,8,0.12013174593934328,343,72507.99999999907,1.4793125103288642,45.481049562682216,7.146581212884202,7,0.13402011048472154,-153,-33147.000000000175,0.00023841946099878442,0.11814633687576759,-5.847547945628872,-1,0.013888364545378257
M5,ASIA,30,2.0,482,91164.99999999965,1.3837960721577853,39.62655601659751,11.25015260651956,8,0.139161851243993,334,54579.99999999956,1.3301475925477821,39.221556886227546,10.711228298462505,11,0.14686501644016242,-148,-36585.00000000009,-0.053648479610003186,-0.4049991303699656,-0.5389243080570552,3,0.007703165196169426
M5,ASIA,30,2.5,472,83578.99999999924,1.3360500180933585,34.95762711864407,14.418802669638739,19,0.1270960703803646,325,52337.9999999991,1.3001892744479444,33.84615384615385,11.35598514559409,12,0.12327679505175074,-147,-31241.000000000146,-0.03586074364541414,-1.1114732724902225,-3.0628175240446485,-7,-0.003819275328613869
M5,ASIA,30,3.0,466,99329.99999999971,1.3932381876125792,32.83261802575107,14.947915112079727,23,0.16159806978978353,322,70029.9999999995,1.3979655623117535,31.987577639751553,10.644458180162049,12,0.17326352741854678,-144,-29300.000000000204,0.0047273746991742804,-0.8450403859995141,-4.303456931917678,-11,0.011665457628763254
M5,ASIA,30,3.5,464,115574.9999999993,1.4510683969167681,31.03448275862069,13.4874551585209,23,0.1726673477022806,321,76547.99999999895,1.4262138084632436,29.595015576323984,9.886689832301,12,0.15918947883213216,-143,-39027.00000000035,-0.024854588453524507,-1.4394671822967062,-3.6007653262199,-11,-0.01347786887014843
M5,ASIA,30,4.0,462,130139.99999999953,1.5057122872464412,30.08658008658009,12.753711768151568,23,0.20138294475458346,320,85959.99999999945,1.4763118523854328,28.749999999999996,9.521315291721288,12,0.195603948524405,-142,-44180.00000000009,-0.029400434861008407,-1.336580086580092,-3.2323964764302797,-11,-0.005778996230178468
M5,ASIA,30,4.5,461,144032.9999999998,1.5565739899916904,29.50108459869848,12.750789286078199,23,0.2380785551738959,320,95624.99999999956,1.527266210851341,28.4375,10.146402291616434,13,0.24498680722205232,-141,-48408.00000000023,-0.02930777914034932,-1.0635845986984798,-2.6043869944617644,-10,0.006908252048156427
M5,ASIA,30,5.0,459,132769.99999999965,1.5129027273429627,28.9760348583878,13.339015555082218,23,0.2382678910986108,319,100644.99999999962,1.5545942967350834,27.89968652037618,9.745212134907655,13,0.25158895658917646,-140,-32125.00000000003,0.04169156939212071,-1.0763483380116199,-3.593803420174563,-10,0.013321065490565664
M5,ASIA,60,1.0,400,78359.99999999959,1.404574437875931,55.50000000000001,11.182641869337253,6,0.11226185783407704,260,44194.999999999534,1.3243669724770597,55.00000000000001,13.91779487001038,8,0.10953695465364036,-140,-34165.00000000006,-0.08020746539887136,-0.5,2.7351530006731277,2,-0.0027249031804366802
M5,ASIA,60,1.5,382,83328.99999999997,1.3749420684379854,45.0261780104712,14.094627990115105,14,0.08196757333964523,247,52162.000000000466,1.3382201329226797,44.12955465587044,13.504804686004451,11,0.07765137746980187,-135,-31166.999999999505,-0.03672193551530567,-0.8966233546007558,-0.589823304110654,-3,-0.004316195869843359
M5,ASIA,60,2.0,375,111485.00000000017,1.4930019678510635,42.4,12.746500603102556,14,0.1757294339699254,244,67765.0,1.434488507036835,42.21311475409836,12.19091792284309,11,0.18705195897651694,-131,-43720.000000000175,-0.05851346081422859,-0.18688524590163524,-0.5555826802594659,-3,0.011322525006591533
M5,ASIA,60,2.5,365,97002.00000000038,1.4180399931046388,38.35616438356164,15.058805442385895,14,0.14885994729048008,239,65112.00000000035,1.4049631495475339,38.07531380753138,12.770973230637358,11,0.1776326174608668,-126,-31890.00000000003,-0.013076843557104922,-0.28085057603026087,-2.287832211748537,-3,0.028772670170386733
M5,ASIA,60,3.0,364,111600.00000000009,1.4725009526228898,36.81318681318682,16.797997589691168,22,0.17361439795546182,239,82685.00000000015,1.5091440886699519,37.238493723849366,11.56624330343706,11,0.2404074995186479,-125,-28914.99999999994,0.03664313604706204,0.4253069106625489,-5.231754286254107,-11,0.06679310156318607
M5,ASIA,60,3.5,363,133123.99999999983,1.562832681534721,36.36363636363637,17.230323958327116,22,0.22257546527221023,239,97108.9999999998,1.5938480354685813,36.40167364016737,12.213200890734838,11,0.29229315456921917,-124,-36015.00000000003,0.031015353933860235,0.038037276530999975,-5.017123067592278,-11,0.06971768929700894
M5,ASIA,60,4.0,361,149780.0000000003,1.6289313457904695,35.18005540166205,18.270680891470604,22,0.2347826836587705,238,108680.00000000055,1.6584272385799128,34.87394957983193,13.766311684415719,11,0.29757487536920235,-123,-41099.99999999974,0.029495892789443312,-0.3061058218301227,-4.504369207054886,-11,0.06279219171043185
M5,ASIA,60,4.5,361,133364.9999999997,1.558561765752936,34.903047091412745,18.723418869954845,22,0.20931191999925683,238,88818.99999999977,1.5381012964982415,34.87394957983193,14.330504081492403,11,0.26229477985152955,-123,-44545.99999999994,-0.02046046925469458,-0.029097511580815194,-4.392914788462441,-11,0.05298285985227272
M5,ASIA,60,5.0,361,129554.99999999959,1.5426046531107986,34.903047091412745,19.89114901638835,22,0.23617661723689282,238,97824.9999999998,1.5926632739609825,34.87394957983193,14.181964274677009,11,0.3012391451158877,-123,-31729.999999999796,0.050058620850183866,-0.029097511580815194,-5.709184741711342,-11,0.06506252787899486
M5,LONDON,15,1.0,617,-21134.999999998603,0.9188161407417424,46.83954619124797,34.64551697456233,9,-0.05460938549647075,436,-38224.9999999991,0.8037529520484691,45.87155963302752,45.823829167677054,10,-0.07617546749300284,-181,-17090.000000000495,-0.11506318869327337,-0.9679865582204457,11.178312193114728,1,-0.021566081996532094
M5,LONDON,15,1.5,591,-21382.99999999898,0.9258474502800307,37.22504230118444,39.826559914801095,11,-0.07650143230142557,418,-48108.99999999943,0.7766371845764576,35.88516746411483,60.19424959531291,11,-0.11072921293969243,-173,-26726.00000000045,-0.1492102657035731,-1.3398748370696083,20.367689680511816,0,-0.034227780638266855
M5,LONDON,15,2.0,574,-51824.99999999849,0.8322896946750196,29.965156794425084,65.49995178864066,15,-0.13620338630191087,406,-66474.99999999904,0.7112105480374514,28.32512315270936,75.17383214180708,15,-0.18872418691324583,-168,-14650.000000000553,-0.12107914663756814,-1.6400336417157249,9.673880353166425,0,-0.05252080061133496
M5,LONDON,15,2.5,567,-49640.99999999841,0.8440923366834217,26.278659611992943,65.9913681732481,15,-0.1496731826229053,402,-61712.999999999214,0.7385873133538097,24.62686567164179,70.00304198926402,15,-0.20656056488283045,-165,-12072.000000000808,-0.10550502332961198,-1.6517939403511512,4.011673816015914,0,-0.05688738225992515
M5,LONDON,15,3.0,563,-61209.99999999831,0.8118901642619017,23.623445825932503,79.09195344887755,16,-0.1737847376061829,399,-69169.99999999885,0.7116234470107606,22.55639097744361,80.7951650766685,15,-0.21874330700404193,-164,-7960.000000000538,-0.10026671725114111,-1.067054848488894,1.7032116277909495,-1,-0.04495856939785903
M5,LONDON,15,3.5,557,-72914.99999999897,0.779413099379824,21.005385996409338,86.28939613405883,20,-0.21764872001281588,395,-75539.99999999927,0.689174176027653,20.253164556962027,81.12881474451771,17,-0.249902081560578,-162,-2625.0000000003056,-0.09023892335217099,-0.752221439447311,-5.160581389541122,-3,-0.03225336154776212
M5,LONDON,15,4.0,556,-69174.99999999865,0.7917325264568219,20.323741007194247,83.04267342166722,20,-0.2052742758762934,395,-67979.99999999907,0.7207640172520055,20.0,74.50676789371082,17,-0.2186589161811803,-161,1194.999999999578,-0.07096850920481645,-0.32374100719424703,-8.535905527956402,-3,-0.013384640304886897
M5,LONDON,15,4.5,556,-69516.99999999859,0.7918434566496523,19.784172661870503,84.34698024712684,20,-0.193680568236254,395,-71168.99999999907,0.70983406042321,19.240506329113924,77.86124569202258,17,-0.21211816765766908,-161,-1652.0000000004802,-0.08200939622644232,-0.5436663327565796,-6.4857345551042584,-3,-0.01843759942141507
M5,LONDON,15,5.0,554,-67479.99999999866,0.7986302800614765,18.95306859205776,83.18265820887984,20,-0.2030310801495542,394,-70049.99999999914,0.7157177062619239,18.274111675126903,78.07801808101414,17,-0.2309940491884347,-160,-2570.00000000048,-0.08291257379955264,-0.6789569169308578,-5.104640127865707,-3,-0.027962969038880486
M5,LONDON,30,1.0,508,-13074.999999999593,0.9490104319001678,46.8503937007874,34.02407912992898,9,-0.048036144814241594,360,-30254.999999999403,0.8416217348060543,45.83333333333333,44.02833026098759,10,-0.07411744427823337,-148,-17179.99999999981,-0.10738869709411347,-1.0170603674540715,10.00425113105861,1,-0.026081299463991778
M5,LONDON,30,1.5,482,-15922.99999999965,0.9435824755965789,37.136929460580916,39.83330036040872,9,-0.07880121538020264,342,-50221.9999999996,0.763966631418166,35.08771929824561,64.51818199620087,12,-0.13552294323065495,-140,-34298.99999999995,-0.17961584417841292,-2.0492101623353065,24.684881635792145,3,-0.056721727850452305
M5,LONDON,30,2.0,465,-49769.99999999956,0.8323790920113178,30.967741935483872,66.42037721174398,13,-0.1204954826133089,328,-68194.99999999927,0.6952655450544076,28.04878048780488,78.52926709296541,13,-0.2130365485092564,-137,-18424.99999999971,-0.13711354695691014,-2.918961447678992,12.10888988122143,0,-0.0925410658959475
M5,LONDON,30,2.5,461,-49260.99999999972,0.8382870461558671,27.9826464208243,68.18668001216794,16,-0.1265258687355493,327,-55122.999999999694,0.7569425459676361,26.299694189602445,67.46935931780904,16,-0.1888451029101237,-134,-5861.999999999971,-0.08134450018823103,-1.6829522312218543,-0.7173206943589037,0,-0.06231923417457441
M5,LONDON,30,3.0,455,-48649.99999999994,0.840984490676429,26.593406593406595,71.43998801258692,16,-0.12011635414610711,322,-58379.99999999979,0.743367694573269,24.84472049689441,71.71469956545603,16,-0.1905753510480818,-133,-9729.999999999847,-0.09761679610315999,-1.7486860965121842,0.27471155286910687,0,-0.07045899690197469
M5,LONDON,30,3.5,451,-47951.999999999636,0.8439824304538813,25.277161862527713,68.14644623145682,16,-0.12059563288062146,319,-56142.99999999926,0.754071575627494,23.510971786833856,67.80580390589813,16,-0.18745597256863566,-132,-8190.999999999622,-0.08991085482638728,-1.7661900756938564,-0.3406423255586901,0,-0.0668603396880142
M5,LONDON,30,4.0,450,-47399.999999999665,0.8458336043713014,24.88888888888889,67.733879426602,16,-0.101466119163745,319,-58649.999999999534,0.7435617157098524,23.197492163009404,70.19129913590679,16,-0.1736886462927666,-131,-11249.999999999869,-0.10227188866144898,-1.6913967258794855,2.457419709304787,0,-0.0722225271290216
M5,LONDON,30,4.5,449,-51124.99999999956,0.834872904621945,24.053452115812917,73.72159232805554,16,-0.11012446544420808,319,-58193.999999999476,0.7473944655453085,22.570532915360502,71.22121772139204,16,-0.17152047736276282,-130,-7068.999999999913,-0.08747843907663644,-1.4829192004524145,-2.500374606663499,0,-0.061396011918554746
M5,LONDON,30,5.0,449,-43369.99999999981,0.8603018150778703,23.608017817371937,69.10743719094967,16,-0.09999613620255338,319,-52929.999999999694,0.7710838162788696,21.9435736677116,67.44917836271875,16,-0.16834441514725546,-130,-9559.999999999884,-0.08921799879900072,-1.664444149660337,-1.6582588282309132,0,-0.06834827894470208
M5,LONDON,60,1.0,383,-17594.99999999952,0.9275329489291612,44.64751958224543,37.9291327726454,7,-0.08460717978842049,257,-22074.999999999418,0.8646784772880551,43.57976653696498,32.04499999999952,9,-0.10528967972378032,-126,-4479.999999999898,-0.06285447164110602,-1.0677530452804476,-5.884132772645884,2,-0.020682499935359838
M5,LONDON,60,1.5,359,-42093.99999999898,0.8439344505413056,35.37604456824512,59.891999999999314,9,-0.13057877182335315,243,-28035.999999999098,0.8405867970660191,34.5679012345679,40.513999999999314,11,-0.1437455982104677,-116,14057.999999999884,-0.0033476534752864273,-0.8081433336772221,-19.378,2,-0.013166826387114555
M5,LONDON,60,2.0,351,-62764.99999999901,0.7768633236752791,30.1994301994302,77.84499999999906,11,-0.17295843187439722,236,-44779.99999999913,0.7590529997309691,28.8135593220339,56.22499999999913,11,-0.2159335843085905,-115,17984.999999999884,-0.017810323944310036,-1.3858708773963002,-21.619999999999933,0,-0.04297515243419328
M5,LONDON,60,2.5,349,-52982.999999998894,0.8130220740034969,28.653295128939828,71.65399999999921,11,-0.16660875590145885,236,-35914.99999999901,0.8088916085776662,27.54237288135593,48.873999999999256,13,-0.20458337848745087,-113,17067.999999999884,-0.004130465425830732,-1.110922247583897,-22.77999999999996,2,-0.03797462258599202
M5,LONDON,60,3.0,349,-45139.99999999908,0.8409611387097936,28.36676217765043,65.66999999999922,11,-0.14733570876038196,236,-31909.999999999214,0.8306218317895943,27.11864406779661,44.649999999999274,13,-0.19892140714002357,-113,13229.999999999869,-0.010339306920199354,-1.24811810985382,-21.019999999999946,2,-0.05158569837964161
M5,LONDON,60,3.5,346,-42240.99999999926,0.8509912515874156,27.74566473988439,60.32699999999927,11,-0.15511284598294808,234,-25902.999999999272,0.8623681623761356,26.495726495726498,43.11699999999959,17,-0.1999262901839581,-112,16337.999999999985,0.01137691078871994,-1.2499382441578923,-17.20999999999968,6,-0.04481344420101002
M5,LONDON,60,4.0,346,-42379.999999998894,0.8505009171722907,27.74566473988439,63.47999999999939,11,-0.14783578756839083,234,-27994.999999998894,0.8512526234690941,26.495726495726498,42.41999999999956,17,-0.19569291697610225,-112,14385.0,0.0007517062968034338,-1.2499382441578923,-21.05999999999983,6,-0.04785712940771142
M5,LONDON,60,4.5,346,-37708.99999999898,0.8671680433978582,27.45664739884393,57.423999999999786,11,-0.14951951862940943,234,-25973.999999999098,0.8622872594242128,26.06837606837607,42.13499999999991,17,-0.20899600869227258,-112,11734.999999999884,-0.004880783973645442,-1.3882713304678589,-15.288999999999874,6,-0.05947649006286315
M5,LONDON,60,5.0,346,-39129.99999999907,0.8627354684814287,27.167630057803464,62.4049999999998,11,-0.1554176807241159,234,-21594.99999999914,0.8855044801442169,26.06837606837607,42.13499999999991,17,-0.19561979107879973,-112,17534.999999999927,0.02276901166278822,-1.0992539894273925,-20.26999999999989,6,-0.04020211035468382
M5,NEW_YORK,15,1.0,399,35539.999999998836,1.1515435783728407,52.130325814536334,16.077544223458425,7,0.028728252253931618,260,18834.999999999345,1.1250041480006592,52.69230769230769,10.84194865143229,6,0.025585900810594718,-139,-16704.99999999949,-0.02653943037218154,0.561981877771359,-5.235595572026135,-1,-0.0031423514433369
M5,NEW_YORK,15,1.5,372,50758.9999999986,1.2030888030887963,45.69892473118279,16.418062414091782,7,0.0579982263451202,242,15235.9999999992,1.0922946450205904,45.04132231404959,16.401948885722874,6,0.025371855230593505,-130,-35522.9999999994,-0.11079415806820592,-0.6576024171332051,-0.016113528368908447,-1,-0.032626371114526695
M5,NEW_YORK,15,2.0,361,48009.99999999913,1.1810946399607674,40.16620498614959,18.66847365746264,9,0.0260869291827507,235,9569.999999999593,1.0554653993276895,40.0,17.817401796487566,14,-0.006832246890965772,-126,-38439.999999999534,-0.1256292406330779,-0.16620498614958734,-0.8510718609750754,5,-0.03291917607371647
M5,NEW_YORK,15,2.5,354,44223.99999999904,1.1644473366180121,37.570621468926554,16.994210847044723,9,0.038049646600096895,233,15522.999999999418,1.088324324324321,38.197424892703864,18.716555043247123,14,0.030326700224104993,-121,-28700.99999999962,-0.07612301229369112,0.6268034237773108,1.7223441962023998,5,-0.007722946375991902
M5,NEW_YORK,15,3.0,353,33209.99999999892,1.1215993555710106,36.26062322946176,17.984709863391707,9,0.040801800678396845,233,8279.9999999992,1.046175724284077,36.9098712446352,24.159385755891037,14,0.03138160784268611,-120,-24929.999999999724,-0.07542363128693363,0.6492480151734412,6.17467589249933,5,-0.009420192835710738
M5,NEW_YORK,15,3.5,349,23806.999999998938,1.086629186907552,35.24355300859599,28.404710515354743,9,0.021464486917395328,230,2255.9999999995634,1.0124517054862545,35.21739130434783,28.150208623087664,14,-0.004360509096258189,-119,-21550.999999999374,-0.07417748142129743,-0.026161704248160333,-0.2545018922670792,5,-0.02582499601365352
M5,NEW_YORK,15,4.0,349,39629.9999999991,1.1435349511046684,34.67048710601719,26.686683789747967,10,0.04301383850562713,230,11914.999999999418,1.0655084256535698,34.78260869565217,26.939419159840583,15,0.02176666707678637,-119,-27714.99999999968,-0.07802652545109856,0.11212158963498098,0.2527353700926156,5,-0.02124717142884076
M5,NEW_YORK,15,4.5,347,51575.999999998865,1.1867139702421854,34.5821325648415,25.11548983620195,10,0.05855107393808646,228,16129.999999999272,1.0886190698568763,34.64912280701755,25.784586417904137,15,0.020570180544345097,-119,-35445.99999999959,-0.0980949003853091,0.06699024217604688,0.6690965817021883,5,-0.03798089339374136
M5,NEW_YORK,15,5.0,346,51479.99999999913,1.1857243357324498,34.104046242774565,23.67241207532134,10,0.05190818304537419,228,20209.99999999936,1.111034804823775,34.64912280701755,24.681082437575842,15,0.036462443744960306,-118,-31269.999999999767,-0.0746895309086748,0.5450765642429829,1.0086703622545024,5,-0.015445739300413881
M5,NEW_YORK,30,1.0,317,1294.9999999998545,1.0054120695419586,50.78864353312302,29.570647354419123,5,0.0072630406399892666,204,-3319.9999999999563,0.9780764024168789,50.49019607843137,23.16500535464196,6,-0.008306011485308606,-113,-4614.999999999811,-0.027335667125079732,-0.29844745469165446,-6.405641999777163,1,-0.015569052125297873
M5,NEW_YORK,30,1.5,300,12814.000000000437,1.052072496749026,46.0,25.192726043888726,7,0.040056216985216976,193,-5085.999999999738,0.9679025590861772,44.04145077720207,24.628167077485454,6,-0.020691716395485407,-107,-17900.000000000175,-0.08416993766284886,-1.9585492227979273,-0.564558966403272,-1,-0.06074793338070238
M5,NEW_YORK,30,2.0,295,19480.000000000568,1.0741982174144908,41.01694915254237,23.138171715118265,8,0.019299249413552003,191,7070.000000000204,1.0428251256890189,41.361256544502616,22.657486546375484,12,0.005696796877236175,-104,-12410.000000000364,-0.03137309172547198,0.34430739196024973,-0.4806851687427809,4,-0.013602452536315828
M5,NEW_YORK,30,2.5,292,29593.000000000684,1.1112038028671833,39.38356164383562,24.32304199003628,8,0.03631916392490258,191,24279.000000000553,1.1459600817602524,40.31413612565445,23.262022171962496,12,0.036892766912313704,-101,-5314.000000000131,0.03475627889306909,0.9305744818188302,-1.0610198180737846,4,0.0005736029874111245
M5,NEW_YORK,30,3.0,291,48030.000000000524,1.1799718969555053,38.83161512027492,23.347530643430765,8,0.059893944759674196,190,29695.000000000146,1.1777079593058055,39.473684210526315,23.337300996875506,12,0.03493964041575646,-101,-18335.00000000038,-0.0022639376496997876,0.6420690902513968,-0.01022964655525982,4,-0.024954304343917738
M5,NEW_YORK,30,3.5,287,33058.00000000093,1.123015666282145,37.97909407665505,30.93473199710982,8,0.039540549741805854,187,16165.000000000407,1.0955858439523427,37.967914438502675,27.510685810318215,12,-0.008745523242346223,-100,-16893.000000000524,-0.0274298223298024,-0.011179638152377436,-3.4240461867916068,4,-0.04828607298415208
M5,NEW_YORK,30,4.0,287,47540.00000000029,1.1769061883675076,37.97909407665505,29.16890080428945,8,0.06894280678723731,187,22215.000000000175,1.1313603169440927,37.967914438502675,26.548672566371685,12,0.012253531244125464,-100,-25325.000000000116,-0.04554587142341493,-0.011179638152377436,-2.6202282379177646,4,-0.056689275543111844
M5,NEW_YORK,30,4.5,287,53848.00000000064,1.199881217520418,37.63066202090592,27.750271561372752,8,0.06312187953229706,187,24047.000000000437,1.1421931821541578,37.967914438502675,25.651483278238075,12,0.005991804317471501,-100,-29801.000000000204,-0.057688035366260326,0.3372524175967513,-2.0987882831346774,4,-0.057130075214825556
M5,NEW_YORK,30,5.0,286,60370.00000000058,1.224090571640685,37.41258741258741,26.4636868311107,8,0.066193222532515,187,31320.00000000035,1.185199420512671,37.967914438502675,24.81312292358803,12,0.026316718799757777,-99,-29050.000000000233,-0.03889115112801389,0.5553270259152612,-1.6505639075226703,4,-0.039876503732757224
M5,NEW_YORK,60,1.0,202,21019.999999999898,1.1297210565292515,52.475247524752476,17.98433679435842,4,0.04919122442950483,137,-5714.999999999767,0.9513865260292633,50.36496350364964,20.77097282394662,8,-0.008940993203795218,-65,-26734.999999999665,-0.17833453049998815,-2.110284021102835,2.786636029588202,4,-0.05813221763330005
M5,NEW_YORK,60,1.5,194,14981.000000000204,1.0876466286382922,48.45360824742268,24.346122300191524,6,0.05825137673695119,130,-11275.99999999965,0.9064077025232424,46.15384615384615,34.57151242418324,8,-0.02048163594536751,-64,-26256.999999999854,-0.18123892611504977,-2.2997620935765255,10.225390123991716,2,-0.07873301268231869
M5,NEW_YORK,60,2.0,190,20660.000000000073,1.1188175753393148,45.26315789473684,21.424883840991225,6,0.05315018117253927,128,-5469.9999999998545,0.9547372776168814,44.53125,31.525141850909993,8,0.001837458479865101,-62,-26129.999999999927,-0.16408029772243338,-0.7319078947368425,10.100258009918768,2,-0.05131272269267417
M5,NEW_YORK,60,2.5,187,24311.000000000422,1.138504486540381,43.85026737967914,20.62987947544896,6,0.0554707434897053,125,-8568.999999999593,0.9290939180802683,43.2,32.83114850322846,8,-0.007801975063093812,-62,-32880.000000000015,-0.20941056846011274,-0.6502673796791356,12.201269027779503,2,-0.06327271855279912
M5,NEW_YORK,60,3.0,187,33585.000000000495,1.1913402649195284,43.85026737967914,18.554371162755658,6,0.08380130490914567,125,-10209.999999999738,0.915515101365331,43.2,30.497945607513483,8,0.00552587129795855,-62,-43795.00000000023,-0.2758251635541974,-0.6502673796791356,11.943574444757825,2,-0.07827543361118712
M5,NEW_YORK,60,3.5,187,40695.00000000026,1.231847315197266,43.85026737967914,17.73882230928786,6,0.1024949268182262,125,-9337.99999999968,0.9227306578403,43.2,28.164742711798212,8,0.017392506699194767,-62,-50032.99999999994,-0.30911665735696603,-0.6502673796791356,10.425920402510354,2,-0.08510242011903144
M5,NEW_YORK,60,4.0,187,29505.000000000335,1.1680957128614173,43.85026737967914,19.91268493815183,6,0.11031846289606,125,-5989.999999999651,0.9504344228382319,43.2,25.83153981608315,8,0.03505262063857655,-62,-35494.999999999985,-0.21766129002318546,-0.6502673796791356,5.91885487793132,2,-0.07526584225748345
M5,NEW_YORK,60,4.5,187,29680.000000000422,1.1684497289934468,43.31550802139038,19.643028040960868,6,0.09851973357929864,125,-2394.9999999995925,0.9801820438560233,43.2,23.498336920367993,8,0.0550540451607342,-62,-32075.000000000015,-0.18826768513742353,-0.11550802139037586,3.8553088794071257,2,-0.043465688418564435
M5,NEW_YORK,60,5.0,187,33450.00000000029,1.1898464769147827,43.31550802139038,19.380729433056622,6,0.11253119235119811,125,845.000000000291,1.0069921390153107,43.2,21.533592989289485,8,0.0720151874834963,-62,-32605.0,-0.18285433789947203,-0.11550802139037586,2.1528635562328624,2,-0.04051600486770181
M15,ASIA,15,1.0,383,33494.99999999913,1.1898540456284483,53.00261096605744,11.425729207375744,12,0.03727969802361094,268,21314.99999999907,1.1667644642647508,50.74626865671642,15.181936665610507,7,-0.007765840550973129,-115,-12180.000000000058,-0.023089581363697542,-2.256342309341022,3.7562074582347638,-5,-0.04504553857458407
M15,ASIA,15,1.5,376,30799.999999999418,1.1512027491408898,44.41489361702128,15.892057186542315,13,0.03928439821966771,262,14275.99999999997,1.095616355781789,41.221374045801525,18.672984412695335,10,-0.02861215714085521,-114,-16523.999999999447,-0.05558639335910076,-3.1935195712197526,2.78092722615302,-3,-0.06789655536052291
M15,ASIA,15,2.0,374,9030.000000000102,1.0410491862896636,38.770053475935825,24.622471460044224,16,0.03699786272614923,260,5190.000000000029,1.0331058238183333,37.69230769230769,16.428629392193383,10,0.020364697711381347,-114,-3840.0000000000728,-0.007943362471330317,-1.0777457836281314,-8.193842067850841,-6,-0.016633165014767883
M15,ASIA,15,2.5,370,26103.99999999984,1.1169036476410121,36.21621621621622,22.093005497862077,16,0.07410681988373195,257,16698.00000000006,1.104584742577979,34.63035019455253,14.749328026260594,11,0.043716603238664914,-113,-9405.999999999782,-0.012318905063033236,-1.5858660216636906,-7.343677471601483,-5,-0.03039021664506704
M15,ASIA,15,3.0,370,48749.99999999968,1.2169318055401033,35.4054054054054,19.424643584521636,16,0.15008436256636243,257,35990.00000000009,1.225416510083929,34.63035019455253,12.487439128082304,11,0.15523221421207214,-113,-12759.999999999593,0.00848470454382566,-0.7750552108528765,-6.937204456439332,-5,0.005147851645709717
M15,ASIA,15,3.5,367,61607.99999999939,1.2727164073393646,34.05994550408719,15.837015355960155,16,0.18441105611769892,254,41908.99999999939,1.2605632927132522,32.677165354330704,11.75278774144171,11,0.17102978067447014,-113,-19699.0,-0.01215311462611246,-1.3827801497564849,-4.084227614518445,-5,-0.013381275443228785
M15,ASIA,15,4.0,366,81059.99999999933,1.357801809755018,33.33333333333333,15.05266957634633,16,0.23919032568110202,253,52994.999999999796,1.328172895315353,31.620553359683797,11.096481603394091,11,0.21070848639002848,-113,-28064.999999999534,-0.029628914439664866,-1.712779973649532,-3.9561879729522396,-5,-0.028481839291073535
M15,ASIA,15,4.5,366,94809.99999999991,1.4167289349918666,33.060109289617486,14.372814489375058,16,0.29394637484293723,253,64629.000000000175,1.4002167383967552,31.620553359683797,10.695495022809103,11,0.2771455034295394,-113,-30180.999999999738,-0.016512196595111384,-1.4395559299336895,-3.6773194665659545,-5,-0.01680087141339781
M15,ASIA,15,5.0,365,93219.99999999985,1.4093443990690715,32.602739726027394,14.875304960693935,16,0.311237586936387,253,71239.99999999994,1.440555332240809,31.225296442687743,10.103996011111912,11,0.2995840123818649,-112,-21979.999999999913,0.0312109331717374,-1.3774432833396517,-4.771308949582023,-5,-0.011653574554522095
M15,ASIA,30,1.0,360,45644.99999999962,1.2475392499796607,52.77777777777778,13.525553334034916,12,0.0398716342669197,254,30659.999999999854,1.2314835787089444,51.96850393700787,10.529699610672616,7,0.023328438572598354,-106,-14984.999999999767,-0.016055671270716276,-0.8092738407699116,-2.9958537233623,-5,-0.016543195694321344
M15,ASIA,30,1.5,347,19500.99999999946,1.092584152304987,42.93948126801153,22.95658097427712,12,-0.003165129269023955,243,4108.999999999796,1.0270774299835246,41.1522633744856,21.23547498302953,7,-0.04450009953756949,-104,-15391.999999999665,-0.06550672232146248,-1.787217893525927,-1.7211059912475903,-5,-0.04133497026854553
M15,ASIA,30,2.0,346,43490.000000000146,1.1956981505647304,39.017341040462426,20.163646990064397,19,0.03869136134741863,242,20845.000000000073,1.1309153713298794,37.60330578512397,16.404029966416868,12,0.004018919946750357,-104,-22645.000000000073,-0.06478277923485098,-1.4140352553384545,-3.759617023647529,-7,-0.034672441400668275
M15,ASIA,30,2.5,343,44440.99999999956,1.1960171136203217,36.734693877551024,21.05040565592224,19,0.058005835044011946,240,25154.999999999593,1.1559564772621571,35.833333333333336,15.878709085347472,12,0.04481672672445617,-103,-19285.99999999997,-0.04006063635816459,-0.9013605442176882,-5.171696570574769,-7,-0.013189108319555776
M15,ASIA,30,3.0,342,63694.999999999796,1.2787222404550915,35.96491228070175,18.706774994964135,19,0.11743296871537973,240,42629.99999999977,1.2623626796319642,35.41666666666667,15.326606097604788,13,0.12887999359678257,-102,-21065.00000000003,-0.016359560823127284,-0.548245614035082,-3.380168897359347,-6,0.01144702488140284
M15,ASIA,30,3.5,340,80391.99999999933,1.3493785310734434,34.705882352941174,17.284379536684405,19,0.15204987258451522,238,52745.99999999942,1.321504327684989,33.61344537815126,14.780832445696937,13,0.1516609328687283,-102,-27645.999999999913,-0.027874203388454477,-1.092436974789912,-2.5035470909874675,-6,-0.0003889397157869068
M15,ASIA,30,4.0,340,99299.99999999921,1.4291641455614106,34.11764705882353,15.840796019900564,19,0.19257811708994355,238,68264.9999999995,1.4151488430078718,33.193277310924366,13.829753682152285,13,0.20114723304082,-102,-31034.99999999971,-0.014015302553538778,-0.9243697478991635,-2.011042337748279,-6,0.00856911595087645
M15,ASIA,30,4.5,340,115396.9999999993,1.498733684847434,34.11764705882353,15.514200245510004,19,0.24184497158249452,238,77320.99999999953,1.470222276279378,33.193277310924366,13.609136898296201,13,0.2459885867464084,-102,-38075.99999999977,-0.028511408568056007,-0.9243697478991635,-1.9050633472138028,-6,0.004143615163913872
M15,ASIA,30,5.0,339,112829.99999999927,1.4876393811046729,33.92330383480826,16.26686893587443,19,0.25746879876120937,238,84699.9999999995,1.5150971508498765,33.193277310924366,13.014959040721873,13,0.2828266096450934,-101,-28129.999999999767,0.027457769745203642,-0.7300265238838932,-3.251909895152558,-6,0.025357810883884002
M15,ASIA,60,1.0,300,55600.00000000026,1.2976843796011264,53.666666666666664,16.237294636578742,12,0.05189987786212599,199,29580.000000000247,1.2187222715173047,51.75879396984925,16.710884239513927,9,0.011652153012790562,-101,-26020.000000000015,-0.07896210808382165,-1.9078726968174138,0.47358960293518493,-3,-0.040247724849335434
M15,ASIA,60,1.5,291,47097.99999999977,1.2301955034213095,45.017182130584196,24.113905434223398,12,0.03459018775251967,193,27226.000000000146,1.187526259599823,44.04145077720207,22.27831018082962,10,0.00015483996681944074,-98,-19871.99999999962,-0.0426692438214864,-0.9757313533821232,-1.8355952533937767,-2,-0.03443534778570023
M15,ASIA,60,2.0,289,63355.0,1.2989359945266243,43.25259515570934,22.91157640800463,17,0.11179334368886348,192,35425.0,1.2367743875948278,42.70833333333333,20.49584497086324,10,0.08167046282083155,-97,-27930.0,-0.06216160693179651,-0.544261822376015,-2.4157314371413925,-7,-0.03012288086803193
M15,ASIA,60,2.5,286,65887.0000000002,1.3055912432457513,40.909090909090914,23.764266621409664,17,0.1212782801032717,192,38143.00000000044,1.2490564805746034,40.10416666666667,20.24349355539082,10,0.09486490501198375,-94,-27743.999999999767,-0.056534762671147876,-0.8049242424242422,-3.520773066018844,-7,-0.026413375091287952
M15,ASIA,60,3.0,286,76510.00000000012,1.3529384629578376,40.55944055944056,22.534577420419694,17,0.16785220272167334,192,44460.00000000032,1.2903036238981407,40.10416666666667,19.699476151089293,10,0.1564836379681395,-94,-32049.999999999796,-0.06263483905969691,-0.45527389277388863,-2.8351012693304014,-7,-0.011368564753533844
M15,ASIA,60,3.5,286,83158.99999999953,1.3812272216746493,40.20979020979021,21.324669307848364,17,0.208230715006159,192,45170.0,1.292352998284845,39.58333333333333,20.257307689663175,10,0.1915020836875501,-94,-37988.999999999534,-0.08887422338980433,-0.6264568764568779,-1.0673616181851884,-7,-0.01672863131860891
M15,ASIA,60,4.0,285,91625.00000000006,1.4185796843235339,39.64912280701755,23.667484553759074,17,0.2207696072027075,192,50235.000000000495,1.3235436189740148,39.0625,20.519053651522025,10,0.20887012820236114,-93,-41389.99999999956,-0.09503606534951903,-0.5866228070175481,-3.148430902237049,-7,-0.011899479000346352
M15,ASIA,60,4.5,285,98805.99999999985,1.4501207234294549,39.29824561403509,22.915846285701303,17,0.2284081230584716,192,56263.00000000006,1.3623675651305833,39.0625,19.054996651083638,10,0.2370825632326334,-93,-42542.999999999796,-0.08775315829887154,-0.2357456140350891,-3.860849634617665,-7,0.008674440174161802
M15,ASIA,60,5.0,285,97624.99999999977,1.4447405585166953,39.29824561403509,25.09456191480152,17,0.2549338611852543,192,64040.000000000204,1.412456123401927,39.0625,18.907392363931994,10,0.2794847964381248,-93,-33584.99999999956,-0.032284435114768195,-0.2357456140350891,-6.187169550869527,-7,0.0245509352528705
M15,LONDON,15,1.0,400,-33694.999999998574,0.8381837391346164,42.75,43.83885090265,11,-0.13908461476703649,282,-42964.999999999025,0.725278941142624,39.71631205673759,50.201062403811825,10,-0.19796667661795364,-118,-9270.000000000451,-0.11290479799199238,-3.0336879432624073,6.362211501161823,-1,-0.058882061850917156
M15,LONDON,15,1.5,392,-45290.99999999862,0.8071081771720661,33.6734693877551,60.159856343992566,15,-0.1786912549833128,276,-66281.99999999892,0.6276292134831493,30.07246376811594,74.71802279562992,15,-0.2693131480793838,-116,-20991.000000000306,-0.1794789636889168,-3.6010056196391567,14.558166451637355,0,-0.09062189309607097
M15,LONDON,15,2.0,388,-53099.999999998734,0.7889591033742738,27.31958762886598,62.880023728309766,15,-0.23153821449149753,273,-76204.99999999886,0.5955685285922818,23.809523809523807,80.11499999999894,15,-0.33985380587451874,-115,-23105.00000000013,-0.19339057478199195,-3.5100638193421716,17.234976271689177,0,-0.10831559138302121
M15,LONDON,15,2.5,388,-40877.99999999848,0.8411363503876621,26.03092783505155,58.32066288202438,17,-0.1927594272094948,273,-65367.99999999898,0.6573285804151847,23.076923076923077,71.934999999999,15,-0.2879696977689278,-115,-24490.000000000502,-0.1838077699724774,-2.954004758128473,13.614337117974614,-2,-0.09521027055943299
M15,LONDON,15,3.0,387,-44699.99999999879,0.8281727498126085,24.54780361757106,60.3696375573335,17,-0.18346759179441502,272,-60164.99999999894,0.6874951305025354,21.691176470588236,65.7649999999989,15,-0.28568798969701237,-115,-15465.000000000146,-0.14067761931007305,-2.8566271469828237,5.395362442665409,-2,-0.10222039790259735
M15,LONDON,15,3.5,383,-68866.99999999895,0.7390660225442864,22.193211488250654,82.89643066120463,17,-0.22313958590387084,269,-69213.99999999913,0.6425173669395478,19.702602230483272,75.93499999999928,15,-0.3166536881297187,-114,-347.0000000001746,-0.09654865560473869,-2.4906092577673817,-6.961430661205355,-2,-0.09351410222584788
M15,LONDON,15,4.0,383,-69314.99999999862,0.7398915511192039,21.409921671018274,84.17530117495295,17,-0.21558296532496293,269,-73544.99999999876,0.6242815908452364,18.95910780669145,80.01499999999889,15,-0.32077162366462175,-114,-4230.0000000001455,-0.11560996027396753,-2.4508138643268254,-4.160301174954057,-2,-0.10518865833965882
M15,LONDON,15,4.5,383,-63934.999999998894,0.7605296177687917,21.148825065274153,78.09299999999897,17,-0.19360174604950312,269,-66304.99999999895,0.6612684870622525,18.95910780669145,72.68099999999899,15,-0.2855100110969844,-114,-2370.000000000058,-0.09926113070653919,-2.1897172585827036,-5.411999999999978,-2,-0.09190826504748126
M15,LONDON,15,5.0,383,-58419.99999999866,0.781427716252623,20.887728459530024,72.0999999999989,17,-0.1804274994785901,269,-59799.999999998916,0.6945004980970174,18.95910780669145,65.42499999999906,15,-0.2557586183498442,-114,-1380.0000000002547,-0.08692721815560556,-1.9286206528385748,-6.674999999999841,-2,-0.0753311188712541
M15,LONDON,30,1.0,340,3300.000000000553,1.0175354694723453,47.647058823529406,28.333634067123644,10,-0.03735696208362013,241,-19599.999999999418,0.8622192541562732,44.81327800829876,39.27974845239231,9,-0.096797713508434,-99,-22899.99999999997,-0.1553162153160721,-2.8337808152306465,10.946114385268668,-1,-0.059440751424813865
M15,LONDON,30,1.5,334,-2545.999999999447,0.9881058606432953,38.32335329341318,32.148291269170045,10,-0.06332557044293614,236,-36302.99999999964,0.7744875139768933,35.16949152542373,49.02643659965163,9,-0.1479365971878618,-98,-33757.0000000002,-0.213618346666402,-3.153861767989447,16.878145330481587,-1,-0.08461102674492567
M15,LONDON,30,2.0,328,-12299.999999999432,0.9457671957671988,33.23170731707317,38.337634229584246,13,-0.0788117980547277,231,-44334.999999999265,0.7391675246359805,29.43722943722944,53.594999999999246,13,-0.1978129024783828,-97,-32034.999999999833,-0.20659967113121835,-3.7944778798437326,15.257365770415,0,-0.1190011044236551
M15,LONDON,30,2.5,328,-6077.999999999985,0.9740472683020558,30.182926829268293,41.172848776092295,13,-0.07962111368461935,231,-35153.99999999997,0.7973015049299423,27.27272727272727,49.13703176861041,13,-0.17375269914453698,-97,-29075.999999999985,-0.17674576337211345,-2.9101995565410235,7.9641829925181185,0,-0.09413158545991762
M15,LONDON,30,3.0,326,-39604.99999999975,0.8349619752057515,27.607361963190186,56.09999999999972,13,-0.11596630657858327,230,-54404.999999999716,0.6951588502269304,24.347826086956523,65.03499999999964,13,-0.2272395734578506,-96,-14799.999999999964,-0.1398031249788212,-3.259535876233663,8.934999999999924,0,-0.11127326687926732
M15,LONDON,30,3.5,325,-33107.99999999975,0.8624683255099082,27.076923076923077,51.78799999999959,13,-0.09609900732840364,229,-46789.99999999962,0.7373119245452524,24.017467248908297,58.68999999999945,13,-0.20097705260644502,-96,-13681.999999999869,-0.12515640096465575,-3.05945582801478,6.901999999999859,0,-0.10487804527804138
M15,LONDON,30,4.0,325,-19309.99999999984,0.9197856519752425,27.076923076923077,42.244053774560584,13,-0.0457672786956617,229,-38309.99999999972,0.7849202784639581,24.017467248908297,50.93000000000013,13,-0.1572120939339853,-96,-18999.999999999884,-0.13486537351128447,-3.05945582801478,8.685946225439544,0,-0.1114448152383236
M15,LONDON,30,4.5,325,-13918.99999999952,0.9421800357246727,27.076923076923077,40.754786450662664,13,-0.028191360722916812,229,-33953.99999999946,0.8093757017740874,24.017467248908297,47.37999999999987,13,-0.14246849671346326,-96,-20034.99999999994,-0.13280433395058533,-3.05945582801478,6.625213549337204,0,-0.11427713599054645
M15,LONDON,30,5.0,325,-2854.9999999997817,0.9881402401030208,27.076923076923077,37.10436829714888,13,0.010178117070252062,229,-27339.999999999753,0.8465079721536056,24.017467248908297,42.42515119708104,13,-0.11201850167321939,-96,-24484.99999999997,-0.1416322679494152,-3.05945582801478,5.320782899932162,0,-0.12219661874347146
M15,LONDON,60,1.0,294,1905.0000000002765,1.0096173263327965,46.25850340136054,27.121500172831038,6,-0.0678049672895575,197,-8159.999999999651,0.9383732346499534,44.16243654822335,19.009497290040215,8,-0.11057051799372837,-97,-10064.999999999927,-0.07124409168284318,-2.096066853137195,-8.112002882790822,2,-0.042765550704170874
M15,LONDON,60,1.5,284,-28930.999999999578,0.872522582066536,36.61971830985916,46.95931266047767,8,-0.1216346490761244,190,-23926.99999999962,0.8379697975215026,34.21052631578947,34.3369999999997,8,-0.1764916592606894,-94,5003.999999999956,-0.03455278454503341,-2.409191994069687,-12.622312660477974,0,-0.054857010184565014
M15,LONDON,60,2.0,282,-33234.99999999974,0.8574797915907298,33.33333333333333,48.492562643505885,11,-0.12494046672330228,189,-22399.999999999825,0.8535756308014131,30.687830687830687,33.86499999999981,15,-0.19516168573114134,-93,10834.999999999913,-0.0039041607893167685,-2.645502645502642,-14.627562643506074,4,-0.07022121900783906
M15,LONDON,60,2.5,281,-28992.999999999738,0.8761776638906693,32.028469750889684,45.46999999999983,11,-0.12295274979262429,189,-14816.999999999796,0.9035885089631404,30.158730158730158,29.79,15,-0.17192800212798784,-92,14175.999999999942,0.027410845072471046,-1.869739592159526,-15.67999999999983,4,-0.04897525233536355
M15,LONDON,60,3.0,279,-24515.0,0.8951947330169722,31.54121863799283,44.5600000000001,11,-0.09432927301286577,187,-14764.999999999985,0.9037765974779236,29.411764705882355,29.79,15,-0.15606260865924393,-92,9750.000000000015,0.008581864460951438,-2.1294539321104757,-14.770000000000103,4,-0.06173333564637816
M15,LONDON,60,3.5,279,-24586.99999999994,0.8955877356888066,30.824372759856633,43.889000000000046,11,-0.10554790605733642,187,-11183.999999999825,0.9273624732090683,28.87700534759358,29.79,15,-0.15564098247562233,-92,13403.000000000116,0.03177473752026172,-1.947367412263052,-14.099000000000046,4,-0.050093076418285906
M15,LONDON,60,4.0,279,-15469.99999999968,0.9343043995243773,30.824372759856633,42.385,11,-0.07854769888046496,187,-2759.999999999767,0.9820744300837847,28.87700534759358,29.79,15,-0.11817712912103986,-92,12709.999999999913,0.04777003055940743,-1.947367412263052,-12.594999999999999,4,-0.0396294302405749
M15,LONDON,60,4.5,279,-10555.99999999981,0.9551724137931047,30.824372759856633,40.82099999999997,11,-0.06672349726617081,187,-705.9999999998108,0.9954146911736071,28.87700534759358,29.79,15,-0.11657999500254568,-92,9850.0,0.040242277380502456,-1.947367412263052,-11.03099999999997,4,-0.049856497736374863
M15,LONDON,60,5.0,279,-15309.999999999665,0.9353094035873508,30.46594982078853,46.36999999999997,11,-0.08803335714716017,187,-1209.999999999738,0.9921413262323854,28.87700534759358,29.79,15,-0.13232952835316827,-92,14099.999999999927,0.05683192264503456,-1.5889444731949496,-16.57999999999997,4,-0.04429617120600811
M15,NEW_YORK,15,1.0,299,41409.99999999997,1.206235370287364,52.508361204013376,14.341629126357164,6,0.046131370688643376,194,2270.0000000000728,1.0161147197671534,52.0618556701031,14.556047330864555,7,0.021646265066350888,-105,-39139.9999999999,-0.19012065052021065,-0.44650553391027614,0.2144182045073908,1,-0.02448510562229249
M15,NEW_YORK,15,1.5,286,24111.999999999825,1.1095676277463467,45.10489510489511,20.354091199249453,6,0.01964880305215451,186,2354.9999999999563,1.0155795183911085,45.16129032258064,20.25438174745414,8,0.006708033368298438,-100,-21756.99999999987,-0.09398810935523816,0.056395217685533794,-0.09970945179531299,2,-0.01294076968385607
M15,NEW_YORK,15,2.0,283,50365.00000000023,1.223620823620824,42.04946996466431,17.965109979412837,6,0.05080018950913077,185,19460.000000000233,1.1258732212160425,42.16216216216216,21.84062364660033,11,0.04367444779060077,-98,-30905.0,-0.09774760240478142,0.11269219749785009,3.8755136671874943,5,-0.007125741718529997
M15,NEW_YORK,15,2.5,280,57418.00000000012,1.2479241779831172,39.64285714285714,15.661588566199327,6,0.05814741109446986,184,21882.000000000146,1.1365448815949581,39.67391304347826,20.643497482500376,11,0.05688138569782433,-96,-35535.99999999997,-0.11137929638815902,0.031055900621119292,4.981908916301048,5,-0.001266025396645526
M15,NEW_YORK,15,3.0,279,31560.000000000233,1.134175116382884,38.35125448028674,21.71052631578954,6,0.019572997985241817,183,2310.000000000233,1.0141453109212835,38.25136612021858,25.822752008292333,11,0.0006594629130214746,-96,-29250.0,-0.12002980546160047,-0.0998883600681637,4.112225692502793,5,-0.018913535072220343
M15,NEW_YORK,15,3.5,278,41867.00000000023,1.1779567721505537,38.1294964028777,20.53799875527287,6,0.030055481886271242,182,4839.000000000262,1.0296226010835314,37.91208791208791,25.102186411515426,11,-0.0050685911077009696,-96,-37027.99999999997,-0.1483341710670223,-0.2174084907897864,4.564187656242556,5,-0.03512407299397221
M15,NEW_YORK,15,4.0,278,53445.00000000041,1.2271693622085742,38.1294964028777,19.7644240367339,6,0.05629781338720731,182,8125.000000000204,1.049738300021427,37.91208791208791,24.83592257206947,11,0.010293675422519782,-96,-45320.000000000204,-0.1774310621871471,-0.2174084907897864,5.0714985353355715,5,-0.046004137964687525
M15,NEW_YORK,15,4.5,278,61459.00000000035,1.2606348465893433,37.76978417266187,18.886521891195876,6,0.05322761491450177,182,11834.000000000146,1.0724434513788996,37.91208791208791,24.320696387894582,11,0.013186429384121939,-96,-49625.000000000204,-0.1881913952104437,0.14230373942604047,5.434174496698706,5,-0.04004118553037983
M15,NEW_YORK,15,5.0,278,57170.00000000035,1.2414273648648653,37.05035971223021,18.284236771631736,6,0.02940826982539804,182,6590.000000000116,1.0403317114966804,37.362637362637365,24.17418024501681,11,-0.009458628304991215,-96,-50580.00000000023,-0.2010956533681849,0.31227765040715383,5.889943473385074,5,-0.03886689813038925
M15,NEW_YORK,30,1.0,259,22020.00000000003,1.1085772047040265,48.64864864864865,16.089296680272998,6,-0.014776867216838742,168,2380.000000000422,1.01729525470533,47.023809523809526,19.55181169642476,5,-0.061940154571153816,-91,-19639.999999999607,-0.09128194999869654,-1.6248391248391272,3.4625150161517624,-1,-0.047163287354315075
M15,NEW_YORK,30,1.5,247,33056.00000000035,1.1554077243130172,43.31983805668016,17.801385874102493,9,-0.010800025653799042,161,18277.00000000054,1.1296746958033306,42.857142857142854,19.26762959250312,8,-0.039299436745935154,-86,-14778.99999999981,-0.025733028509686617,-0.46269519953730764,1.4662437184006265,-1,-0.028499411092136114
M15,NEW_YORK,30,2.0,244,61020.00000000029,1.2820429859024747,40.57377049180328,16.653396214858805,9,0.011322968025682244,161,37635.00000000035,1.2632278370344494,40.993788819875775,17.737978410206168,9,-0.005113032500540494,-83,-23384.99999999994,-0.018815148868025267,0.4200183280724943,1.0845821953473624,0,-0.016436000526222738
M15,NEW_YORK,30,2.5,243,48705.00000000029,1.221471932337496,39.50617283950617,17.172812725958075,9,0.02537563339103294,160,16728.00000000051,1.1154929577464825,40.0,20.92346089850253,9,-0.003057166062611061,-83,-31976.99999999978,-0.10597897459101357,0.49382716049382935,3.750648172544455,0,-0.028432799453644002
M15,NEW_YORK,30,3.0,243,23465.000000000553,1.1050264076627008,38.2716049382716,25.21927488370434,9,-0.026580278528546955,160,-1244.9999999993452,0.991575029605824,38.75,26.32839528075932,9,-0.06474561190163289,-83,-24709.999999999898,-0.11345137805687677,0.4783950617283992,1.10912039705498,0,-0.03816533337308593
M15,NEW_YORK,30,3.5,243,29988.000000000582,1.1342225405066724,38.2716049382716,24.28195758341586,9,-0.019965590049376987,160,-3628.9999999991414,0.975442395533756,38.75,26.77839123719564,9,-0.07640327486829084,-83,-33616.99999999972,-0.15878014497291637,0.4783950617283992,2.4964336537797784,0,-0.05643768481891385
M15,NEW_YORK,30,4.0,243,37820.00000000029,1.1692775937695843,38.2716049382716,23.25885701200564,9,-0.005138201070966989,160,-4234.999999999287,0.9713415665708046,38.75,26.049940755694013,9,-0.07466574189651153,-83,-42054.99999999958,-0.19793602719877967,0.4783950617283992,2.7910837436883718,0,-0.06952754082554453
M15,NEW_YORK,30,4.5,243,40912.00000000064,1.1824067056043548,37.86008230452675,22.83090360285139,9,-0.01142840380429277,160,-3847.9999999991996,0.9739604127897191,38.75,26.362304036949837,9,-0.06859501331002918,-83,-44759.99999999984,-0.20844629281463567,0.8899176954732511,3.5314004340984475,0,-0.05716660950573641
M15,NEW_YORK,30,5.0,243,20825.000000000437,1.092848544295334,37.86008230452675,25.749674054758763,9,-0.024797328095545156,160,-2289.999999999316,0.9845034681103071,38.75,26.362304036949837,9,-0.06046809023310654,-83,-23114.999999999753,-0.10834507618502687,0.8899176954732511,0.6126299821910735,0,-0.03567076213756139
M15,NEW_YORK,60,1.0,169,34539.99999999913,1.2615774925214829,53.84615384615385,18.821311638059253,5,0.08475740559066383,110,-11160.000000000335,0.8848416056134517,49.09090909090909,23.492723492723815,6,-0.017733642762300127,-59,-45699.99999999946,-0.37673588690803117,-4.755244755244753,4.671411854664562,1,-0.10249104835296396
M15,NEW_YORK,60,1.5,163,33933.0,1.2410955984226781,47.85276073619632,17.698514218242558,5,0.06470908038315566,107,-15126.99999999984,0.8486543271635822,44.85981308411215,30.063819342169793,6,-0.026063137691416847,-56,-49059.99999999984,-0.3924412712590959,-2.992947652084176,12.365305123927236,1,-0.0907722180745725
M15,NEW_YORK,60,2.0,161,29754.999999999796,1.2105430744737293,45.962732919254655,19.490690572357273,5,0.07251829895494502,106,-7109.9999999998545,0.9288715486194485,43.39622641509434,26.118155902880208,6,0.009273110656401712,-55,-36864.99999999965,-0.2816715258542808,-2.5665065041603157,6.627465330522934,1,-0.06324518829854331
M15,NEW_YORK,60,2.5,161,20007.000000000102,1.1380269058295973,44.72049689440994,19.490690572357273,5,0.06618692827022161,106,-7359.999999999694,0.9263705482192903,43.39622641509434,23.065958910842344,6,0.022421787152300046,-55,-27366.999999999796,-0.211656357610307,-1.3242704793156008,3.5752683384850705,1,-0.04376514111792157
M15,NEW_YORK,60,3.0,161,32484.99999999994,1.2241117626767855,44.72049689440994,19.490690572357273,5,0.10116760549156231,106,-1099.9999999997526,0.9889955982392978,43.39622641509434,19.79750319473115,6,0.05543915175154465,-55,-33584.999999999694,-0.23511616443748762,-1.3242704793156008,0.30681262237387585,1,-0.04572845374001766
M15,NEW_YORK,60,3.5,161,36803.0,1.2539013452914802,44.72049689440994,19.490690572357273,5,0.11515538309411269,106,855.0000000002765,1.0085534213685499,43.39622641509434,19.05337658507809,6,0.06846644114965389,-55,-35947.99999999972,-0.24534792392293037,-1.3242704793156008,-0.43731398727918247,1,-0.0466889419444588
M15,NEW_YORK,60,4.0,161,35599.999999999854,1.2456019317005862,44.72049689440994,19.490690572357273,5,0.10883135259774328,106,-2869.99999999984,0.971288515406164,43.39622641509434,18.961958124447065,6,0.04942873555648497,-55,-38469.999999999694,-0.2743134162944222,-1.3242704793156008,-0.5287324479102082,1,-0.05940261704125831
M15,NEW_YORK,60,4.5,161,31519.99999999994,1.2174542945843398,44.72049689440994,19.490690572357273,5,0.09994556100846214,106,-1589.9999999997235,0.9840936374549847,43.39622641509434,18.163766833775593,6,0.05886483996262326,-55,-33109.999999999665,-0.23336065712935516,-1.3242704793156008,-1.3269237385816801,1,-0.041080721045838875
M15,NEW_YORK,60,5.0,161,32444.999999999854,1.223835805450155,44.72049689440994,19.490690572357273,5,0.10379707522314731,106,-664.9999999998108,0.9933473389355758,43.39622641509434,17.36459254890396,6,0.06471478136417338,-55,-33109.999999999665,-0.23048846651457922,-1.3242704793156008,-2.126098023453313,1,-0.039082293858973924
