config,variant,trades,net,win_rate,pf,expectancy,avg_r,max_dd,max_dd_pct,recovery,months_up,months
M15_LONDON_ORB15_INCLUDE_NEWS_RR1,ORIGINAL,398.0,-33515.0,42.7,0.838,-84.2,-0.14,-44560.0,-43.84,-0.75,4.0,8.0
M15_LONDON_ORB15_INCLUDE_NEWS_RR1,R,158.0,-4365.0,55.1,0.95,-27.6,0.099,-31510.0,-26.77,-0.14,4.0,8.0
M15_LONDON_ORB15_INCLUDE_NEWS_RR1,RR,276.0,16560.0,56.5,1.125,60.0,0.126,-24710.0,-20.3,0.67,4.0,8.0
M15_LONDON_ORB15_INCLUDE_NEWS_RR1,RRR,347.0,26315.0,57.1,1.166,75.8,0.137,-22565.0,-17.92,1.17,4.0,8.0
M15_LONDON_ORB15_INCLUDE_NEWS_RR1p5,ORIGINAL,390.0,-45453.0,33.6,0.806,-116.5,-0.181,-61644.0,-60.16,-0.74,2.0,8.0
M15_LONDON_ORB15_INCLUDE_NEWS_RR1p5,R,158.0,4471.0,48.1,1.045,28.3,0.19,-36020.0,-30.18,0.12,5.0,8.0
M15_LONDON_ORB15_INCLUDE_NEWS_RR1p5,RR,266.0,24028.0,47.7,1.163,90.3,0.164,-28178.0,-22.38,0.85,4.0,8.0
M15_LONDON_ORB15_INCLUDE_NEWS_RR1p5,RRR,312.0,34919.0,49.0,1.21,111.9,0.182,-22625.0,-17.5,1.54,4.0,8.0
M15_LONDON_ORB15_INCLUDE_NEWS_RR2,ORIGINAL,386.0,-53605.0,27.2,0.786,-138.9,-0.235,-63600.0,-62.88,-0.84,1.0,8.0
M15_LONDON_ORB15_INCLUDE_NEWS_RR2,R,158.0,745.0,40.5,1.007,4.7,0.173,-34060.0,-31.35,0.02,5.0,8.0
M15_LONDON_ORB15_INCLUDE_NEWS_RR2,RR,249.0,19585.0,41.8,1.132,78.7,0.164,-24170.0,-22.03,0.81,5.0,8.0
M15_LONDON_ORB15_INCLUDE_NEWS_RR2,RRR,282.0,28120.0,42.9,1.173,99.7,0.184,-18405.0,-16.83,1.53,5.0,8.0
M15_LONDON_ORB15_INCLUDE_NEWS_RR2p5,ORIGINAL,386.0,-41725.0,25.9,0.837,-108.1,-0.198,-64824.0,-58.32,-0.64,2.0,8.0
M15_LONDON_ORB15_INCLUDE_NEWS_RR2p5,R,158.0,7147.0,36.7,1.063,45.2,0.214,-34190.0,-31.02,0.21,6.0,8.0
M15_LONDON_ORB15_INCLUDE_NEWS_RR2p5,RR,240.0,31187.0,40.0,1.21,129.9,0.247,-22789.0,-20.29,1.37,5.0,8.0
M15_LONDON_ORB15_INCLUDE_NEWS_RR2p5,RRR,259.0,31430.0,40.2,1.199,121.4,0.24,-21361.0,-19.03,1.47,5.0,8.0
M15_LONDON_ORB15_INCLUDE_NEWS_RR3,ORIGINAL,385.0,-43815.0,24.7,0.831,-113.8,-0.182,-67125.0,-60.37,-0.65,4.0,8.0
M15_LONDON_ORB15_INCLUDE_NEWS_RR3,R,158.0,4710.0,34.8,1.041,29.8,0.238,-37615.0,-35.28,0.13,6.0,8.0
M15_LONDON_ORB15_INCLUDE_NEWS_RR3,RR,229.0,29515.0,38.4,1.199,128.9,0.292,-26900.0,-24.42,1.1,5.0,8.0
M15_LONDON_ORB15_INCLUDE_NEWS_RR3,RRR,244.0,34540.0,38.5,1.224,141.6,0.295,-24980.0,-22.66,1.38,6.0,8.0
M15_LONDON_ORB15_INCLUDE_NEWS_RR3p5,ORIGINAL,381.0,-67982.0,22.3,0.742,-178.4,-0.222,-85002.0,-82.9,-0.8,2.0,8.0
M15_LONDON_ORB15_INCLUDE_NEWS_RR3p5,R,158.0,15138.0,34.2,1.13,95.8,0.326,-37472.0,-34.9,0.4,6.0,8.0
M15_LONDON_ORB15_INCLUDE_NEWS_RR3p5,RR,224.0,34945.0,36.2,1.234,156.0,0.317,-26267.0,-24.13,1.33,5.0,8.0
M15_LONDON_ORB15_INCLUDE_NEWS_RR3p5,RRR,237.0,39368.0,36.3,1.255,166.1,0.311,-24712.0,-22.88,1.59,6.0,8.0
M15_LONDON_ORB15_INCLUDE_NEWS_RR4,ORIGINAL,381.0,-68430.0,21.5,0.742,-179.6,-0.214,-84895.0,-84.18,-0.81,2.0,8.0
M15_LONDON_ORB15_INCLUDE_NEWS_RR4,R,158.0,17215.0,31.6,1.145,109.0,0.325,-36475.0,-34.66,0.47,5.0,8.0
M15_LONDON_ORB15_INCLUDE_NEWS_RR4,RR,220.0,41275.0,35.0,1.278,187.6,0.354,-23730.0,-22.28,1.74,6.0,8.0
M15_LONDON_ORB15_INCLUDE_NEWS_RR4,RRR,232.0,42985.0,34.9,1.28,185.3,0.333,-22175.0,-20.98,1.94,6.0,8.0
M15_LONDON_ORB15_INCLUDE_NEWS_RR4p5,ORIGINAL,381.0,-63050.0,21.3,0.763,-165.5,-0.192,-77378.0,-77.94,-0.81,2.0,8.0
M15_LONDON_ORB15_INCLUDE_NEWS_RR4p5,R,158.0,12604.0,30.4,1.105,79.8,0.299,-34817.0,-32.94,0.36,5.0,8.0
M15_LONDON_ORB15_INCLUDE_NEWS_RR4p5,RR,218.0,32084.0,33.5,1.216,147.2,0.31,-23694.0,-21.92,1.35,6.0,8.0
M15_LONDON_ORB15_INCLUDE_NEWS_RR4p5,RRR,228.0,34964.0,33.8,1.229,153.4,0.301,-22139.0,-20.64,1.58,7.0,8.0
M15_LONDON_ORB15_INCLUDE_NEWS_RR5,ORIGINAL,381.0,-57535.0,21.0,0.784,-151.0,-0.179,-71385.0,-71.9,-0.81,3.0,8.0
M15_LONDON_ORB15_INCLUDE_NEWS_RR5,R,158.0,17835.0,29.7,1.149,112.9,0.329,-33160.0,-31.24,0.54,5.0,8.0
M15_LONDON_ORB15_INCLUDE_NEWS_RR5,RR,217.0,35695.0,32.3,1.239,164.5,0.31,-22495.0,-20.35,1.59,7.0,8.0
M15_LONDON_ORB15_INCLUDE_NEWS_RR5,RRR,227.0,38575.0,32.6,1.251,169.9,0.301,-21830.0,-20.21,1.77,7.0,8.0
M15_LONDON_ORB15_SKIP_NEWS_RR1,ORIGINAL,282.0,-42965.0,39.7,0.725,-152.4,-0.198,-50560.0,-50.2,-0.85,4.0,8.0
M15_LONDON_ORB15_SKIP_NEWS_RR1,R,107.0,4370.0,57.9,1.077,40.8,0.159,-17600.0,-14.99,0.25,4.0,8.0
M15_LONDON_ORB15_SKIP_NEWS_RR1,RR,189.0,20550.0,58.2,1.237,108.7,0.159,-20455.0,-16.27,1.0,4.0,8.0
M15_LONDON_ORB15_SKIP_NEWS_RR1,RRR,240.0,33715.0,60.0,1.332,140.5,0.192,-18890.0,-14.44,1.78,5.0,8.0
M15_LONDON_ORB15_SKIP_NEWS_RR1p5,ORIGINAL,276.0,-66282.0,30.1,0.628,-240.2,-0.269,-75519.0,-74.72,-0.88,2.0,8.0
M15_LONDON_ORB15_SKIP_NEWS_RR1p5,R,107.0,16928.0,53.3,1.273,158.2,0.322,-18858.0,-15.56,0.9,5.0,8.0
M15_LONDON_ORB15_SKIP_NEWS_RR1p5,RR,182.0,37858.0,52.7,1.404,208.0,0.289,-18416.0,-14.04,2.06,6.0,8.0
M15_LONDON_ORB15_SKIP_NEWS_RR1p5,RRR,218.0,49622.0,53.7,1.469,227.6,0.291,-14979.0,-11.02,3.31,5.0,8.0
M15_LONDON_ORB15_SKIP_NEWS_RR2,ORIGINAL,273.0,-76205.0,23.8,0.596,-279.1,-0.34,-79400.0,-79.97,-0.96,2.0,8.0
M15_LONDON_ORB15_SKIP_NEWS_RR2,R,107.0,11400.0,43.9,1.16,106.5,0.282,-18355.0,-16.1,0.62,6.0,8.0
M15_LONDON_ORB15_SKIP_NEWS_RR2,RR,171.0,34605.0,46.2,1.361,202.4,0.291,-14265.0,-12.19,2.43,5.0,8.0
M15_LONDON_ORB15_SKIP_NEWS_RR2,RRR,196.0,43300.0,47.4,1.41,220.9,0.304,-11970.0,-9.89,3.62,5.0,8.0
M15_LONDON_ORB15_SKIP_NEWS_RR2p5,ORIGINAL,273.0,-65368.0,23.1,0.657,-239.4,-0.288,-71220.0,-71.73,-0.92,2.0,8.0
M15_LONDON_ORB15_SKIP_NEWS_RR2p5,R,107.0,13882.0,39.3,1.186,129.7,0.31,-19943.0,-17.13,0.7,5.0,8.0
M15_LONDON_ORB15_SKIP_NEWS_RR2p5,RR,166.0,38047.0,43.4,1.387,229.2,0.351,-14907.0,-12.41,2.55,7.0,8.0
M15_LONDON_ORB15_SKIP_NEWS_RR2p5,RRR,179.0,38137.0,43.0,1.364,213.1,0.323,-12629.0,-10.52,3.02,7.0,8.0
M15_LONDON_ORB15_SKIP_NEWS_RR3,ORIGINAL,272.0,-60165.0,21.7,0.687,-221.2,-0.286,-65260.0,-65.59,-0.92,2.0,8.0
M15_LONDON_ORB15_SKIP_NEWS_RR3,R,107.0,6180.0,36.4,1.08,57.8,0.285,-19625.0,-18.1,0.31,4.0,8.0
M15_LONDON_ORB15_SKIP_NEWS_RR3,RR,159.0,30980.0,41.5,1.31,194.8,0.381,-16455.0,-14.41,1.88,5.0,8.0
M15_LONDON_ORB15_SKIP_NEWS_RR3,RRR,170.0,36450.0,41.8,1.349,214.4,0.398,-13500.0,-11.83,2.7,6.0,8.0
M15_LONDON_ORB15_SKIP_NEWS_RR3p5,ORIGINAL,269.0,-69214.0,19.7,0.643,-257.3,-0.317,-75220.0,-75.76,-0.92,2.0,8.0
M15_LONDON_ORB15_SKIP_NEWS_RR3p5,R,107.0,11338.0,35.5,1.145,106.0,0.354,-19895.0,-18.26,0.57,5.0,8.0
M15_LONDON_ORB15_SKIP_NEWS_RR3p5,RR,154.0,30320.0,38.3,1.3,196.9,0.369,-18200.0,-15.95,1.67,6.0,8.0
M15_LONDON_ORB15_SKIP_NEWS_RR3p5,RRR,163.0,35188.0,38.7,1.336,215.9,0.377,-16135.0,-14.21,2.18,6.0,8.0
M15_LONDON_ORB15_SKIP_NEWS_RR4,ORIGINAL,269.0,-73545.0,19.0,0.624,-273.4,-0.321,-79300.0,-79.87,-0.93,2.0,8.0
M15_LONDON_ORB15_SKIP_NEWS_RR4,R,107.0,8150.0,31.8,1.101,76.2,0.291,-19460.0,-18.22,0.42,6.0,8.0
M15_LONDON_ORB15_SKIP_NEWS_RR4,RR,151.0,29990.0,36.4,1.298,198.6,0.363,-19125.0,-16.77,1.57,6.0,8.0
M15_LONDON_ORB15_SKIP_NEWS_RR4,RRR,159.0,32145.0,36.5,1.308,202.2,0.352,-17060.0,-15.03,1.88,7.0,8.0
M15_LONDON_ORB15_SKIP_NEWS_RR4p5,ORIGINAL,269.0,-66305.0,19.0,0.661,-246.5,-0.286,-71966.0,-72.48,-0.92,3.0,8.0
M15_LONDON_ORB15_SKIP_NEWS_RR4p5,R,107.0,694.0,29.9,1.009,6.5,0.21,-21124.0,-19.55,0.03,6.0,8.0
M15_LONDON_ORB15_SKIP_NEWS_RR4p5,RR,149.0,17134.0,34.2,1.17,115.0,0.257,-19700.0,-17.13,0.87,6.0,8.0
M15_LONDON_ORB15_SKIP_NEWS_RR4p5,RRR,155.0,20459.0,34.8,1.197,132.0,0.267,-17635.0,-15.4,1.16,6.0,8.0
M15_LONDON_ORB15_SKIP_NEWS_RR5,ORIGINAL,269.0,-59800.0,19.0,0.695,-222.3,-0.256,-64710.0,-65.18,-0.92,3.0,8.0
M15_LONDON_ORB15_SKIP_NEWS_RR5,R,107.0,2005.0,29.0,1.024,18.7,0.205,-20080.0,-18.37,0.1,6.0,8.0
M15_LONDON_ORB15_SKIP_NEWS_RR5,RR,148.0,16005.0,32.4,1.157,108.1,0.211,-19700.0,-16.77,0.81,6.0,8.0
M15_LONDON_ORB15_SKIP_NEWS_RR5,RRR,154.0,19330.0,33.1,1.185,125.5,0.223,-17635.0,-15.07,1.1,7.0,8.0
M15_LONDON_ORB30_INCLUDE_NEWS_RR1,ORIGINAL,338.0,3370.0,47.6,1.018,10.0,-0.038,-31405.0,-28.33,0.11,5.0,8.0
M15_LONDON_ORB30_INCLUDE_NEWS_RR1,R,156.0,-26320.0,50.0,0.76,-168.7,-0.007,-39475.0,-35.48,-0.67,4.0,8.0
M15_LONDON_ORB30_INCLUDE_NEWS_RR1,RR,266.0,-12165.0,51.5,0.925,-45.7,0.024,-31715.0,-27.57,-0.38,4.0,8.0
M15_LONDON_ORB30_INCLUDE_NEWS_RR1,RRR,320.0,-8840.0,51.9,0.952,-27.6,0.028,-35230.0,-29.84,-0.25,4.0,8.0
M15_LONDON_ORB30_INCLUDE_NEWS_RR1p5,ORIGINAL,332.0,-2846.0,38.3,0.987,-8.6,-0.065,-39933.0,-32.15,-0.07,4.0,8.0
M15_LONDON_ORB30_INCLUDE_NEWS_RR1p5,R,156.0,-18233.0,41.0,0.85,-116.9,0.008,-38498.0,-34.13,-0.47,4.0,8.0
M15_LONDON_ORB30_INCLUDE_NEWS_RR1p5,RR,252.0,-12202.0,42.1,0.93,-48.4,0.011,-33936.0,-28.46,-0.36,4.0,8.0
M15_LONDON_ORB30_INCLUDE_NEWS_RR1p5,RRR,283.0,-2365.0,43.8,0.987,-8.4,0.041,-30786.0,-25.38,-0.08,4.0,8.0
M15_LONDON_ORB30_INCLUDE_NEWS_RR2,ORIGINAL,326.0,-12970.0,33.1,0.943,-39.8,-0.082,-46055.0,-38.34,-0.28,4.0,8.0
M15_LONDON_ORB30_INCLUDE_NEWS_RR2,R,156.0,-22175.0,34.6,0.83,-142.1,-0.026,-35020.0,-33.91,-0.63,3.0,8.0
M15_LONDON_ORB30_INCLUDE_NEWS_RR2,RR,235.0,-18675.0,37.0,0.894,-79.5,-0.008,-35220.0,-33.41,-0.53,3.0,8.0
M15_LONDON_ORB30_INCLUDE_NEWS_RR2,RRR,253.0,-12505.0,37.9,0.932,-49.4,0.015,-31280.0,-29.25,-0.4,3.0,8.0
M15_LONDON_ORB30_INCLUDE_NEWS_RR2p5,ORIGINAL,326.0,-5248.0,30.4,0.978,-16.1,-0.077,-54834.0,-41.17,-0.1,6.0,8.0
M15_LONDON_ORB30_INCLUDE_NEWS_RR2p5,R,156.0,-30470.0,29.5,0.778,-195.3,-0.088,-35301.0,-34.6,-0.86,2.0,8.0
M15_LONDON_ORB30_INCLUDE_NEWS_RR2p5,RR,222.0,-32991.0,32.0,0.815,-148.6,-0.06,-39498.0,-37.5,-0.84,2.0,8.0
M15_LONDON_ORB30_INCLUDE_NEWS_RR2p5,RRR,234.0,-29836.0,32.5,0.837,-127.5,-0.044,-39778.0,-37.09,-0.75,2.0,8.0
M15_LONDON_ORB30_INCLUDE_NEWS_RR3,ORIGINAL,324.0,-38775.0,27.8,0.838,-119.7,-0.114,-55385.0,-55.78,-0.7,4.0,8.0
M15_LONDON_ORB30_INCLUDE_NEWS_RR3,R,156.0,-41440.0,26.3,0.708,-265.6,-0.163,-40950.0,-41.24,-1.01,2.0,8.0
M15_LONDON_ORB30_INCLUDE_NEWS_RR3,RR,217.0,-46475.0,29.0,0.744,-214.2,-0.131,-50430.0,-49.37,-0.92,2.0,8.0
M15_LONDON_ORB30_INCLUDE_NEWS_RR3,RRR,224.0,-44155.0,29.0,0.76,-197.1,-0.12,-48110.0,-47.1,-0.92,2.0,8.0
M15_LONDON_ORB30_INCLUDE_NEWS_RR3p5,ORIGINAL,323.0,-32278.0,27.2,0.865,-99.9,-0.094,-51073.0,-51.44,-0.63,4.0,8.0
M15_LONDON_ORB30_INCLUDE_NEWS_RR3p5,R,156.0,-31445.0,26.3,0.778,-201.6,-0.094,-37198.0,-37.47,-0.85,3.0,8.0
M15_LONDON_ORB30_INCLUDE_NEWS_RR3p5,RR,215.0,-35763.0,28.8,0.802,-166.3,-0.073,-41643.0,-40.59,-0.86,2.0,8.0
M15_LONDON_ORB30_INCLUDE_NEWS_RR3p5,RRR,222.0,-33010.0,28.8,0.82,-148.7,-0.062,-42783.0,-41.7,-0.77,2.0,8.0
M15_LONDON_ORB30_INCLUDE_NEWS_RR4,ORIGINAL,323.0,-18480.0,27.2,0.923,-57.2,-0.043,-44935.0,-42.24,-0.41,4.0,8.0
M15_LONDON_ORB30_INCLUDE_NEWS_RR4,R,156.0,-32090.0,25.6,0.775,-205.7,-0.097,-36240.0,-36.5,-0.89,3.0,8.0
M15_LONDON_ORB30_INCLUDE_NEWS_RR4,RR,211.0,-32455.0,28.4,0.818,-153.8,-0.053,-42015.0,-40.77,-0.77,3.0,8.0
M15_LONDON_ORB30_INCLUDE_NEWS_RR4,RRR,218.0,-29270.0,28.4,0.839,-134.3,-0.041,-43155.0,-41.88,-0.68,3.0,8.0
M15_LONDON_ORB30_INCLUDE_NEWS_RR4p5,ORIGINAL,323.0,-13089.0,27.2,0.945,-40.5,-0.025,-44276.0,-40.75,-0.3,5.0,8.0
M15_LONDON_ORB30_INCLUDE_NEWS_RR4p5,R,156.0,-36143.0,24.4,0.748,-231.7,-0.14,-38403.0,-38.68,-0.94,3.0,8.0
M15_LONDON_ORB30_INCLUDE_NEWS_RR4p5,RR,210.0,-38294.0,27.1,0.787,-182.4,-0.087,-45542.0,-44.0,-0.84,3.0,8.0
M15_LONDON_ORB30_INCLUDE_NEWS_RR4p5,RRR,216.0,-34096.0,27.3,0.812,-157.9,-0.066,-43720.0,-42.24,-0.78,3.0,8.0
M15_LONDON_ORB30_INCLUDE_NEWS_RR5,ORIGINAL,323.0,-2025.0,27.2,0.992,-6.3,0.013,-42555.0,-37.1,-0.05,5.0,8.0
M15_LONDON_ORB30_INCLUDE_NEWS_RR5,R,156.0,-31890.0,24.4,0.778,-204.4,-0.11,-37280.0,-37.55,-0.86,3.0,8.0
M15_LONDON_ORB30_INCLUDE_NEWS_RR5,RR,210.0,-35710.0,27.1,0.801,-170.0,-0.072,-43645.0,-42.55,-0.82,3.0,8.0
M15_LONDON_ORB30_INCLUDE_NEWS_RR5,RRR,216.0,-31080.0,27.3,0.829,-143.9,-0.05,-42315.0,-41.25,-0.73,3.0,8.0
M15_LONDON_ORB30_SKIP_NEWS_RR1,ORIGINAL,241.0,-19600.0,44.8,0.862,-81.3,-0.097,-39975.0,-39.28,-0.49,4.0,8.0
M15_LONDON_ORB30_SKIP_NEWS_RR1,R,106.0,-6530.0,53.8,0.905,-61.6,0.07,-23000.0,-20.4,-0.28,3.0,8.0
M15_LONDON_ORB30_SKIP_NEWS_RR1,RR,183.0,11565.0,55.2,1.117,63.2,0.1,-19085.0,-15.93,0.61,4.0,8.0
M15_LONDON_ORB30_SKIP_NEWS_RR1,RRR,225.0,13815.0,54.7,1.118,61.4,0.083,-19960.0,-16.61,0.69,4.0,8.0
M15_LONDON_ORB30_SKIP_NEWS_RR1p5,ORIGINAL,236.0,-36303.0,35.2,0.774,-153.8,-0.148,-49552.0,-49.03,-0.73,3.0,8.0
M15_LONDON_ORB30_SKIP_NEWS_RR1p5,R,106.0,6656.0,47.2,1.089,62.8,0.162,-18353.0,-15.66,0.36,4.0,8.0
M15_LONDON_ORB30_SKIP_NEWS_RR1p5,RR,172.0,18631.0,47.1,1.176,108.3,0.14,-18264.0,-14.33,1.02,4.0,8.0
M15_LONDON_ORB30_SKIP_NEWS_RR1p5,RRR,199.0,27180.0,48.2,1.237,136.6,0.149,-17884.0,-13.69,1.52,4.0,8.0
M15_LONDON_ORB30_SKIP_NEWS_RR2,ORIGINAL,231.0,-44335.0,29.4,0.739,-191.9,-0.198,-52880.0,-53.26,-0.84,4.0,8.0
M15_LONDON_ORB30_SKIP_NEWS_RR2,R,106.0,5550.0,39.6,1.068,52.4,0.126,-17940.0,-16.24,0.31,5.0,8.0
M15_LONDON_ORB30_SKIP_NEWS_RR2,RR,159.0,11750.0,40.9,1.107,73.9,0.113,-16420.0,-14.27,0.72,5.0,8.0
M15_LONDON_ORB30_SKIP_NEWS_RR2,RRR,174.0,19475.0,42.0,1.168,111.9,0.136,-16615.0,-12.93,1.17,5.0,8.0
M15_LONDON_ORB30_SKIP_NEWS_RR2p5,ORIGINAL,231.0,-35154.0,27.3,0.797,-152.2,-0.174,-51815.0,-49.14,-0.68,4.0,8.0
M15_LONDON_ORB30_SKIP_NEWS_RR2p5,R,106.0,-1688.0,34.0,0.981,-15.9,0.059,-18398.0,-16.57,-0.09,5.0,8.0
M15_LONDON_ORB30_SKIP_NEWS_RR2p5,RR,152.0,-54.0,35.5,1.0,-0.4,0.053,-20617.0,-17.85,-0.0,4.0,8.0
M15_LONDON_ORB30_SKIP_NEWS_RR2p5,RRR,161.0,5886.0,36.6,1.051,36.6,0.087,-20383.0,-17.8,0.29,4.0,8.0
M15_LONDON_ORB30_SKIP_NEWS_RR3,ORIGINAL,230.0,-54405.0,24.3,0.695,-236.5,-0.227,-64320.0,-64.78,-0.85,3.0,8.0
M15_LONDON_ORB30_SKIP_NEWS_RR3,R,106.0,-14410.0,29.2,0.843,-135.9,-0.072,-21995.0,-20.7,-0.66,5.0,8.0
M15_LONDON_ORB30_SKIP_NEWS_RR3,RR,148.0,-14765.0,31.8,0.874,-99.8,-0.052,-26895.0,-24.71,-0.55,4.0,8.0
M15_LONDON_ORB30_SKIP_NEWS_RR3,RRR,154.0,-12035.0,31.8,0.899,-78.1,-0.034,-27085.0,-24.88,-0.44,4.0,8.0
M15_LONDON_ORB30_SKIP_NEWS_RR3p5,ORIGINAL,229.0,-46790.0,24.0,0.737,-204.3,-0.201,-57975.0,-58.39,-0.81,2.0,8.0
M15_LONDON_ORB30_SKIP_NEWS_RR3p5,R,106.0,-7135.0,29.2,0.922,-67.3,0.001,-20300.0,-18.8,-0.35,5.0,8.0
M15_LONDON_ORB30_SKIP_NEWS_RR3p5,RR,146.0,-7311.0,31.5,0.937,-50.1,0.006,-24428.0,-22.15,-0.3,4.0,8.0
M15_LONDON_ORB30_SKIP_NEWS_RR3p5,RRR,152.0,-4148.0,31.6,0.965,-27.3,0.025,-25568.0,-23.18,-0.16,4.0,8.0
M15_LONDON_ORB30_SKIP_NEWS_RR4,ORIGINAL,229.0,-38310.0,24.0,0.785,-167.3,-0.157,-50215.0,-50.58,-0.76,3.0,8.0
M15_LONDON_ORB30_SKIP_NEWS_RR4,R,106.0,-10500.0,28.3,0.887,-99.1,-0.033,-22860.0,-20.77,-0.46,5.0,8.0
M15_LONDON_ORB30_SKIP_NEWS_RR4,RR,142.0,-7260.0,31.0,0.937,-51.1,0.009,-27145.0,-24.19,-0.27,5.0,8.0
M15_LONDON_ORB30_SKIP_NEWS_RR4,RRR,148.0,-3665.0,31.1,0.969,-24.8,0.032,-28020.0,-25.03,-0.13,4.0,8.0
M15_LONDON_ORB30_SKIP_NEWS_RR4p5,ORIGINAL,229.0,-33954.0,24.0,0.809,-148.3,-0.142,-46665.0,-47.0,-0.73,4.0,8.0
M15_LONDON_ORB30_SKIP_NEWS_RR4p5,R,106.0,-15813.0,26.4,0.831,-149.2,-0.111,-29387.0,-26.22,-0.54,5.0,8.0
M15_LONDON_ORB30_SKIP_NEWS_RR4p5,RR,141.0,-14897.0,29.1,0.871,-105.7,-0.059,-34797.0,-30.34,-0.43,5.0,8.0
M15_LONDON_ORB30_SKIP_NEWS_RR4p5,RRR,146.0,-10289.0,29.5,0.912,-70.5,-0.024,-29229.0,-25.7,-0.35,5.0,8.0
M15_LONDON_ORB30_SKIP_NEWS_RR5,ORIGINAL,229.0,-27340.0,24.0,0.847,-119.4,-0.112,-42440.0,-42.43,-0.64,4.0,8.0
M15_LONDON_ORB30_SKIP_NEWS_RR5,R,106.0,-13680.0,26.4,0.854,-129.1,-0.091,-28610.0,-25.27,-0.48,5.0,8.0
M15_LONDON_ORB30_SKIP_NEWS_RR5,RR,141.0,-14970.0,29.1,0.87,-106.2,-0.062,-33630.0,-29.27,-0.45,5.0,8.0
M15_LONDON_ORB30_SKIP_NEWS_RR5,RRR,146.0,-9930.0,29.5,0.915,-68.0,-0.023,-29050.0,-25.5,-0.34,5.0,8.0
M15_LONDON_ORB60_INCLUDE_NEWS_RR1,ORIGINAL,292.0,1905.0,46.2,1.01,6.5,-0.068,-31385.0,-27.12,0.06,4.0,8.0
M15_LONDON_ORB60_INCLUDE_NEWS_RR1,R,155.0,-19350.0,53.5,0.848,-124.8,0.066,-35120.0,-33.17,-0.55,3.0,8.0
M15_LONDON_ORB60_INCLUDE_NEWS_RR1,RR,250.0,-3405.0,54.4,0.981,-13.6,0.077,-26220.0,-23.79,-0.13,5.0,8.0
M15_LONDON_ORB60_INCLUDE_NEWS_RR1,RRR,283.0,-4605.0,54.1,0.976,-16.3,0.074,-28260.0,-25.51,-0.16,4.0,8.0
M15_LONDON_ORB60_INCLUDE_NEWS_RR1p5,ORIGINAL,282.0,-29416.0,36.5,0.87,-104.3,-0.124,-47551.0,-46.96,-0.62,2.0,8.0
M15_LONDON_ORB60_INCLUDE_NEWS_RR1p5,R,155.0,-4501.0,47.1,0.967,-29.0,0.133,-27686.0,-25.04,-0.16,3.0,8.0
M15_LONDON_ORB60_INCLUDE_NEWS_RR1p5,RR,231.0,6569.0,47.6,1.036,28.4,0.119,-22893.0,-20.09,0.29,5.0,8.0
M15_LONDON_ORB60_INCLUDE_NEWS_RR1p5,RRR,252.0,10572.0,48.4,1.055,42.0,0.127,-21543.0,-18.79,0.49,5.0,8.0
M15_LONDON_ORB60_INCLUDE_NEWS_RR2,ORIGINAL,280.0,-32245.0,33.6,0.861,-115.2,-0.122,-48575.0,-48.49,-0.66,3.0,8.0
M15_LONDON_ORB60_INCLUDE_NEWS_RR2,R,155.0,-21695.0,38.7,0.852,-140.0,0.018,-36065.0,-33.16,-0.6,2.0,8.0
M15_LONDON_ORB60_INCLUDE_NEWS_RR2,RR,210.0,-15940.0,40.0,0.912,-75.9,0.046,-29425.0,-26.51,-0.54,3.0,8.0
M15_LONDON_ORB60_INCLUDE_NEWS_RR2,RRR,219.0,-7460.0,41.1,0.959,-34.1,0.066,-25255.0,-22.86,-0.3,3.0,8.0
M15_LONDON_ORB60_INCLUDE_NEWS_RR2p5,ORIGINAL,279.0,-28003.0,32.3,0.88,-100.4,-0.12,-44375.0,-44.87,-0.63,4.0,8.0
M15_LONDON_ORB60_INCLUDE_NEWS_RR2p5,R,155.0,-38972.0,34.2,0.749,-251.4,-0.072,-47995.0,-44.02,-0.81,2.0,8.0
M15_LONDON_ORB60_INCLUDE_NEWS_RR2p5,RR,196.0,-29112.0,36.7,0.839,-148.5,0.001,-39205.0,-35.61,-0.74,3.0,8.0
M15_LONDON_ORB60_INCLUDE_NEWS_RR2p5,RRR,201.0,-26442.0,37.3,0.855,-131.6,0.002,-36535.0,-33.19,-0.72,3.0,8.0
M15_LONDON_ORB60_INCLUDE_NEWS_RR3,ORIGINAL,277.0,-23525.0,31.8,0.899,-84.9,-0.091,-43465.0,-43.95,-0.54,5.0,8.0
M15_LONDON_ORB60_INCLUDE_NEWS_RR3,R,155.0,-31125.0,33.5,0.8,-200.8,-0.03,-41905.0,-37.83,-0.74,2.0,8.0
M15_LONDON_ORB60_INCLUDE_NEWS_RR3,RR,193.0,-28170.0,34.7,0.846,-146.0,0.001,-40020.0,-35.78,-0.7,3.0,8.0
M15_LONDON_ORB60_INCLUDE_NEWS_RR3,RRR,194.0,-28695.0,34.5,0.843,-147.9,-0.004,-40545.0,-36.25,-0.71,3.0,8.0
M15_LONDON_ORB60_INCLUDE_NEWS_RR3p5,ORIGINAL,277.0,-23597.0,31.0,0.899,-85.2,-0.103,-42794.0,-43.27,-0.55,5.0,8.0
M15_LONDON_ORB60_INCLUDE_NEWS_RR3p5,R,155.0,-34849.0,32.3,0.779,-224.8,-0.06,-42541.0,-39.5,-0.82,2.0,8.0
M15_LONDON_ORB60_INCLUDE_NEWS_RR3p5,RR,190.0,-31108.0,33.7,0.828,-163.7,-0.02,-40940.0,-37.28,-0.76,3.0,8.0
M15_LONDON_ORB60_INCLUDE_NEWS_RR3p5,RRR,191.0,-31633.0,33.5,0.826,-165.6,-0.025,-41465.0,-37.75,-0.76,3.0,8.0
M15_LONDON_ORB60_INCLUDE_NEWS_RR4,ORIGINAL,277.0,-14480.0,31.0,0.938,-52.3,-0.075,-41290.0,-41.75,-0.35,5.0,8.0
M15_LONDON_ORB60_INCLUDE_NEWS_RR4,R,155.0,-34500.0,32.3,0.781,-222.6,-0.051,-39615.0,-37.69,-0.87,2.0,8.0
M15_LONDON_ORB60_INCLUDE_NEWS_RR4,RR,189.0,-30250.0,33.3,0.833,-160.1,-0.009,-37315.0,-34.85,-0.81,3.0,8.0
M15_LONDON_ORB60_INCLUDE_NEWS_RR4,RRR,190.0,-30775.0,33.2,0.831,-162.0,-0.014,-37840.0,-35.34,-0.81,3.0,8.0
M15_LONDON_ORB60_INCLUDE_NEWS_RR4p5,ORIGINAL,277.0,-9566.0,31.0,0.959,-34.5,-0.064,-39726.0,-40.17,-0.24,5.0,8.0
M15_LONDON_ORB60_INCLUDE_NEWS_RR4p5,R,155.0,-33433.0,31.6,0.788,-215.7,-0.051,-41177.0,-39.17,-0.81,2.0,8.0
M15_LONDON_ORB60_INCLUDE_NEWS_RR4p5,RR,189.0,-29492.0,32.8,0.838,-156.0,-0.009,-35877.0,-33.72,-0.82,2.0,8.0
M15_LONDON_ORB60_INCLUDE_NEWS_RR4p5,RRR,190.0,-30017.0,32.6,0.835,-158.0,-0.014,-36402.0,-34.22,-0.82,2.0,8.0
M15_LONDON_ORB60_INCLUDE_NEWS_RR5,ORIGINAL,277.0,-14320.0,30.7,0.939,-51.7,-0.085,-45275.0,-45.78,-0.32,4.0,8.0
M15_LONDON_ORB60_INCLUDE_NEWS_RR5,R,155.0,-30515.0,31.6,0.807,-196.9,-0.033,-41775.0,-39.74,-0.73,2.0,8.0
M15_LONDON_ORB60_INCLUDE_NEWS_RR5,RR,189.0,-28010.0,32.8,0.846,-148.2,-0.003,-34395.0,-32.33,-0.81,2.0,8.0
M15_LONDON_ORB60_INCLUDE_NEWS_RR5,RRR,190.0,-28535.0,32.6,0.843,-150.2,-0.008,-34920.0,-32.82,-0.82,2.0,8.0
M15_LONDON_ORB60_SKIP_NEWS_RR1,ORIGINAL,197.0,-8160.0,44.2,0.938,-41.4,-0.111,-19115.0,-19.01,-0.43,4.0,8.0
M15_LONDON_ORB60_SKIP_NEWS_RR1,R,105.0,-2975.0,56.2,0.963,-28.3,0.111,-15260.0,-14.17,-0.19,3.0,8.0
M15_LONDON_ORB60_SKIP_NEWS_RR1,RR,166.0,7890.0,57.2,1.073,47.5,0.132,-15710.0,-14.07,0.5,4.0,8.0
M15_LONDON_ORB60_SKIP_NEWS_RR1,RRR,189.0,4115.0,56.1,1.034,21.8,0.115,-16300.0,-14.46,0.25,4.0,8.0
M15_LONDON_ORB60_SKIP_NEWS_RR1p5,ORIGINAL,190.0,-23927.0,34.2,0.838,-125.9,-0.176,-33242.0,-33.61,-0.72,3.0,8.0
M15_LONDON_ORB60_SKIP_NEWS_RR1p5,R,105.0,12836.0,50.5,1.152,122.2,0.207,-11270.0,-9.3,1.14,4.0,8.0
M15_LONDON_ORB60_SKIP_NEWS_RR1p5,RR,153.0,20281.0,51.6,1.182,132.6,0.21,-13005.0,-10.78,1.56,5.0,8.0
M15_LONDON_ORB60_SKIP_NEWS_RR1p5,RRR,170.0,22904.0,51.8,1.193,134.7,0.201,-13005.0,-10.13,1.76,5.0,8.0
M15_LONDON_ORB60_SKIP_NEWS_RR2,ORIGINAL,189.0,-22400.0,30.7,0.854,-118.5,-0.195,-32770.0,-33.13,-0.68,3.0,8.0
M15_LONDON_ORB60_SKIP_NEWS_RR2,R,105.0,5225.0,41.9,1.057,49.8,0.096,-14020.0,-12.15,0.37,3.0,8.0
M15_LONDON_ORB60_SKIP_NEWS_RR2,RR,138.0,10545.0,43.5,1.095,76.4,0.156,-14375.0,-11.51,0.73,4.0,8.0
M15_LONDON_ORB60_SKIP_NEWS_RR2,RRR,147.0,19025.0,44.9,1.168,129.4,0.18,-13385.0,-10.11,1.42,4.0,8.0
M15_LONDON_ORB60_SKIP_NEWS_RR2p5,ORIGINAL,189.0,-14817.0,30.2,0.904,-78.4,-0.172,-28695.0,-29.01,-0.52,3.0,8.0
M15_LONDON_ORB60_SKIP_NEWS_RR2p5,R,105.0,-10140.0,37.1,0.897,-96.6,-0.006,-22336.0,-19.91,-0.45,3.0,8.0
M15_LONDON_ORB60_SKIP_NEWS_RR2p5,RR,129.0,-3673.0,39.5,0.968,-28.5,0.082,-18858.0,-16.43,-0.19,4.0,8.0
M15_LONDON_ORB60_SKIP_NEWS_RR2p5,RRR,134.0,-1003.0,40.3,0.991,-7.5,0.081,-18558.0,-15.84,-0.05,4.0,8.0
M15_LONDON_ORB60_SKIP_NEWS_RR3,ORIGINAL,187.0,-14765.0,29.4,0.904,-79.0,-0.156,-28695.0,-29.01,-0.51,4.0,8.0
M15_LONDON_ORB60_SKIP_NEWS_RR3,R,105.0,-5810.0,36.2,0.942,-55.3,0.023,-21795.0,-18.79,-0.27,4.0,8.0
M15_LONDON_ORB60_SKIP_NEWS_RR3,RR,127.0,-5225.0,37.0,0.955,-41.1,0.055,-26500.0,-22.0,-0.2,5.0,8.0
M15_LONDON_ORB60_SKIP_NEWS_RR3,RRR,128.0,-5750.0,36.7,0.95,-44.9,0.046,-27025.0,-22.44,-0.21,4.0,8.0
M15_LONDON_ORB60_SKIP_NEWS_RR3p5,ORIGINAL,187.0,-11184.0,28.9,0.927,-59.8,-0.156,-28695.0,-29.01,-0.39,4.0,8.0
M15_LONDON_ORB60_SKIP_NEWS_RR3p5,R,105.0,-10457.0,34.3,0.897,-99.6,-0.035,-25352.0,-22.07,-0.41,3.0,8.0
M15_LONDON_ORB60_SKIP_NEWS_RR3p5,RR,124.0,-9369.0,35.5,0.918,-75.6,0.009,-29487.0,-24.81,-0.32,5.0,8.0
M15_LONDON_ORB60_SKIP_NEWS_RR3p5,RRR,125.0,-9894.0,35.2,0.913,-79.2,0.001,-30012.0,-25.25,-0.33,5.0,8.0
M15_LONDON_ORB60_SKIP_NEWS_RR4,ORIGINAL,187.0,-2760.0,28.9,0.982,-14.8,-0.118,-28695.0,-29.01,-0.1,4.0,8.0
M15_LONDON_ORB60_SKIP_NEWS_RR4,R,105.0,-13020.0,34.3,0.871,-124.0,-0.05,-26660.0,-23.46,-0.49,3.0,8.0
M15_LONDON_ORB60_SKIP_NEWS_RR4,RR,123.0,-11705.0,35.0,0.897,-95.2,-0.002,-30915.0,-26.33,-0.38,5.0,8.0
M15_LONDON_ORB60_SKIP_NEWS_RR4,RRR,124.0,-12230.0,34.7,0.893,-98.6,-0.01,-31320.0,-26.67,-0.39,5.0,8.0
M15_LONDON_ORB60_SKIP_NEWS_RR4p5,ORIGINAL,187.0,-706.0,28.9,0.995,-3.8,-0.117,-28695.0,-29.01,-0.02,5.0,8.0
M15_LONDON_ORB60_SKIP_NEWS_RR4p5,R,105.0,-13406.0,33.3,0.868,-127.7,-0.068,-28369.0,-24.68,-0.47,3.0,8.0
M15_LONDON_ORB60_SKIP_NEWS_RR4p5,RR,123.0,-12683.0,34.1,0.889,-103.1,-0.021,-32852.0,-27.91,-0.39,4.0,8.0
M15_LONDON_ORB60_SKIP_NEWS_RR4p5,RRR,124.0,-13208.0,33.9,0.885,-106.5,-0.029,-33029.0,-28.06,-0.4,4.0,8.0
M15_LONDON_ORB60_SKIP_NEWS_RR5,ORIGINAL,187.0,-1210.0,28.9,0.992,-6.5,-0.132,-28695.0,-29.01,-0.04,5.0,8.0
M15_LONDON_ORB60_SKIP_NEWS_RR5,R,105.0,-11810.0,33.3,0.884,-112.5,-0.054,-26700.0,-23.24,-0.44,3.0,8.0
M15_LONDON_ORB60_SKIP_NEWS_RR5,RR,123.0,-12805.0,34.1,0.888,-104.1,-0.026,-31410.0,-26.7,-0.41,4.0,8.0
M15_LONDON_ORB60_SKIP_NEWS_RR5,RRR,124.0,-13330.0,33.9,0.884,-107.5,-0.034,-31410.0,-26.7,-0.42,4.0,8.0
M1_LONDON_ORB15_INCLUDE_NEWS_RR1,ORIGINAL,888.0,-30130.0,48.9,0.901,-33.9,-0.022,-40745.0,-39.53,-0.74,2.0,8.0
M1_LONDON_ORB15_INCLUDE_NEWS_RR1,R,158.0,10590.0,51.9,1.203,67.0,0.038,-6585.0,-6.44,1.61,6.0,8.0
M1_LONDON_ORB15_INCLUDE_NEWS_RR1,RR,304.0,12395.0,52.6,1.122,40.8,0.053,-9590.0,-8.54,1.29,5.0,8.0
M1_LONDON_ORB15_INCLUDE_NEWS_RR1,RRR,435.0,6565.0,51.3,1.044,15.1,0.027,-12985.0,-12.1,0.51,6.0,8.0
M1_LONDON_ORB15_INCLUDE_NEWS_RR1p5,ORIGINAL,827.0,-19318.0,39.8,0.942,-23.4,-0.013,-36296.0,-34.33,-0.53,3.0,8.0
M1_LONDON_ORB15_INCLUDE_NEWS_RR1p5,R,158.0,11137.0,42.4,1.173,70.5,0.06,-14080.0,-13.6,0.79,5.0,8.0
M1_LONDON_ORB15_INCLUDE_NEWS_RR1p5,RR,300.0,13689.0,42.7,1.113,45.6,0.061,-17168.0,-15.45,0.8,4.0,8.0
M1_LONDON_ORB15_INCLUDE_NEWS_RR1p5,RRR,423.0,15568.0,42.8,1.091,36.8,0.057,-19815.0,-17.62,0.79,5.0,8.0
M1_LONDON_ORB15_INCLUDE_NEWS_RR2,ORIGINAL,790.0,-27440.0,33.2,0.921,-34.7,-0.032,-45085.0,-42.57,-0.61,3.0,8.0
M1_LONDON_ORB15_INCLUDE_NEWS_RR2,R,158.0,9200.0,33.5,1.125,58.2,-0.001,-13215.0,-12.96,0.7,3.0,8.0
M1_LONDON_ORB15_INCLUDE_NEWS_RR2,RR,294.0,1445.0,33.7,1.011,4.9,-0.003,-22720.0,-21.43,0.06,4.0,8.0
M1_LONDON_ORB15_INCLUDE_NEWS_RR2,RRR,408.0,1185.0,34.3,1.006,2.9,0.006,-23015.0,-21.34,0.05,4.0,8.0
M1_LONDON_ORB15_INCLUDE_NEWS_RR2p5,ORIGINAL,765.0,-36395.0,28.1,0.898,-47.6,-0.06,-54014.0,-51.16,-0.67,2.0,8.0
M1_LONDON_ORB15_INCLUDE_NEWS_RR2p5,R,158.0,14526.0,29.7,1.187,91.9,0.031,-15256.0,-15.16,0.95,4.0,8.0
M1_LONDON_ORB15_INCLUDE_NEWS_RR2p5,RR,288.0,-1379.0,29.2,0.99,-4.8,-0.008,-21610.0,-20.65,-0.06,4.0,8.0
M1_LONDON_ORB15_INCLUDE_NEWS_RR2p5,RRR,389.0,-4448.0,29.3,0.977,-11.4,-0.02,-25961.0,-25.34,-0.17,5.0,8.0
M1_LONDON_ORB15_INCLUDE_NEWS_RR3,ORIGINAL,748.0,-40340.0,24.9,0.889,-53.9,-0.071,-63345.0,-58.81,-0.64,3.0,8.0
M1_LONDON_ORB15_INCLUDE_NEWS_RR3,R,158.0,5380.0,24.1,1.064,34.1,-0.071,-21160.0,-21.23,0.25,3.0,8.0
M1_LONDON_ORB15_INCLUDE_NEWS_RR3,RR,284.0,-4655.0,25.7,0.969,-16.4,-0.023,-25455.0,-25.11,-0.18,5.0,8.0
M1_LONDON_ORB15_INCLUDE_NEWS_RR3,RRR,374.0,-14045.0,25.4,0.926,-37.6,-0.062,-35985.0,-36.11,-0.39,5.0,8.0
M1_LONDON_ORB15_INCLUDE_NEWS_RR3p5,ORIGINAL,736.0,-35425.0,22.8,0.903,-48.1,-0.069,-70209.0,-60.07,-0.5,4.0,8.0
M1_LONDON_ORB15_INCLUDE_NEWS_RR3p5,R,158.0,12918.0,22.8,1.152,81.8,-0.032,-20344.0,-20.41,0.63,3.0,8.0
M1_LONDON_ORB15_INCLUDE_NEWS_RR3p5,RR,283.0,8168.0,24.0,1.056,28.9,-0.005,-23545.0,-22.88,0.35,5.0,8.0
M1_LONDON_ORB15_INCLUDE_NEWS_RR3p5,RRR,370.0,-5019.0,23.2,0.973,-13.6,-0.067,-31459.0,-31.31,-0.16,4.0,8.0
M1_LONDON_ORB15_INCLUDE_NEWS_RR4,ORIGINAL,730.0,-33965.0,21.0,0.908,-46.5,-0.085,-71375.0,-58.03,-0.48,3.0,8.0
M1_LONDON_ORB15_INCLUDE_NEWS_RR4,R,158.0,4355.0,18.4,1.049,27.6,-0.153,-22455.0,-22.53,0.19,4.0,8.0
M1_LONDON_ORB15_INCLUDE_NEWS_RR4,RR,280.0,165.0,21.4,1.001,0.6,-0.053,-35555.0,-34.25,0.0,5.0,8.0
M1_LONDON_ORB15_INCLUDE_NEWS_RR4,RRR,360.0,-15580.0,20.8,0.917,-43.3,-0.106,-48155.0,-47.48,-0.32,4.0,8.0
M1_LONDON_ORB15_INCLUDE_NEWS_RR4p5,ORIGINAL,727.0,-22201.0,20.1,0.94,-30.5,-0.076,-75173.0,-55.33,-0.3,5.0,8.0
M1_LONDON_ORB15_INCLUDE_NEWS_RR4p5,R,158.0,15572.0,18.4,1.174,98.6,-0.073,-22113.0,-22.13,0.7,4.0,8.0
M1_LONDON_ORB15_INCLUDE_NEWS_RR4p5,RR,279.0,17635.0,21.9,1.121,63.2,0.029,-33245.0,-31.74,0.53,5.0,8.0
M1_LONDON_ORB15_INCLUDE_NEWS_RR4p5,RRR,355.0,5753.0,21.1,1.031,16.2,-0.025,-42925.0,-41.94,0.13,5.0,8.0
M1_LONDON_ORB15_INCLUDE_NEWS_RR5,ORIGINAL,723.0,-22955.0,18.9,0.939,-31.7,-0.095,-71875.0,-54.56,-0.32,4.0,8.0
M1_LONDON_ORB15_INCLUDE_NEWS_RR5,R,158.0,10570.0,16.5,1.116,66.9,-0.142,-21880.0,-21.84,0.48,4.0,8.0
M1_LONDON_ORB15_INCLUDE_NEWS_RR5,RR,275.0,9835.0,20.0,1.067,35.8,-0.005,-30600.0,-28.96,0.32,4.0,8.0
M1_LONDON_ORB15_INCLUDE_NEWS_RR5,RRR,350.0,465.0,19.7,1.003,1.3,-0.038,-39755.0,-38.5,0.01,5.0,8.0
M1_LONDON_ORB15_SKIP_NEWS_RR1,ORIGINAL,627.0,-21935.0,49.8,0.898,-35.0,-0.006,-32305.0,-31.4,-0.68,2.0,8.0
M1_LONDON_ORB15_SKIP_NEWS_RR1,R,107.0,10650.0,53.3,1.325,99.5,0.065,-5260.0,-5.22,2.02,4.0,8.0
M1_LONDON_ORB15_SKIP_NEWS_RR1,RR,205.0,12190.0,52.7,1.187,59.5,0.054,-7270.0,-6.5,1.68,5.0,8.0
M1_LONDON_ORB15_SKIP_NEWS_RR1,RRR,294.0,7600.0,51.0,1.077,25.9,0.023,-13130.0,-11.96,0.58,5.0,8.0
M1_LONDON_ORB15_SKIP_NEWS_RR1p5,ORIGINAL,581.0,-22353.0,39.4,0.905,-38.5,-0.02,-33287.0,-31.95,-0.67,2.0,8.0
M1_LONDON_ORB15_SKIP_NEWS_RR1p5,R,107.0,21895.0,45.8,1.593,204.6,0.145,-5260.0,-5.09,4.16,6.0,8.0
M1_LONDON_ORB15_SKIP_NEWS_RR1p5,RR,202.0,23814.0,43.6,1.321,117.9,0.08,-6440.0,-5.49,3.7,6.0,8.0
M1_LONDON_ORB15_SKIP_NEWS_RR1p5,RRR,286.0,19747.0,43.0,1.177,69.0,0.064,-10760.0,-9.71,1.84,6.0,8.0
M1_LONDON_ORB15_SKIP_NEWS_RR2,ORIGINAL,553.0,-40215.0,32.4,0.836,-72.7,-0.055,-52095.0,-49.63,-0.77,2.0,8.0
M1_LONDON_ORB15_SKIP_NEWS_RR2,R,107.0,22380.0,36.4,1.52,209.2,0.083,-6950.0,-5.4,3.22,3.0,8.0
M1_LONDON_ORB15_SKIP_NEWS_RR2,RR,197.0,22525.0,36.5,1.27,114.3,0.076,-8065.0,-7.38,2.79,5.0,8.0
M1_LONDON_ORB15_SKIP_NEWS_RR2,RRR,275.0,17060.0,35.6,1.139,62.0,0.044,-11180.0,-9.71,1.53,4.0,8.0
M1_LONDON_ORB15_SKIP_NEWS_RR2p5,ORIGINAL,536.0,-50196.0,27.1,0.802,-93.6,-0.102,-62312.0,-60.01,-0.81,1.0,8.0
M1_LONDON_ORB15_SKIP_NEWS_RR2p5,R,107.0,28024.0,32.7,1.608,261.9,0.129,-6095.0,-5.88,4.6,5.0,8.0
M1_LONDON_ORB15_SKIP_NEWS_RR2p5,RR,195.0,23078.0,31.8,1.257,118.3,0.07,-8545.0,-7.24,2.7,5.0,8.0
M1_LONDON_ORB15_SKIP_NEWS_RR2p5,RRR,265.0,22623.0,31.7,1.181,85.4,0.056,-11840.0,-10.46,1.91,6.0,8.0
M1_LONDON_ORB15_SKIP_NEWS_RR3,ORIGINAL,523.0,-54685.0,24.1,0.787,-104.6,-0.109,-69440.0,-66.33,-0.79,2.0,8.0
M1_LONDON_ORB15_SKIP_NEWS_RR3,R,107.0,19695.0,26.2,1.385,184.1,-0.002,-9935.0,-9.78,1.98,4.0,8.0
M1_LONDON_ORB15_SKIP_NEWS_RR3,RR,191.0,18350.0,27.7,1.199,96.1,0.034,-10650.0,-10.35,1.72,4.0,8.0
M1_LONDON_ORB15_SKIP_NEWS_RR3,RRR,252.0,14725.0,27.4,1.123,58.4,0.001,-15340.0,-15.0,0.96,4.0,8.0
M1_LONDON_ORB15_SKIP_NEWS_RR3p5,ORIGINAL,515.0,-52124.0,22.3,0.798,-101.2,-0.098,-64560.0,-62.92,-0.81,3.0,8.0
M1_LONDON_ORB15_SKIP_NEWS_RR3p5,R,107.0,24184.0,24.3,1.463,226.0,0.008,-9935.0,-9.71,2.43,5.0,8.0
M1_LONDON_ORB15_SKIP_NEWS_RR3p5,RR,190.0,27583.0,25.8,1.31,145.2,0.031,-11185.0,-10.06,2.47,5.0,8.0
M1_LONDON_ORB15_SKIP_NEWS_RR3p5,RRR,249.0,21496.0,24.9,1.184,86.3,-0.019,-14593.0,-14.05,1.47,4.0,8.0
M1_LONDON_ORB15_SKIP_NEWS_RR4,ORIGINAL,510.0,-54950.0,20.4,0.79,-107.7,-0.118,-65665.0,-64.15,-0.84,2.0,8.0
M1_LONDON_ORB15_SKIP_NEWS_RR4,R,107.0,18190.0,19.6,1.328,170.0,-0.123,-10745.0,-10.63,1.69,5.0,8.0
M1_LONDON_ORB15_SKIP_NEWS_RR4,RR,188.0,21145.0,23.4,1.235,112.5,-0.016,-17155.0,-16.21,1.23,3.0,8.0
M1_LONDON_ORB15_SKIP_NEWS_RR4,RRR,242.0,13430.0,22.7,1.116,55.5,-0.048,-25450.0,-24.28,0.53,4.0,8.0
M1_LONDON_ORB15_SKIP_NEWS_RR4p5,ORIGINAL,508.0,-49372.0,19.5,0.812,-97.2,-0.114,-61514.0,-60.0,-0.8,2.0,8.0
M1_LONDON_ORB15_SKIP_NEWS_RR4p5,R,107.0,26910.0,19.6,1.485,251.5,-0.043,-10513.0,-10.37,2.56,5.0,8.0
M1_LONDON_ORB15_SKIP_NEWS_RR4p5,RR,187.0,36037.0,24.1,1.406,192.7,0.088,-16323.0,-15.29,2.21,5.0,8.0
M1_LONDON_ORB15_SKIP_NEWS_RR4p5,RRR,238.0,29670.0,23.1,1.261,124.7,0.05,-23433.0,-22.16,1.27,6.0,8.0
M1_LONDON_ORB15_SKIP_NEWS_RR5,ORIGINAL,504.0,-55045.0,18.1,0.791,-109.2,-0.155,-65280.0,-64.84,-0.84,3.0,8.0
M1_LONDON_ORB15_SKIP_NEWS_RR5,R,107.0,22945.0,17.8,1.405,214.4,-0.117,-14070.0,-10.47,1.63,4.0,8.0
M1_LONDON_ORB15_SKIP_NEWS_RR5,RR,183.0,29370.0,21.9,1.328,160.5,0.044,-15645.0,-14.52,1.88,7.0,8.0
M1_LONDON_ORB15_SKIP_NEWS_RR5,RRR,233.0,25060.0,21.5,1.22,107.6,0.034,-20840.0,-19.54,1.2,5.0,8.0
M1_LONDON_ORB30_INCLUDE_NEWS_RR1,ORIGINAL,702.0,-25860.0,47.7,0.913,-36.8,-0.041,-39650.0,-37.69,-0.65,2.0,8.0
M1_LONDON_ORB30_INCLUDE_NEWS_RR1,R,157.0,-19285.0,47.8,0.761,-122.8,-0.044,-25745.0,-24.93,-0.75,3.0,8.0
M1_LONDON_ORB30_INCLUDE_NEWS_RR1,RR,295.0,-1910.0,52.2,0.986,-6.5,0.048,-21055.0,-19.28,-0.09,4.0,8.0
M1_LONDON_ORB30_INCLUDE_NEWS_RR1,RRR,418.0,-2870.0,51.4,0.984,-6.9,0.034,-19205.0,-17.41,-0.15,2.0,8.0
M1_LONDON_ORB30_INCLUDE_NEWS_RR1p5,ORIGINAL,644.0,-36082.0,37.7,0.889,-56.0,-0.06,-51008.0,-48.99,-0.71,2.0,8.0
M1_LONDON_ORB30_INCLUDE_NEWS_RR1p5,R,157.0,-20803.0,37.6,0.776,-132.5,-0.054,-31381.0,-30.0,-0.66,2.0,8.0
M1_LONDON_ORB30_INCLUDE_NEWS_RR1p5,RR,291.0,-1358.0,42.6,0.991,-4.7,0.066,-29835.0,-26.24,-0.05,5.0,8.0
M1_LONDON_ORB30_INCLUDE_NEWS_RR1p5,RRR,398.0,9971.0,43.0,1.05,25.1,0.068,-21350.0,-19.36,0.47,4.0,8.0
M1_LONDON_ORB30_INCLUDE_NEWS_RR2,ORIGINAL,604.0,-38385.0,31.3,0.885,-63.6,-0.092,-60865.0,-55.91,-0.63,1.0,8.0
M1_LONDON_ORB30_INCLUDE_NEWS_RR2,R,157.0,-19365.0,31.8,0.805,-123.3,-0.058,-26530.0,-26.16,-0.73,4.0,8.0
M1_LONDON_ORB30_INCLUDE_NEWS_RR2,RR,285.0,-13845.0,34.0,0.919,-48.6,-0.009,-26230.0,-25.11,-0.53,3.0,8.0
M1_LONDON_ORB30_INCLUDE_NEWS_RR2,RRR,373.0,-5335.0,35.1,0.975,-14.3,0.009,-20730.0,-19.85,-0.26,4.0,8.0
M1_LONDON_ORB30_INCLUDE_NEWS_RR2p5,ORIGINAL,584.0,-34234.0,27.6,0.899,-58.6,-0.094,-65212.0,-57.49,-0.52,2.0,8.0
M1_LONDON_ORB30_INCLUDE_NEWS_RR2p5,R,157.0,-19379.0,28.7,0.813,-123.4,-0.028,-27486.0,-27.58,-0.71,4.0,8.0
M1_LONDON_ORB30_INCLUDE_NEWS_RR2p5,RR,273.0,-10586.0,31.9,0.937,-38.8,0.036,-29885.0,-28.58,-0.35,5.0,8.0
M1_LONDON_ORB30_INCLUDE_NEWS_RR2p5,RRR,344.0,-20662.0,32.3,0.9,-60.1,0.016,-41628.0,-40.57,-0.5,4.0,8.0
M1_LONDON_ORB30_INCLUDE_NEWS_RR3,ORIGINAL,571.0,-43705.0,25.4,0.872,-76.5,-0.092,-70245.0,-65.72,-0.62,3.0,8.0
M1_LONDON_ORB30_INCLUDE_NEWS_RR3,R,157.0,-24375.0,24.8,0.773,-155.3,-0.092,-34000.0,-34.11,-0.72,3.0,8.0
M1_LONDON_ORB30_INCLUDE_NEWS_RR3,RR,265.0,-19320.0,27.5,0.888,-72.9,-0.018,-42525.0,-40.45,-0.45,3.0,8.0
M1_LONDON_ORB30_INCLUDE_NEWS_RR3,RRR,331.0,-30065.0,28.1,0.855,-90.8,-0.036,-51935.0,-51.12,-0.58,4.0,8.0
M1_LONDON_ORB30_INCLUDE_NEWS_RR3p5,ORIGINAL,568.0,-38993.0,24.1,0.887,-68.6,-0.087,-68901.0,-62.34,-0.57,4.0,8.0
M1_LONDON_ORB30_INCLUDE_NEWS_RR3p5,R,157.0,-34135.0,21.7,0.693,-217.4,-0.164,-45928.0,-46.08,-0.74,3.0,8.0
M1_LONDON_ORB30_INCLUDE_NEWS_RR3p5,RR,262.0,-28928.0,24.8,0.834,-110.4,-0.071,-52448.0,-51.17,-0.55,3.0,8.0
M1_LONDON_ORB30_INCLUDE_NEWS_RR3p5,RRR,320.0,-36086.0,25.6,0.824,-112.8,-0.073,-58975.0,-58.21,-0.61,2.0,8.0
M1_LONDON_ORB30_INCLUDE_NEWS_RR4,ORIGINAL,564.0,-31880.0,23.4,0.907,-56.5,-0.069,-66850.0,-60.2,-0.48,4.0,8.0
M1_LONDON_ORB30_INCLUDE_NEWS_RR4,R,157.0,-28290.0,21.7,0.745,-180.2,-0.104,-44605.0,-44.75,-0.63,3.0,8.0
M1_LONDON_ORB30_INCLUDE_NEWS_RR4,RR,259.0,-11390.0,26.6,0.933,-44.0,0.044,-44285.0,-42.85,-0.26,5.0,8.0
M1_LONDON_ORB30_INCLUDE_NEWS_RR4,RRR,310.0,-19650.0,26.5,0.9,-63.4,0.006,-51270.0,-49.85,-0.38,3.0,8.0
M1_LONDON_ORB30_INCLUDE_NEWS_RR4p5,ORIGINAL,560.0,-34154.0,22.5,0.901,-61.0,-0.065,-67497.0,-64.19,-0.51,3.0,8.0
M1_LONDON_ORB30_INCLUDE_NEWS_RR4p5,R,157.0,-22903.0,21.7,0.794,-145.9,-0.058,-41585.0,-41.72,-0.55,4.0,8.0
M1_LONDON_ORB30_INCLUDE_NEWS_RR4p5,RR,257.0,-3410.0,26.5,0.98,-13.3,0.094,-39188.0,-37.61,-0.09,5.0,8.0
M1_LONDON_ORB30_INCLUDE_NEWS_RR4p5,RRR,306.0,-11347.0,26.1,0.942,-37.1,0.05,-46853.0,-45.18,-0.24,3.0,8.0
M1_LONDON_ORB30_INCLUDE_NEWS_RR5,ORIGINAL,558.0,-35165.0,21.5,0.898,-63.0,-0.089,-61565.0,-61.15,-0.57,4.0,8.0
M1_LONDON_ORB30_INCLUDE_NEWS_RR5,R,157.0,-25245.0,21.0,0.774,-160.8,-0.077,-47855.0,-48.02,-0.53,4.0,8.0
M1_LONDON_ORB30_INCLUDE_NEWS_RR5,RR,253.0,-7025.0,25.3,0.958,-27.8,0.079,-47425.0,-46.24,-0.15,5.0,8.0
M1_LONDON_ORB30_INCLUDE_NEWS_RR5,RRR,302.0,-15755.0,25.2,0.919,-52.2,0.035,-54350.0,-53.33,-0.29,3.0,8.0
M1_LONDON_ORB30_SKIP_NEWS_RR1,ORIGINAL,500.0,-35700.0,46.8,0.838,-71.4,-0.061,-45585.0,-44.13,-0.78,2.0,8.0
M1_LONDON_ORB30_SKIP_NEWS_RR1,R,106.0,-6630.0,50.0,0.866,-62.5,0.0,-17545.0,-16.32,-0.38,3.0,8.0
M1_LONDON_ORB30_SKIP_NEWS_RR1,RR,200.0,3710.0,52.5,1.044,18.6,0.051,-15350.0,-13.94,0.24,4.0,8.0
M1_LONDON_ORB30_SKIP_NEWS_RR1,RRR,285.0,10370.0,53.0,1.09,36.4,0.066,-16965.0,-14.41,0.61,5.0,8.0
M1_LONDON_ORB30_SKIP_NEWS_RR1p5,ORIGINAL,460.0,-46397.0,36.7,0.804,-100.9,-0.078,-57001.0,-55.49,-0.81,2.0,8.0
M1_LONDON_ORB30_SKIP_NEWS_RR1p5,R,106.0,-2780.0,41.5,0.951,-26.2,0.038,-14654.0,-13.69,-0.19,4.0,8.0
M1_LONDON_ORB30_SKIP_NEWS_RR1p5,RR,198.0,14535.0,45.5,1.15,73.4,0.127,-14328.0,-12.67,1.01,5.0,8.0
M1_LONDON_ORB30_SKIP_NEWS_RR1p5,RRR,275.0,25094.0,45.1,1.196,91.3,0.119,-16170.0,-13.46,1.55,5.0,8.0
M1_LONDON_ORB30_SKIP_NEWS_RR2,ORIGINAL,428.0,-63245.0,29.2,0.741,-147.8,-0.15,-75375.0,-72.74,-0.84,1.0,8.0
M1_LONDON_ORB30_SKIP_NEWS_RR2,R,106.0,-1785.0,34.0,0.971,-16.8,0.008,-14110.0,-13.15,-0.13,4.0,8.0
M1_LONDON_ORB30_SKIP_NEWS_RR2,RR,194.0,7555.0,35.6,1.07,38.9,0.037,-13480.0,-12.4,0.56,4.0,8.0
M1_LONDON_ORB30_SKIP_NEWS_RR2,RRR,259.0,19410.0,37.1,1.141,74.9,0.074,-15475.0,-12.96,1.25,6.0,8.0
M1_LONDON_ORB30_SKIP_NEWS_RR2p5,ORIGINAL,417.0,-57194.0,26.4,0.769,-137.2,-0.136,-70104.0,-67.86,-0.82,1.0,8.0
M1_LONDON_ORB30_SKIP_NEWS_RR2p5,R,106.0,-2013.0,31.1,0.969,-19.0,0.058,-16930.0,-15.65,-0.12,3.0,8.0
M1_LONDON_ORB30_SKIP_NEWS_RR2p5,RR,186.0,13433.0,34.4,1.127,72.2,0.123,-14061.0,-12.73,0.96,5.0,8.0
M1_LONDON_ORB30_SKIP_NEWS_RR2p5,RRR,238.0,5872.0,34.5,1.044,24.7,0.093,-21086.0,-19.36,0.28,5.0,8.0
M1_LONDON_ORB30_SKIP_NEWS_RR3,ORIGINAL,406.0,-63045.0,23.9,0.746,-155.3,-0.147,-77395.0,-74.44,-0.81,3.0,8.0
M1_LONDON_ORB30_SKIP_NEWS_RR3,R,106.0,-6295.0,27.4,0.907,-59.4,-0.013,-22010.0,-20.23,-0.29,3.0,8.0
M1_LONDON_ORB30_SKIP_NEWS_RR3,RR,180.0,6250.0,30.6,1.058,34.7,0.077,-25125.0,-21.77,0.25,5.0,8.0
M1_LONDON_ORB30_SKIP_NEWS_RR3,RRR,226.0,-2330.0,30.5,0.983,-10.3,0.043,-30415.0,-27.53,-0.08,4.0,8.0
M1_LONDON_ORB30_SKIP_NEWS_RR3p5,ORIGINAL,404.0,-58804.0,23.0,0.764,-145.6,-0.132,-70896.0,-69.71,-0.83,3.0,8.0
M1_LONDON_ORB30_SKIP_NEWS_RR3p5,R,106.0,-10590.0,25.5,0.847,-99.9,-0.036,-19460.0,-19.47,-0.54,3.0,8.0
M1_LONDON_ORB30_SKIP_NEWS_RR3p5,RR,179.0,-4957.0,27.4,0.956,-27.7,-0.002,-25344.0,-24.16,-0.2,4.0,8.0
M1_LONDON_ORB30_SKIP_NEWS_RR3p5,RRR,219.0,-8135.0,27.9,0.938,-37.1,-0.001,-25746.0,-25.7,-0.32,3.0,8.0
M1_LONDON_ORB30_SKIP_NEWS_RR4,ORIGINAL,401.0,-48545.0,22.2,0.805,-121.1,-0.112,-63340.0,-61.88,-0.77,4.0,8.0
M1_LONDON_ORB30_SKIP_NEWS_RR4,R,106.0,-7370.0,25.5,0.893,-69.5,0.026,-20790.0,-20.51,-0.35,4.0,8.0
M1_LONDON_ORB30_SKIP_NEWS_RR4,RR,176.0,6825.0,29.5,1.064,38.8,0.117,-23580.0,-21.69,0.29,5.0,8.0
M1_LONDON_ORB30_SKIP_NEWS_RR4,RRR,211.0,4575.0,28.9,1.037,21.7,0.087,-21115.0,-20.44,0.22,4.0,8.0
M1_LONDON_ORB30_SKIP_NEWS_RR4p5,ORIGINAL,398.0,-50834.0,21.4,0.796,-127.7,-0.104,-68778.0,-67.08,-0.74,3.0,8.0
M1_LONDON_ORB30_SKIP_NEWS_RR4p5,R,106.0,-3083.0,25.5,0.955,-29.1,0.078,-18892.0,-18.39,-0.16,4.0,8.0
M1_LONDON_ORB30_SKIP_NEWS_RR4p5,RR,174.0,11441.0,29.3,1.108,65.8,0.161,-23580.0,-20.78,0.49,4.0,8.0
M1_LONDON_ORB30_SKIP_NEWS_RR4p5,RRR,207.0,9614.0,28.5,1.079,46.4,0.129,-21115.0,-19.56,0.46,4.0,8.0
M1_LONDON_ORB30_SKIP_NEWS_RR5,ORIGINAL,396.0,-50950.0,20.2,0.796,-128.7,-0.128,-67385.0,-66.93,-0.76,3.0,8.0
M1_LONDON_ORB30_SKIP_NEWS_RR5,R,106.0,-7445.0,24.5,0.893,-70.2,0.025,-25255.0,-24.25,-0.29,4.0,8.0
M1_LONDON_ORB30_SKIP_NEWS_RR5,RR,170.0,7815.0,27.6,1.074,46.0,0.139,-29435.0,-26.25,0.27,4.0,8.0
M1_LONDON_ORB30_SKIP_NEWS_RR5,RRR,203.0,5195.0,27.1,1.043,25.6,0.108,-27775.0,-25.69,0.19,4.0,8.0
M1_LONDON_ORB60_INCLUDE_NEWS_RR1,ORIGINAL,491.0,-32525.0,47.0,0.883,-66.2,-0.058,-51440.0,-50.8,-0.63,3.0,8.0
M1_LONDON_ORB60_INCLUDE_NEWS_RR1,R,157.0,-12970.0,51.6,0.876,-82.6,0.032,-24510.0,-22.2,-0.53,3.0,8.0
M1_LONDON_ORB60_INCLUDE_NEWS_RR1,RR,285.0,30150.0,56.8,1.202,105.8,0.132,-13665.0,-11.27,2.21,5.0,8.0
M1_LONDON_ORB60_INCLUDE_NEWS_RR1,RRR,382.0,27405.0,53.7,1.139,71.7,0.08,-14350.0,-11.31,1.91,6.0,8.0
M1_LONDON_ORB60_INCLUDE_NEWS_RR1p5,ORIGINAL,447.0,-63143.0,36.5,0.792,-141.3,-0.108,-82450.0,-81.56,-0.77,2.0,8.0
M1_LONDON_ORB60_INCLUDE_NEWS_RR1p5,R,157.0,2117.0,45.2,1.019,13.5,0.12,-21392.0,-18.12,0.1,3.0,8.0
M1_LONDON_ORB60_INCLUDE_NEWS_RR1p5,RR,277.0,25169.0,45.5,1.144,90.9,0.12,-12240.0,-9.99,2.06,6.0,8.0
M1_LONDON_ORB60_INCLUDE_NEWS_RR1p5,RRR,348.0,18111.0,44.0,1.084,52.0,0.081,-14834.0,-12.35,1.22,6.0,8.0
M1_LONDON_ORB60_INCLUDE_NEWS_RR2,ORIGINAL,424.0,-61615.0,31.8,0.8,-145.3,-0.126,-78115.0,-78.07,-0.79,2.0,8.0
M1_LONDON_ORB60_INCLUDE_NEWS_RR2,R,157.0,-12865.0,36.3,0.899,-81.9,0.019,-29505.0,-25.3,-0.44,4.0,8.0
M1_LONDON_ORB60_INCLUDE_NEWS_RR2,RR,263.0,8720.0,38.0,1.047,33.2,0.057,-18990.0,-14.87,0.46,4.0,8.0
M1_LONDON_ORB60_INCLUDE_NEWS_RR2,RRR,313.0,-1835.0,37.4,0.992,-5.9,0.035,-26410.0,-21.2,-0.07,5.0,8.0
M1_LONDON_ORB60_INCLUDE_NEWS_RR2p5,ORIGINAL,418.0,-44762.0,29.7,0.857,-107.1,-0.11,-63428.0,-62.84,-0.71,4.0,8.0
M1_LONDON_ORB60_INCLUDE_NEWS_RR2p5,R,157.0,-32701.0,29.9,0.763,-208.3,-0.082,-50232.0,-42.74,-0.65,3.0,8.0
M1_LONDON_ORB60_INCLUDE_NEWS_RR2p5,RR,244.0,-9053.0,34.0,0.951,-37.1,0.03,-30216.0,-24.94,-0.3,3.0,8.0
M1_LONDON_ORB60_INCLUDE_NEWS_RR2p5,RRR,279.0,-11539.0,34.1,0.944,-41.4,0.013,-31287.0,-26.13,-0.37,3.0,8.0
M1_LONDON_ORB60_INCLUDE_NEWS_RR3,ORIGINAL,411.0,-42490.0,28.5,0.864,-103.4,-0.094,-67495.0,-66.3,-0.63,4.0,8.0
M1_LONDON_ORB60_INCLUDE_NEWS_RR3,R,157.0,-31200.0,29.3,0.776,-198.7,-0.051,-49905.0,-42.04,-0.63,3.0,8.0
M1_LONDON_ORB60_INCLUDE_NEWS_RR3,RR,236.0,-7185.0,33.1,0.961,-30.4,0.056,-30920.0,-25.03,-0.23,3.0,8.0
M1_LONDON_ORB60_INCLUDE_NEWS_RR3,RRR,260.0,-17605.0,32.3,0.911,-67.7,0.015,-39870.0,-32.61,-0.44,2.0,8.0
M1_LONDON_ORB60_INCLUDE_NEWS_RR3p5,ORIGINAL,408.0,-49860.0,27.7,0.841,-122.2,-0.114,-72936.0,-73.51,-0.68,5.0,8.0
M1_LONDON_ORB60_INCLUDE_NEWS_RR3p5,R,157.0,-36347.0,26.8,0.745,-231.5,-0.093,-53541.0,-45.69,-0.68,3.0,8.0
M1_LONDON_ORB60_INCLUDE_NEWS_RR3p5,RR,231.0,-22388.0,29.9,0.88,-96.9,-0.02,-44486.0,-36.74,-0.5,2.0,8.0
M1_LONDON_ORB60_INCLUDE_NEWS_RR3p5,RRR,252.0,-30928.0,29.8,0.844,-122.7,-0.047,-50961.0,-42.51,-0.61,2.0,8.0
M1_LONDON_ORB60_INCLUDE_NEWS_RR4,ORIGINAL,407.0,-51145.0,27.3,0.837,-125.7,-0.111,-74240.0,-74.82,-0.69,4.0,8.0
M1_LONDON_ORB60_INCLUDE_NEWS_RR4,R,157.0,-35995.0,26.8,0.748,-229.3,-0.096,-53005.0,-45.3,-0.68,3.0,8.0
M1_LONDON_ORB60_INCLUDE_NEWS_RR4,RR,227.0,-16155.0,30.4,0.912,-71.2,0.015,-38665.0,-32.04,-0.42,2.0,8.0
M1_LONDON_ORB60_INCLUDE_NEWS_RR4,RRR,245.0,-26475.0,29.8,0.864,-108.1,-0.026,-46920.0,-39.27,-0.56,2.0,8.0
M1_LONDON_ORB60_INCLUDE_NEWS_RR4p5,ORIGINAL,406.0,-46204.0,27.1,0.852,-113.8,-0.101,-69492.0,-70.04,-0.66,5.0,8.0
M1_LONDON_ORB60_INCLUDE_NEWS_RR4p5,R,157.0,-36568.0,26.8,0.744,-232.9,-0.102,-50548.0,-44.35,-0.72,3.0,8.0
M1_LONDON_ORB60_INCLUDE_NEWS_RR4p5,RR,225.0,-16873.0,29.8,0.908,-75.0,0.015,-36507.0,-31.2,-0.46,3.0,8.0
M1_LONDON_ORB60_INCLUDE_NEWS_RR4p5,RRR,243.0,-27193.0,29.2,0.861,-111.9,-0.027,-44762.0,-38.65,-0.61,2.0,8.0
M1_LONDON_ORB60_INCLUDE_NEWS_RR5,ORIGINAL,406.0,-42435.0,26.8,0.865,-104.5,-0.089,-67720.0,-68.25,-0.63,4.0,8.0
M1_LONDON_ORB60_INCLUDE_NEWS_RR5,R,157.0,-43360.0,26.1,0.697,-276.2,-0.141,-54620.0,-49.09,-0.79,2.0,8.0
M1_LONDON_ORB60_INCLUDE_NEWS_RR5,RR,223.0,-22230.0,29.1,0.878,-99.7,-0.004,-41595.0,-36.19,-0.53,3.0,8.0
M1_LONDON_ORB60_INCLUDE_NEWS_RR5,RRR,241.0,-32550.0,28.6,0.833,-135.1,-0.044,-48835.0,-42.94,-0.67,2.0,8.0
M1_LONDON_ORB60_SKIP_NEWS_RR1,ORIGINAL,340.0,-35770.0,46.5,0.815,-105.2,-0.069,-50250.0,-50.11,-0.71,3.0,8.0
M1_LONDON_ORB60_SKIP_NEWS_RR1,R,106.0,420.0,52.8,1.007,4.0,0.057,-15535.0,-13.4,0.03,3.0,8.0
M1_LONDON_ORB60_SKIP_NEWS_RR1,RR,195.0,25570.0,56.4,1.267,131.1,0.118,-12280.0,-9.43,2.08,4.0,8.0
M1_LONDON_ORB60_SKIP_NEWS_RR1,RRR,259.0,25860.0,53.7,1.205,99.8,0.08,-12965.0,-9.59,1.99,5.0,8.0
M1_LONDON_ORB60_SKIP_NEWS_RR1p5,ORIGINAL,312.0,-42788.0,36.5,0.792,-137.1,-0.105,-56366.0,-56.48,-0.76,2.0,8.0
M1_LONDON_ORB60_SKIP_NEWS_RR1p5,R,106.0,12763.0,47.2,1.186,120.4,0.17,-13367.0,-10.7,0.95,3.0,8.0
M1_LONDON_ORB60_SKIP_NEWS_RR1p5,RR,189.0,27767.0,46.6,1.251,146.9,0.142,-11098.0,-8.19,2.5,5.0,8.0
M1_LONDON_ORB60_SKIP_NEWS_RR1p5,RRR,238.0,27904.0,45.4,1.204,117.2,0.118,-19267.0,-13.64,1.45,6.0,8.0
M1_LONDON_ORB60_SKIP_NEWS_RR2,ORIGINAL,292.0,-46090.0,31.5,0.778,-157.8,-0.14,-55870.0,-56.31,-0.82,2.0,8.0
M1_LONDON_ORB60_SKIP_NEWS_RR2,R,106.0,5100.0,36.8,1.065,48.1,0.058,-19175.0,-15.43,0.27,2.0,8.0
M1_LONDON_ORB60_SKIP_NEWS_RR2,RR,181.0,16625.0,37.0,1.137,91.9,0.057,-21320.0,-15.46,0.78,4.0,8.0
M1_LONDON_ORB60_SKIP_NEWS_RR2,RRR,217.0,13575.0,37.3,1.095,62.6,0.054,-24865.0,-17.96,0.55,3.0,8.0
M1_LONDON_ORB60_SKIP_NEWS_RR2p5,ORIGINAL,288.0,-38151.0,29.2,0.819,-132.5,-0.134,-49502.0,-49.89,-0.77,3.0,8.0
M1_LONDON_ORB60_SKIP_NEWS_RR2p5,R,106.0,-4608.0,32.1,0.946,-43.5,0.019,-21921.0,-18.69,-0.21,3.0,8.0
M1_LONDON_ORB60_SKIP_NEWS_RR2p5,RR,170.0,12909.0,35.9,1.109,75.9,0.106,-14360.0,-11.28,0.9,4.0,8.0
M1_LONDON_ORB60_SKIP_NEWS_RR2p5,RRR,196.0,17303.0,36.7,1.133,88.3,0.107,-15466.0,-11.65,1.12,4.0,8.0
M1_LONDON_ORB60_SKIP_NEWS_RR3,ORIGINAL,282.0,-34015.0,27.7,0.839,-120.6,-0.135,-46700.0,-47.07,-0.73,4.0,8.0
M1_LONDON_ORB60_SKIP_NEWS_RR3,R,106.0,-7005.0,31.1,0.919,-66.1,0.027,-24540.0,-20.88,-0.29,3.0,8.0
M1_LONDON_ORB60_SKIP_NEWS_RR3,RR,163.0,8615.0,33.7,1.073,52.9,0.1,-21165.0,-16.34,0.41,3.0,8.0
M1_LONDON_ORB60_SKIP_NEWS_RR3,RRR,182.0,3985.0,33.5,1.031,21.9,0.062,-25375.0,-19.66,0.16,4.0,8.0
M1_LONDON_ORB60_SKIP_NEWS_RR3p5,ORIGINAL,280.0,-32719.0,27.1,0.845,-116.9,-0.136,-45672.0,-46.03,-0.72,4.0,8.0
M1_LONDON_ORB60_SKIP_NEWS_RR3p5,R,106.0,-16049.0,27.4,0.822,-151.4,-0.074,-33066.0,-28.26,-0.49,2.0,8.0
M1_LONDON_ORB60_SKIP_NEWS_RR3p5,RR,160.0,-13968.0,28.7,0.886,-87.3,-0.059,-39974.0,-31.87,-0.35,2.0,8.0
M1_LONDON_ORB60_SKIP_NEWS_RR3p5,RRR,176.0,-16718.0,29.5,0.871,-95.0,-0.07,-42364.0,-33.88,-0.39,2.0,8.0
M1_LONDON_ORB60_SKIP_NEWS_RR4,ORIGINAL,279.0,-36425.0,26.5,0.828,-130.6,-0.14,-48895.0,-49.28,-0.74,4.0,8.0
M1_LONDON_ORB60_SKIP_NEWS_RR4,R,106.0,-15995.0,27.4,0.822,-150.9,-0.078,-34615.0,-29.18,-0.46,2.0,8.0
M1_LONDON_ORB60_SKIP_NEWS_RR4,RR,157.0,-8750.0,29.9,0.927,-55.7,-0.014,-36090.0,-28.58,-0.24,2.0,8.0
M1_LONDON_ORB60_SKIP_NEWS_RR4,RRR,170.0,-13280.0,30.0,0.895,-78.1,-0.045,-40140.0,-31.87,-0.33,2.0,8.0
M1_LONDON_ORB60_SKIP_NEWS_RR4p5,ORIGINAL,278.0,-33856.0,26.3,0.84,-121.8,-0.134,-47395.0,-47.77,-0.71,4.0,8.0
M1_LONDON_ORB60_SKIP_NEWS_RR4p5,R,106.0,-17897.0,27.4,0.801,-168.8,-0.103,-34375.0,-29.51,-0.52,3.0,8.0
M1_LONDON_ORB60_SKIP_NEWS_RR4p5,RR,155.0,-10583.0,29.0,0.912,-68.3,-0.027,-35755.0,-28.95,-0.3,3.0,8.0
M1_LONDON_ORB60_SKIP_NEWS_RR4p5,RRR,168.0,-15113.0,29.2,0.88,-90.0,-0.058,-39515.0,-32.09,-0.38,2.0,8.0
M1_LONDON_ORB60_SKIP_NEWS_RR5,ORIGINAL,278.0,-24630.0,26.3,0.883,-88.6,-0.099,-47395.0,-47.77,-0.52,4.0,8.0
M1_LONDON_ORB60_SKIP_NEWS_RR5,R,106.0,-23340.0,26.4,0.742,-220.2,-0.145,-37345.0,-32.76,-0.62,3.0,8.0
M1_LONDON_ORB60_SKIP_NEWS_RR5,RR,153.0,-15645.0,28.1,0.869,-102.3,-0.054,-38785.0,-32.09,-0.4,4.0,8.0
M1_LONDON_ORB60_SKIP_NEWS_RR5,RRR,166.0,-20175.0,28.3,0.84,-121.5,-0.083,-43060.0,-35.5,-0.47,3.0,8.0
M5_LONDON_ORB15_INCLUDE_NEWS_RR1,ORIGINAL,613.0,-21605.0,46.8,0.917,-35.2,-0.055,-35820.0,-34.65,-0.6,3.0,8.0
M5_LONDON_ORB15_INCLUDE_NEWS_RR1,R,158.0,13510.0,57.6,1.212,85.5,0.152,-16090.0,-15.24,0.84,6.0,8.0
M5_LONDON_ORB15_INCLUDE_NEWS_RR1,RR,299.0,13510.0,55.2,1.11,45.2,0.107,-16510.0,-15.12,0.82,5.0,8.0
M5_LONDON_ORB15_INCLUDE_NEWS_RR1,RRR,409.0,8970.0,54.0,1.052,21.9,0.082,-18775.0,-16.74,0.48,3.0,8.0
M5_LONDON_ORB15_INCLUDE_NEWS_RR1p5,ORIGINAL,587.0,-20845.0,37.3,0.927,-35.5,-0.074,-41884.0,-39.83,-0.5,3.0,8.0
M5_LONDON_ORB15_INCLUDE_NEWS_RR1p5,R,158.0,24728.0,48.1,1.331,156.5,0.203,-16590.0,-15.29,1.49,6.0,8.0
M5_LONDON_ORB15_INCLUDE_NEWS_RR1p5,RR,294.0,24177.0,45.2,1.168,82.2,0.126,-16405.0,-14.75,1.47,4.0,8.0
M5_LONDON_ORB15_INCLUDE_NEWS_RR1p5,RRR,387.0,28605.0,44.7,1.152,73.9,0.094,-20090.0,-18.0,1.42,4.0,8.0
M5_LONDON_ORB15_INCLUDE_NEWS_RR2,ORIGINAL,570.0,-51630.0,30.0,0.832,-90.6,-0.135,-67930.0,-65.5,-0.76,3.0,8.0
M5_LONDON_ORB15_INCLUDE_NEWS_RR2,R,158.0,22375.0,39.2,1.261,141.6,0.163,-13820.0,-13.09,1.62,5.0,8.0
M5_LONDON_ORB15_INCLUDE_NEWS_RR2,RR,281.0,28470.0,39.1,1.192,101.3,0.124,-16735.0,-15.07,1.7,4.0,8.0
M5_LONDON_ORB15_INCLUDE_NEWS_RR2,RRR,352.0,21595.0,37.8,1.114,61.3,0.077,-19105.0,-17.31,1.13,4.0,8.0
M5_LONDON_ORB15_INCLUDE_NEWS_RR2p5,ORIGINAL,563.0,-49788.0,26.3,0.843,-88.4,-0.15,-68959.0,-65.99,-0.72,2.0,8.0
M5_LONDON_ORB15_INCLUDE_NEWS_RR2p5,R,158.0,24544.0,34.2,1.27,155.3,0.157,-17702.0,-17.51,1.39,4.0,8.0
M5_LONDON_ORB15_INCLUDE_NEWS_RR2p5,RR,271.0,32400.0,35.4,1.217,119.6,0.146,-21875.0,-20.72,1.48,6.0,8.0
M5_LONDON_ORB15_INCLUDE_NEWS_RR2p5,RRR,330.0,30688.0,35.5,1.169,93.0,0.13,-24245.0,-22.77,1.27,5.0,8.0
M5_LONDON_ORB15_INCLUDE_NEWS_RR3,ORIGINAL,559.0,-59625.0,23.8,0.816,-106.7,-0.17,-79175.0,-79.09,-0.75,3.0,8.0
M5_LONDON_ORB15_INCLUDE_NEWS_RR3,R,158.0,24475.0,31.0,1.257,154.9,0.15,-16690.0,-16.6,1.47,7.0,8.0
M5_LONDON_ORB15_INCLUDE_NEWS_RR3,RR,264.0,34930.0,33.0,1.229,132.3,0.166,-21875.0,-21.29,1.6,6.0,8.0
M5_LONDON_ORB15_INCLUDE_NEWS_RR3,RRR,314.0,28700.0,32.2,1.161,91.4,0.103,-24245.0,-23.83,1.18,6.0,8.0
M5_LONDON_ORB15_INCLUDE_NEWS_RR3p5,ORIGINAL,553.0,-71330.0,21.2,0.783,-129.0,-0.214,-86380.0,-86.29,-0.83,2.0,8.0
M5_LONDON_ORB15_INCLUDE_NEWS_RR3p5,R,158.0,5915.0,26.6,1.058,37.4,0.045,-24084.0,-24.21,0.25,4.0,8.0
M5_LONDON_ORB15_INCLUDE_NEWS_RR3p5,RR,257.0,8013.0,28.0,1.052,31.2,0.055,-27467.0,-27.57,0.29,5.0,8.0
M5_LONDON_ORB15_INCLUDE_NEWS_RR3p5,RRR,300.0,3066.0,28.0,1.017,10.2,0.037,-26157.0,-26.17,0.12,5.0,8.0
M5_LONDON_ORB15_INCLUDE_NEWS_RR4,ORIGINAL,552.0,-67590.0,20.5,0.796,-122.4,-0.201,-85235.0,-83.04,-0.79,2.0,8.0
M5_LONDON_ORB15_INCLUDE_NEWS_RR4,R,158.0,4995.0,23.4,1.048,31.6,-0.012,-24035.0,-24.16,0.21,4.0,8.0
M5_LONDON_ORB15_INCLUDE_NEWS_RR4,RR,255.0,8315.0,25.1,1.053,32.6,0.002,-28330.0,-28.39,0.29,6.0,8.0
M5_LONDON_ORB15_INCLUDE_NEWS_RR4,RRR,297.0,25.0,25.6,1.0,0.1,-0.008,-28785.0,-28.93,0.0,4.0,8.0
M5_LONDON_ORB15_INCLUDE_NEWS_RR4p5,ORIGINAL,552.0,-67932.0,19.9,0.796,-123.1,-0.19,-87580.0,-84.35,-0.78,3.0,8.0
M5_LONDON_ORB15_INCLUDE_NEWS_RR4p5,R,158.0,13429.0,22.8,1.128,85.0,0.042,-21400.0,-21.51,0.63,6.0,8.0
M5_LONDON_ORB15_INCLUDE_NEWS_RR4p5,RR,253.0,14812.0,24.5,1.095,58.5,0.026,-24455.0,-24.42,0.61,5.0,8.0
M5_LONDON_ORB15_INCLUDE_NEWS_RR4p5,RRR,295.0,5050.0,25.1,1.028,17.1,0.008,-27638.0,-27.76,0.18,5.0,8.0
M5_LONDON_ORB15_INCLUDE_NEWS_RR5,ORIGINAL,550.0,-65895.0,19.1,0.802,-119.8,-0.199,-83270.0,-83.18,-0.79,4.0,8.0
M5_LONDON_ORB15_INCLUDE_NEWS_RR5,R,158.0,19730.0,22.2,1.187,124.9,0.068,-20000.0,-20.1,0.99,6.0,8.0
M5_LONDON_ORB15_INCLUDE_NEWS_RR5,RR,253.0,20490.0,23.7,1.13,81.0,0.04,-23560.0,-23.45,0.87,4.0,8.0
M5_LONDON_ORB15_INCLUDE_NEWS_RR5,RRR,295.0,11385.0,24.4,1.063,38.6,0.027,-26620.0,-26.68,0.43,4.0,8.0
M5_LONDON_ORB15_SKIP_NEWS_RR1,ORIGINAL,436.0,-38225.0,45.9,0.804,-87.7,-0.076,-47210.0,-45.82,-0.81,1.0,8.0
M5_LONDON_ORB15_SKIP_NEWS_RR1,R,107.0,17300.0,58.9,1.485,161.7,0.178,-5580.0,-5.33,3.1,7.0,8.0
M5_LONDON_ORB15_SKIP_NEWS_RR1,RR,202.0,22930.0,56.9,1.311,113.5,0.143,-6825.0,-6.04,3.36,5.0,8.0
M5_LONDON_ORB15_SKIP_NEWS_RR1,RRR,278.0,19470.0,55.0,1.179,70.0,0.105,-15250.0,-13.08,1.28,5.0,8.0
M5_LONDON_ORB15_SKIP_NEWS_RR1p5,ORIGINAL,418.0,-48109.0,35.9,0.777,-115.1,-0.111,-62472.0,-60.19,-0.77,2.0,8.0
M5_LONDON_ORB15_SKIP_NEWS_RR1p5,R,107.0,34392.0,51.4,1.873,321.4,0.285,-5020.0,-4.45,6.85,7.0,8.0
M5_LONDON_ORB15_SKIP_NEWS_RR1p5,RR,199.0,40349.0,48.2,1.475,202.8,0.198,-8167.0,-6.66,4.94,7.0,8.0
M5_LONDON_ORB15_SKIP_NEWS_RR1p5,RRR,263.0,47453.0,47.1,1.41,180.4,0.157,-12149.0,-9.82,3.91,6.0,8.0
M5_LONDON_ORB15_SKIP_NEWS_RR2,ORIGINAL,406.0,-66475.0,28.3,0.711,-163.7,-0.189,-76760.0,-75.17,-0.87,3.0,8.0
M5_LONDON_ORB15_SKIP_NEWS_RR2,R,107.0,40145.0,43.9,1.889,375.2,0.3,-5400.0,-4.61,7.43,7.0,8.0
M5_LONDON_ORB15_SKIP_NEWS_RR2,RR,189.0,53155.0,42.3,1.619,281.2,0.235,-7400.0,-5.74,7.18,7.0,8.0
M5_LONDON_ORB15_SKIP_NEWS_RR2,RRR,240.0,50210.0,40.4,1.432,209.2,0.167,-11300.0,-8.74,4.44,7.0,8.0
M5_LONDON_ORB15_SKIP_NEWS_RR2p5,ORIGINAL,402.0,-61713.0,24.6,0.739,-153.5,-0.207,-71338.0,-70.0,-0.87,1.0,8.0
M5_LONDON_ORB15_SKIP_NEWS_RR2p5,R,107.0,37249.0,36.4,1.738,348.1,0.227,-4840.0,-4.53,7.7,6.0,8.0
M5_LONDON_ORB15_SKIP_NEWS_RR2p5,RR,182.0,45938.0,36.3,1.508,252.4,0.187,-7480.0,-7.51,6.14,6.0,8.0
M5_LONDON_ORB15_SKIP_NEWS_RR2p5,RRR,226.0,46710.0,36.3,1.409,206.7,0.17,-9850.0,-9.85,4.74,6.0,8.0
M5_LONDON_ORB15_SKIP_NEWS_RR3,ORIGINAL,399.0,-69170.0,22.6,0.712,-173.4,-0.219,-80880.0,-80.8,-0.86,2.0,8.0
M5_LONDON_ORB15_SKIP_NEWS_RR3,R,107.0,36670.0,33.6,1.685,342.7,0.226,-6560.0,-6.07,5.59,6.0,8.0
M5_LONDON_ORB15_SKIP_NEWS_RR3,RR,178.0,44540.0,33.7,1.474,250.2,0.199,-9415.0,-9.46,4.73,5.0,8.0
M5_LONDON_ORB15_SKIP_NEWS_RR3,RRR,217.0,41865.0,32.7,1.369,192.9,0.127,-13385.0,-13.45,3.13,6.0,8.0
M5_LONDON_ORB15_SKIP_NEWS_RR3p5,ORIGINAL,395.0,-75540.0,20.3,0.689,-191.2,-0.25,-81214.0,-81.13,-0.93,0.0,8.0
M5_LONDON_ORB15_SKIP_NEWS_RR3p5,R,107.0,19961.0,29.0,1.34,186.6,0.098,-10000.0,-9.62,2.0,5.0,8.0
M5_LONDON_ORB15_SKIP_NEWS_RR3p5,RR,173.0,15981.0,27.2,1.167,92.4,0.016,-15270.0,-15.02,1.05,6.0,8.0
M5_LONDON_ORB15_SKIP_NEWS_RR3p5,RRR,205.0,14364.0,27.3,1.128,70.1,0.013,-14293.0,-14.37,1.0,4.0,8.0
M5_LONDON_ORB15_SKIP_NEWS_RR4,ORIGINAL,395.0,-67980.0,20.0,0.721,-172.1,-0.219,-74585.0,-74.51,-0.91,1.0,8.0
M5_LONDON_ORB15_SKIP_NEWS_RR4,R,107.0,15215.0,24.3,1.247,142.2,-0.032,-10000.0,-9.71,1.52,5.0,8.0
M5_LONDON_ORB15_SKIP_NEWS_RR4,RR,171.0,10295.0,22.8,1.104,60.2,-0.115,-16470.0,-16.56,0.63,4.0,8.0
M5_LONDON_ORB15_SKIP_NEWS_RR4,RRR,202.0,5110.0,23.8,1.044,25.3,-0.1,-18695.0,-18.79,0.27,4.0,8.0
M5_LONDON_ORB15_SKIP_NEWS_RR4p5,ORIGINAL,395.0,-71169.0,19.2,0.71,-180.2,-0.212,-77943.0,-77.86,-0.91,0.0,8.0
M5_LONDON_ORB15_SKIP_NEWS_RR4p5,R,107.0,19819.0,23.4,1.32,185.2,0.001,-11840.0,-9.57,1.67,6.0,8.0
M5_LONDON_ORB15_SKIP_NEWS_RR4p5,RR,169.0,10799.0,21.9,1.11,63.9,-0.134,-18957.0,-15.28,0.57,4.0,8.0
M5_LONDON_ORB15_SKIP_NEWS_RR4p5,RRR,200.0,3917.0,23.0,1.034,19.6,-0.124,-20039.0,-19.65,0.2,4.0,8.0
M5_LONDON_ORB15_SKIP_NEWS_RR5,ORIGINAL,394.0,-70050.0,18.3,0.716,-177.8,-0.231,-78160.0,-78.08,-0.9,1.0,8.0
M5_LONDON_ORB15_SKIP_NEWS_RR5,R,107.0,27695.0,23.4,1.447,258.8,0.075,-11840.0,-9.43,2.34,6.0,8.0
M5_LONDON_ORB15_SKIP_NEWS_RR5,RR,169.0,20220.0,21.9,1.207,119.6,-0.079,-18410.0,-15.01,1.1,5.0,8.0
M5_LONDON_ORB15_SKIP_NEWS_RR5,RRR,200.0,13770.0,23.0,1.12,68.8,-0.07,-19285.0,-19.38,0.71,4.0,8.0
M5_LONDON_ORB30_INCLUDE_NEWS_RR1,ORIGINAL,503.0,-13135.0,46.9,0.949,-26.1,-0.047,-38010.0,-34.02,-0.35,5.0,8.0
M5_LONDON_ORB30_INCLUDE_NEWS_RR1,R,157.0,-22970.0,49.0,0.764,-146.3,-0.024,-30090.0,-28.23,-0.76,2.0,8.0
M5_LONDON_ORB30_INCLUDE_NEWS_RR1,RR,287.0,-5540.0,52.6,0.964,-19.3,0.048,-25510.0,-23.05,-0.22,3.0,8.0
M5_LONDON_ORB30_INCLUDE_NEWS_RR1,RRR,384.0,-4520.0,52.1,0.977,-11.8,0.035,-29510.0,-26.76,-0.15,3.0,8.0
M5_LONDON_ORB30_INCLUDE_NEWS_RR1p5,ORIGINAL,478.0,-15563.0,37.2,0.945,-32.6,-0.076,-46309.0,-39.83,-0.34,4.0,8.0
M5_LONDON_ORB30_INCLUDE_NEWS_RR1p5,R,157.0,-14659.0,40.8,0.865,-93.4,0.011,-28643.0,-26.31,-0.51,2.0,8.0
M5_LONDON_ORB30_INCLUDE_NEWS_RR1p5,RR,281.0,-1643.0,42.7,0.991,-5.8,0.044,-24524.0,-22.06,-0.07,3.0,8.0
M5_LONDON_ORB30_INCLUDE_NEWS_RR1p5,RRR,350.0,-4358.0,42.6,0.979,-12.5,0.027,-38136.0,-34.06,-0.11,2.0,8.0
M5_LONDON_ORB30_INCLUDE_NEWS_RR2,ORIGINAL,461.0,-49780.0,31.0,0.832,-108.0,-0.119,-68320.0,-66.42,-0.73,2.0,8.0
M5_LONDON_ORB30_INCLUDE_NEWS_RR2,R,157.0,-18250.0,34.4,0.845,-116.2,0.009,-27090.0,-25.9,-0.67,2.0,8.0
M5_LONDON_ORB30_INCLUDE_NEWS_RR2,RR,269.0,-20175.0,36.1,0.892,-75.0,-0.003,-34530.0,-31.41,-0.58,4.0,8.0
M5_LONDON_ORB30_INCLUDE_NEWS_RR2,RRR,317.0,-11330.0,37.2,0.946,-35.7,0.038,-39135.0,-35.54,-0.29,3.0,8.0
M5_LONDON_ORB30_INCLUDE_NEWS_RR2p5,ORIGINAL,457.0,-47771.0,28.2,0.842,-104.5,-0.121,-69487.0,-68.19,-0.69,4.0,8.0
M5_LONDON_ORB30_INCLUDE_NEWS_RR2p5,R,157.0,-23501.0,29.3,0.812,-149.7,-0.029,-26373.0,-25.65,-0.89,0.0,8.0
M5_LONDON_ORB30_INCLUDE_NEWS_RR2p5,RR,257.0,-18464.0,32.3,0.901,-71.8,0.003,-27036.0,-25.25,-0.68,2.0,8.0
M5_LONDON_ORB30_INCLUDE_NEWS_RR2p5,RRR,298.0,-14880.0,33.9,0.928,-49.9,0.037,-28575.0,-26.51,-0.52,3.0,8.0
M5_LONDON_ORB30_INCLUDE_NEWS_RR3,ORIGINAL,451.0,-47160.0,26.8,0.845,-104.6,-0.114,-71515.0,-71.44,-0.66,4.0,8.0
M5_LONDON_ORB30_INCLUDE_NEWS_RR3,R,157.0,-30545.0,25.5,0.765,-194.6,-0.088,-32110.0,-31.7,-0.95,1.0,8.0
M5_LONDON_ORB30_INCLUDE_NEWS_RR3,RR,252.0,-30785.0,28.2,0.838,-122.2,-0.071,-34585.0,-33.98,-0.89,2.0,8.0
M5_LONDON_ORB30_INCLUDE_NEWS_RR3,RRR,282.0,-31940.0,28.7,0.845,-113.3,-0.063,-36855.0,-35.82,-0.87,2.0,8.0
M5_LONDON_ORB30_INCLUDE_NEWS_RR3p5,ORIGINAL,447.0,-46462.0,25.5,0.848,-103.9,-0.115,-68218.0,-68.15,-0.68,4.0,8.0
M5_LONDON_ORB30_INCLUDE_NEWS_RR3p5,R,157.0,-32007.0,24.2,0.756,-203.9,-0.099,-35219.0,-35.06,-0.91,0.0,8.0
M5_LONDON_ORB30_INCLUDE_NEWS_RR3p5,RR,248.0,-26699.0,27.4,0.859,-107.7,-0.044,-32203.0,-31.88,-0.83,3.0,8.0
M5_LONDON_ORB30_INCLUDE_NEWS_RR3p5,RRR,275.0,-26413.0,28.0,0.87,-96.0,-0.035,-31640.0,-31.69,-0.83,4.0,8.0
M5_LONDON_ORB30_INCLUDE_NEWS_RR4,ORIGINAL,446.0,-45910.0,25.1,0.85,-102.9,-0.096,-67805.0,-67.73,-0.68,3.0,8.0
M5_LONDON_ORB30_INCLUDE_NEWS_RR4,R,157.0,-34650.0,22.9,0.739,-220.7,-0.114,-37010.0,-36.7,-0.94,2.0,8.0
M5_LONDON_ORB30_INCLUDE_NEWS_RR4,RR,245.0,-28850.0,26.5,0.847,-117.8,-0.052,-35450.0,-34.55,-0.81,2.0,8.0
M5_LONDON_ORB30_INCLUDE_NEWS_RR4,RRR,269.0,-26725.0,27.5,0.866,-99.3,-0.034,-32395.0,-31.94,-0.82,2.0,8.0
M5_LONDON_ORB30_INCLUDE_NEWS_RR4p5,ORIGINAL,445.0,-49635.0,24.3,0.839,-111.5,-0.104,-73799.0,-73.72,-0.67,4.0,8.0
M5_LONDON_ORB30_INCLUDE_NEWS_RR4p5,R,157.0,-35793.0,22.3,0.731,-228.0,-0.124,-39190.0,-38.72,-0.91,3.0,8.0
M5_LONDON_ORB30_INCLUDE_NEWS_RR4p5,RR,241.0,-33789.0,25.3,0.82,-140.2,-0.073,-40517.0,-38.89,-0.83,2.0,8.0
M5_LONDON_ORB30_INCLUDE_NEWS_RR4p5,RRR,265.0,-31061.0,26.4,0.844,-117.2,-0.048,-36859.0,-35.78,-0.84,2.0,8.0
M5_LONDON_ORB30_INCLUDE_NEWS_RR5,ORIGINAL,445.0,-41880.0,23.8,0.864,-94.1,-0.094,-69180.0,-69.11,-0.61,4.0,8.0
M5_LONDON_ORB30_INCLUDE_NEWS_RR5,R,157.0,-33235.0,22.3,0.75,-211.7,-0.088,-39630.0,-38.99,-0.84,3.0,8.0
M5_LONDON_ORB30_INCLUDE_NEWS_RR5,RR,241.0,-28970.0,25.3,0.846,-120.2,-0.037,-39875.0,-37.7,-0.73,2.0,8.0
M5_LONDON_ORB30_INCLUDE_NEWS_RR5,RRR,265.0,-25640.0,26.4,0.871,-96.8,-0.012,-35615.0,-34.05,-0.72,2.0,8.0
M5_LONDON_ORB30_SKIP_NEWS_RR1,ORIGINAL,360.0,-30255.0,45.8,0.842,-84.0,-0.074,-45380.0,-44.03,-0.67,3.0,8.0
M5_LONDON_ORB30_SKIP_NEWS_RR1,R,106.0,-6565.0,50.9,0.886,-61.9,0.012,-16340.0,-14.88,-0.4,3.0,8.0
M5_LONDON_ORB30_SKIP_NEWS_RR1,RR,194.0,6890.0,53.6,1.071,35.5,0.075,-18580.0,-15.28,0.37,4.0,8.0
M5_LONDON_ORB30_SKIP_NEWS_RR1,RRR,264.0,9560.0,53.0,1.074,36.2,0.063,-19650.0,-16.64,0.49,3.0,8.0
M5_LONDON_ORB30_SKIP_NEWS_RR1p5,ORIGINAL,342.0,-50222.0,35.1,0.764,-146.8,-0.136,-65895.0,-64.52,-0.76,2.0,8.0
M5_LONDON_ORB30_SKIP_NEWS_RR1p5,R,106.0,2912.0,44.3,1.046,27.5,0.097,-13908.0,-12.41,0.21,4.0,8.0
M5_LONDON_ORB30_SKIP_NEWS_RR1p5,RR,191.0,17294.0,45.5,1.16,90.5,0.124,-17115.0,-13.77,1.01,5.0,8.0
M5_LONDON_ORB30_SKIP_NEWS_RR1p5,RRR,243.0,16070.0,44.4,1.119,66.1,0.083,-18655.0,-15.93,0.86,4.0,8.0
M5_LONDON_ORB30_SKIP_NEWS_RR2,ORIGINAL,328.0,-68195.0,28.0,0.695,-207.9,-0.213,-79825.0,-78.53,-0.85,2.0,8.0
M5_LONDON_ORB30_SKIP_NEWS_RR2,R,106.0,6865.0,38.7,1.099,64.8,0.126,-14650.0,-13.35,0.47,3.0,8.0
M5_LONDON_ORB30_SKIP_NEWS_RR2,RR,184.0,5555.0,38.0,1.047,30.2,0.079,-20400.0,-17.52,0.27,5.0,8.0
M5_LONDON_ORB30_SKIP_NEWS_RR2,RRR,222.0,13295.0,38.7,1.098,59.9,0.107,-19145.0,-16.76,0.69,4.0,8.0
M5_LONDON_ORB30_SKIP_NEWS_RR2p5,ORIGINAL,327.0,-55123.0,26.3,0.757,-168.6,-0.189,-68756.0,-67.47,-0.8,3.0,8.0
M5_LONDON_ORB30_SKIP_NEWS_RR2p5,R,106.0,1469.0,33.0,1.02,13.9,0.079,-14133.0,-12.81,0.1,3.0,8.0
M5_LONDON_ORB30_SKIP_NEWS_RR2p5,RR,175.0,10636.0,34.3,1.092,60.8,0.098,-16436.0,-14.41,0.65,5.0,8.0
M5_LONDON_ORB30_SKIP_NEWS_RR2p5,RRR,208.0,14507.0,36.1,1.108,69.7,0.129,-17445.0,-14.89,0.83,5.0,8.0
M5_LONDON_ORB30_SKIP_NEWS_RR3,ORIGINAL,322.0,-58380.0,24.8,0.743,-181.3,-0.191,-71790.0,-71.71,-0.81,3.0,8.0
M5_LONDON_ORB30_SKIP_NEWS_RR3,R,106.0,-7995.0,28.3,0.899,-75.4,-0.017,-19945.0,-18.16,-0.4,2.0,8.0
M5_LONDON_ORB30_SKIP_NEWS_RR3,RR,172.0,-30.0,30.2,1.0,-0.2,0.015,-17225.0,-15.61,-0.0,4.0,8.0
M5_LONDON_ORB30_SKIP_NEWS_RR3,RRR,196.0,-2915.0,30.1,0.978,-14.9,0.001,-18540.0,-17.1,-0.16,4.0,8.0
M5_LONDON_ORB30_SKIP_NEWS_RR3p5,ORIGINAL,319.0,-56143.0,23.5,0.754,-176.0,-0.187,-67877.0,-67.81,-0.83,4.0,8.0
M5_LONDON_ORB30_SKIP_NEWS_RR3p5,R,106.0,-10522.0,27.4,0.868,-99.3,-0.028,-20404.0,-19.3,-0.52,2.0,8.0
M5_LONDON_ORB30_SKIP_NEWS_RR3p5,RR,169.0,1743.0,29.6,1.015,10.3,0.051,-16712.0,-15.94,0.1,4.0,8.0
M5_LONDON_ORB30_SKIP_NEWS_RR3p5,RRR,190.0,-39.0,29.5,1.0,-0.2,0.035,-17942.0,-17.32,-0.0,4.0,8.0
M5_LONDON_ORB30_SKIP_NEWS_RR4,ORIGINAL,319.0,-58650.0,23.2,0.744,-183.9,-0.174,-70265.0,-70.19,-0.83,4.0,8.0
M5_LONDON_ORB30_SKIP_NEWS_RR4,R,106.0,-15100.0,25.5,0.815,-142.5,-0.073,-25295.0,-23.41,-0.6,2.0,8.0
M5_LONDON_ORB30_SKIP_NEWS_RR4,RR,166.0,-2625.0,28.3,0.978,-15.8,0.023,-19635.0,-18.15,-0.13,4.0,8.0
M5_LONDON_ORB30_SKIP_NEWS_RR4,RRR,184.0,-1765.0,28.8,0.986,-9.6,0.03,-19635.0,-18.32,-0.09,5.0,8.0
M5_LONDON_ORB30_SKIP_NEWS_RR4p5,ORIGINAL,319.0,-58194.0,22.6,0.747,-182.4,-0.172,-71296.0,-71.22,-0.82,4.0,8.0
M5_LONDON_ORB30_SKIP_NEWS_RR4p5,R,106.0,-18938.0,24.5,0.768,-178.7,-0.117,-30990.0,-28.07,-0.61,2.0,8.0
M5_LONDON_ORB30_SKIP_NEWS_RR4p5,RR,162.0,-10542.0,26.5,0.91,-65.1,-0.026,-26120.0,-23.42,-0.4,3.0,8.0
M5_LONDON_ORB30_SKIP_NEWS_RR4p5,RRR,180.0,-9079.0,27.2,0.928,-50.4,-0.009,-23457.0,-21.17,-0.39,3.0,8.0
M5_LONDON_ORB30_SKIP_NEWS_RR5,ORIGINAL,319.0,-52930.0,21.9,0.771,-165.9,-0.168,-67520.0,-67.45,-0.78,4.0,8.0
M5_LONDON_ORB30_SKIP_NEWS_RR5,R,106.0,-19075.0,24.5,0.767,-180.0,-0.092,-29965.0,-27.68,-0.64,3.0,8.0
M5_LONDON_ORB30_SKIP_NEWS_RR5,RR,162.0,-8700.0,26.5,0.926,-53.7,0.005,-24615.0,-22.3,-0.35,3.0,8.0
M5_LONDON_ORB30_SKIP_NEWS_RR5,RRR,180.0,-6635.0,27.2,0.948,-36.9,0.025,-21945.0,-19.81,-0.3,3.0,8.0
M5_LONDON_ORB60_INCLUDE_NEWS_RR1,ORIGINAL,381.0,-17715.0,44.6,0.927,-46.5,-0.085,-41265.0,-37.93,-0.43,3.0,8.0
M5_LONDON_ORB60_INCLUDE_NEWS_RR1,R,156.0,-17460.0,52.6,0.849,-111.9,0.046,-31640.0,-30.69,-0.55,2.0,8.0
M5_LONDON_ORB60_INCLUDE_NEWS_RR1,RR,268.0,13650.0,56.0,1.082,50.9,0.104,-19800.0,-17.75,0.69,4.0,8.0
M5_LONDON_ORB60_INCLUDE_NEWS_RR1,RRR,333.0,5310.0,54.4,1.026,15.9,0.065,-22300.0,-20.82,0.24,4.0,8.0
M5_LONDON_ORB60_INCLUDE_NEWS_RR1p5,ORIGINAL,357.0,-42699.0,35.3,0.841,-119.6,-0.133,-59674.0,-59.8,-0.72,3.0,8.0
M5_LONDON_ORB60_INCLUDE_NEWS_RR1p5,R,156.0,-7949.0,44.9,0.937,-51.0,0.084,-26759.0,-24.9,-0.3,3.0,8.0
M5_LONDON_ORB60_INCLUDE_NEWS_RR1p5,RR,252.0,548.0,45.2,1.003,2.2,0.072,-21302.0,-17.86,0.03,5.0,8.0
M5_LONDON_ORB60_INCLUDE_NEWS_RR1p5,RRR,296.0,-12194.0,44.6,0.944,-41.2,0.045,-30274.0,-27.57,-0.4,4.0,8.0
M5_LONDON_ORB60_INCLUDE_NEWS_RR2,ORIGINAL,349.0,-61895.0,30.4,0.779,-177.3,-0.171,-76890.0,-77.63,-0.8,1.0,8.0
M5_LONDON_ORB60_INCLUDE_NEWS_RR2,R,156.0,-24505.0,36.5,0.821,-157.1,-0.013,-36770.0,-35.05,-0.67,2.0,8.0
M5_LONDON_ORB60_INCLUDE_NEWS_RR2,RR,236.0,-25335.0,37.3,0.87,-107.4,0.003,-37510.0,-33.82,-0.68,3.0,8.0
M5_LONDON_ORB60_INCLUDE_NEWS_RR2,RRR,261.0,-18490.0,39.1,0.911,-70.8,0.048,-39925.0,-35.67,-0.46,3.0,8.0
M5_LONDON_ORB60_INCLUDE_NEWS_RR2p5,ORIGINAL,347.0,-52113.0,28.8,0.816,-150.2,-0.165,-70699.0,-71.38,-0.74,4.0,8.0
M5_LONDON_ORB60_INCLUDE_NEWS_RR2p5,R,156.0,-48179.0,30.1,0.674,-308.8,-0.151,-51546.0,-49.87,-0.93,2.0,8.0
M5_LONDON_ORB60_INCLUDE_NEWS_RR2p5,RR,222.0,-44147.0,33.8,0.775,-198.9,-0.055,-50989.0,-47.72,-0.87,2.0,8.0
M5_LONDON_ORB60_INCLUDE_NEWS_RR2p5,RRR,238.0,-44069.0,34.5,0.784,-185.2,-0.05,-50411.0,-47.4,-0.87,2.0,8.0
M5_LONDON_ORB60_INCLUDE_NEWS_RR3,ORIGINAL,347.0,-44270.0,28.5,0.844,-127.6,-0.145,-64715.0,-65.34,-0.68,4.0,8.0
M5_LONDON_ORB60_INCLUDE_NEWS_RR3,R,156.0,-54555.0,27.6,0.641,-349.7,-0.187,-57420.0,-55.82,-0.95,2.0,8.0
M5_LONDON_ORB60_INCLUDE_NEWS_RR3,RR,217.0,-50580.0,30.9,0.745,-233.1,-0.086,-56765.0,-53.46,-0.89,1.0,8.0
M5_LONDON_ORB60_INCLUDE_NEWS_RR3,RRR,226.0,-54320.0,31.4,0.732,-240.4,-0.095,-60545.0,-57.0,-0.9,1.0,8.0
M5_LONDON_ORB60_INCLUDE_NEWS_RR3p5,ORIGINAL,344.0,-41371.0,27.9,0.854,-120.3,-0.153,-59372.0,-59.94,-0.7,4.0,8.0
M5_LONDON_ORB60_INCLUDE_NEWS_RR3p5,R,156.0,-52153.0,26.9,0.658,-334.3,-0.188,-55495.0,-53.7,-0.94,2.0,8.0
M5_LONDON_ORB60_INCLUDE_NEWS_RR3p5,RR,215.0,-50195.0,30.2,0.746,-233.5,-0.095,-55762.0,-52.82,-0.9,2.0,8.0
M5_LONDON_ORB60_INCLUDE_NEWS_RR3p5,RRR,220.0,-52800.0,30.0,0.737,-240.0,-0.102,-58367.0,-55.29,-0.9,2.0,8.0
M5_LONDON_ORB60_INCLUDE_NEWS_RR4,ORIGINAL,344.0,-41510.0,27.9,0.853,-120.7,-0.146,-62525.0,-63.13,-0.66,4.0,8.0
M5_LONDON_ORB60_INCLUDE_NEWS_RR4,R,156.0,-54760.0,25.6,0.645,-351.0,-0.215,-57800.0,-56.09,-0.95,2.0,8.0
M5_LONDON_ORB60_INCLUDE_NEWS_RR4,RR,213.0,-52330.0,29.1,0.736,-245.7,-0.119,-58020.0,-54.9,-0.9,2.0,8.0
M5_LONDON_ORB60_INCLUDE_NEWS_RR4,RRR,217.0,-54700.0,29.0,0.728,-252.1,-0.124,-60390.0,-57.14,-0.91,2.0,8.0
M5_LONDON_ORB60_INCLUDE_NEWS_RR4p5,ORIGINAL,344.0,-36839.0,27.6,0.87,-107.1,-0.147,-56469.0,-57.01,-0.65,4.0,8.0
M5_LONDON_ORB60_INCLUDE_NEWS_RR4p5,R,156.0,-59802.0,25.0,0.613,-383.3,-0.245,-62842.0,-60.99,-0.95,2.0,8.0
M5_LONDON_ORB60_INCLUDE_NEWS_RR4p5,RR,210.0,-61579.0,28.1,0.688,-293.2,-0.166,-65149.0,-62.9,-0.95,2.0,8.0
M5_LONDON_ORB60_INCLUDE_NEWS_RR4p5,RRR,214.0,-63949.0,28.0,0.68,-298.8,-0.17,-67519.0,-65.19,-0.95,2.0,8.0
M5_LONDON_ORB60_INCLUDE_NEWS_RR5,ORIGINAL,344.0,-38260.0,27.3,0.865,-111.2,-0.153,-61450.0,-62.04,-0.62,4.0,8.0
M5_LONDON_ORB60_INCLUDE_NEWS_RR5,R,156.0,-56375.0,25.0,0.635,-361.4,-0.222,-59415.0,-57.66,-0.95,2.0,8.0
M5_LONDON_ORB60_INCLUDE_NEWS_RR5,RR,210.0,-57450.0,28.1,0.709,-273.6,-0.145,-61020.0,-58.92,-0.94,2.0,8.0
M5_LONDON_ORB60_INCLUDE_NEWS_RR5,RRR,214.0,-59820.0,28.0,0.701,-279.5,-0.149,-63390.0,-61.2,-0.94,2.0,8.0
M5_LONDON_ORB60_SKIP_NEWS_RR1,ORIGINAL,257.0,-22075.0,43.6,0.865,-85.9,-0.105,-31960.0,-31.99,-0.69,3.0,8.0
M5_LONDON_ORB60_SKIP_NEWS_RR1,R,105.0,390.0,56.2,1.006,3.7,0.108,-13800.0,-12.74,0.03,4.0,8.0
M5_LONDON_ORB60_SKIP_NEWS_RR1,RR,179.0,14350.0,56.4,1.135,80.2,0.114,-18055.0,-14.59,0.79,4.0,8.0
M5_LONDON_ORB60_SKIP_NEWS_RR1,RRR,220.0,7465.0,54.5,1.058,33.9,0.069,-20555.0,-17.3,0.36,5.0,8.0
M5_LONDON_ORB60_SKIP_NEWS_RR1p5,ORIGINAL,243.0,-28036.0,34.6,0.841,-115.4,-0.144,-39559.0,-39.94,-0.71,3.0,8.0
M5_LONDON_ORB60_SKIP_NEWS_RR1p5,R,105.0,10919.0,48.6,1.147,104.0,0.164,-13380.0,-11.43,0.82,5.0,8.0
M5_LONDON_ORB60_SKIP_NEWS_RR1p5,RR,168.0,10764.0,46.4,1.093,64.1,0.101,-17472.0,-14.23,0.62,4.0,8.0
M5_LONDON_ORB60_SKIP_NEWS_RR1p5,RRR,197.0,4884.0,46.2,1.036,24.8,0.078,-19902.0,-16.71,0.25,4.0,8.0
M5_LONDON_ORB60_SKIP_NEWS_RR2,ORIGINAL,236.0,-44780.0,28.8,0.759,-189.7,-0.216,-55270.0,-55.8,-0.81,1.0,8.0
M5_LONDON_ORB60_SKIP_NEWS_RR2,R,105.0,1825.0,40.0,1.022,17.4,0.063,-16635.0,-14.72,0.11,3.0,8.0
M5_LONDON_ORB60_SKIP_NEWS_RR2,RR,158.0,-2780.0,39.2,0.977,-17.6,0.048,-21800.0,-18.48,-0.13,3.0,8.0
M5_LONDON_ORB60_SKIP_NEWS_RR2,RRR,176.0,5260.0,41.5,1.041,29.9,0.101,-23130.0,-19.04,0.23,5.0,8.0
M5_LONDON_ORB60_SKIP_NEWS_RR2p5,ORIGINAL,236.0,-35915.0,27.5,0.809,-152.2,-0.205,-47919.0,-48.38,-0.75,2.0,8.0
M5_LONDON_ORB60_SKIP_NEWS_RR2p5,R,105.0,-13834.0,34.3,0.845,-131.8,-0.05,-21131.0,-19.69,-0.65,3.0,8.0
M5_LONDON_ORB60_SKIP_NEWS_RR2p5,RR,149.0,-13845.0,36.9,0.886,-92.9,0.026,-24473.0,-22.34,-0.57,4.0,8.0
M5_LONDON_ORB60_SKIP_NEWS_RR2p5,RRR,161.0,-8992.0,38.5,0.928,-55.9,0.046,-23433.0,-21.1,-0.38,5.0,8.0
M5_LONDON_ORB60_SKIP_NEWS_RR3,ORIGINAL,236.0,-31910.0,27.1,0.831,-135.2,-0.199,-43695.0,-44.12,-0.73,5.0,8.0
M5_LONDON_ORB60_SKIP_NEWS_RR3,R,105.0,-20505.0,31.4,0.78,-195.3,-0.093,-29605.0,-27.14,-0.69,3.0,8.0
M5_LONDON_ORB60_SKIP_NEWS_RR3,RR,145.0,-18915.0,33.8,0.847,-130.4,-0.014,-32410.0,-28.93,-0.58,4.0,8.0
M5_LONDON_ORB60_SKIP_NEWS_RR3,RRR,151.0,-18970.0,35.1,0.847,-125.6,-0.017,-32270.0,-28.8,-0.59,4.0,8.0
M5_LONDON_ORB60_SKIP_NEWS_RR3p5,ORIGINAL,234.0,-25903.0,26.5,0.862,-110.7,-0.2,-42162.0,-42.57,-0.61,4.0,8.0
M5_LONDON_ORB60_SKIP_NEWS_RR3p5,R,105.0,-19877.0,30.5,0.788,-189.3,-0.112,-26551.0,-24.89,-0.75,4.0,8.0
M5_LONDON_ORB60_SKIP_NEWS_RR3p5,RR,144.0,-21902.0,32.6,0.823,-152.1,-0.05,-31640.0,-29.43,-0.69,4.0,8.0
M5_LONDON_ORB60_SKIP_NEWS_RR3p5,RRR,147.0,-22167.0,32.7,0.822,-150.8,-0.054,-31500.0,-29.3,-0.7,4.0,8.0
M5_LONDON_ORB60_SKIP_NEWS_RR4,ORIGINAL,234.0,-27995.0,26.5,0.851,-119.6,-0.196,-41465.0,-41.86,-0.68,4.0,8.0
M5_LONDON_ORB60_SKIP_NEWS_RR4,R,105.0,-23030.0,28.6,0.758,-219.3,-0.162,-31290.0,-28.9,-0.74,2.0,8.0
M5_LONDON_ORB60_SKIP_NEWS_RR4,RR,142.0,-25290.0,31.0,0.796,-178.1,-0.1,-35720.0,-32.98,-0.71,4.0,8.0
M5_LONDON_ORB60_SKIP_NEWS_RR4,RRR,144.0,-25320.0,31.2,0.797,-175.8,-0.099,-35750.0,-33.01,-0.71,4.0,8.0
M5_LONDON_ORB60_SKIP_NEWS_RR4p5,ORIGINAL,234.0,-25974.0,26.1,0.862,-111.0,-0.209,-41180.0,-41.58,-0.63,4.0,8.0
M5_LONDON_ORB60_SKIP_NEWS_RR4p5,R,105.0,-29377.0,27.6,0.693,-279.8,-0.22,-37052.0,-34.41,-0.79,2.0,8.0
M5_LONDON_ORB60_SKIP_NEWS_RR4p5,RR,139.0,-34007.0,29.5,0.725,-244.7,-0.166,-44097.0,-40.3,-0.77,3.0,8.0
M5_LONDON_ORB60_SKIP_NEWS_RR4p5,RRR,141.0,-34037.0,29.8,0.725,-241.4,-0.165,-44127.0,-40.33,-0.77,3.0,8.0
M5_LONDON_ORB60_SKIP_NEWS_RR5,ORIGINAL,234.0,-21595.0,26.1,0.886,-92.3,-0.196,-41180.0,-41.58,-0.52,4.0,8.0
M5_LONDON_ORB60_SKIP_NEWS_RR5,R,105.0,-27255.0,27.6,0.715,-259.6,-0.201,-35620.0,-32.87,-0.77,2.0,8.0
M5_LONDON_ORB60_SKIP_NEWS_RR5,RR,139.0,-31465.0,29.5,0.745,-226.4,-0.148,-42665.0,-38.6,-0.74,3.0,8.0
M5_LONDON_ORB60_SKIP_NEWS_RR5,RRR,141.0,-31495.0,29.8,0.746,-223.4,-0.147,-42695.0,-38.63,-0.74,3.0,8.0
