trade_month,strategy,net_profit,trades,configs,picks
2023-04,REVERSE_WORST,-17580.0,183,5,M1_LONDON_ORB30_INCLUDE_NEWS_RR3|RRR;M1_LONDON_ORB30_SKIP_NEWS_RR3|RRR;M1_LONDON_ORB30_INCLUDE_NEWS_RR3p5|RRR;M1_LONDON_ORB30_SKIP_NEWS_RR3p5|RRR;M15_LONDON_ORB30_INCLUDE_NEWS_RR4|R
2023-04,KEEP_WORST,-9132.0,273,5,M1_LONDON_ORB30_INCLUDE_NEWS_RR3|ORIGINAL;M1_LONDON_ORB30_SKIP_NEWS_RR3|ORIGINAL;M1_LONDON_ORB30_INCLUDE_NEWS_RR3p5|ORIGINAL;M1_LONDON_ORB30_SKIP_NEWS_RR3p5|ORIGINAL;M15_LONDON_ORB30_INCLUDE_NEWS_RR4|ORIGINAL
2023-04,FOLLOW_BEST,5258.0,376,5,M1_LONDON_ORB15_INCLUDE_NEWS_RR1|ORIGINAL;M1_LONDON_ORB15_SKIP_NEWS_RR1|ORIGINAL;M1_LONDON_ORB15_INCLUDE_NEWS_RR2|ORIGINAL;M1_LONDON_ORB15_SKIP_NEWS_RR2|ORIGINAL;M1_LONDON_ORB60_INCLUDE_NEWS_RR2p5|ORIGINAL
2023-04,ALL_ORIGINAL,-163690.0,7942,162,
2023-04,ALL_R,-240276.0,3078,162,
2023-04,ALL_RR,-247106.0,4780,162,
2023-04,ALL_RRR,-298338.0,5564,162,
2023-05,REVERSE_WORST,2029.0,115,5,M1_LONDON_ORB30_INCLUDE_NEWS_RR3|R;M1_LONDON_ORB30_SKIP_NEWS_RR3|R;M1_LONDON_ORB30_INCLUDE_NEWS_RR3p5|R;M1_LONDON_ORB30_SKIP_NEWS_RR3p5|R;M15_LONDON_ORB60_INCLUDE_NEWS_RR1p5|R
2023-05,KEEP_WORST,-2253.0,310,5,M1_LONDON_ORB30_INCLUDE_NEWS_RR3|ORIGINAL;M1_LONDON_ORB30_SKIP_NEWS_RR3|ORIGINAL;M1_LONDON_ORB30_INCLUDE_NEWS_RR3p5|ORIGINAL;M1_LONDON_ORB30_SKIP_NEWS_RR3p5|ORIGINAL;M15_LONDON_ORB60_INCLUDE_NEWS_RR1p5|ORIGINAL
2023-05,FOLLOW_BEST,-2972.0,437,5,M1_LONDON_ORB15_INCLUDE_NEWS_RR2|ORIGINAL;M1_LONDON_ORB15_SKIP_NEWS_RR2|ORIGINAL;M1_LONDON_ORB15_INCLUDE_NEWS_RR2p5|ORIGINAL;M1_LONDON_ORB15_SKIP_NEWS_RR2p5|ORIGINAL;M1_LONDON_ORB15_INCLUDE_NEWS_RR3|ORIGINAL
2023-05,ALL_ORIGINAL,-195898.0,9324,162,
2023-05,ALL_R,154340.0,3726,162,
2023-05,ALL_RR,315772.0,5716,162,
2023-05,ALL_RRR,308190.0,6638,162,
2023-06,REVERSE_WORST,-3750.0,173,5,M15_LONDON_ORB15_INCLUDE_NEWS_RR5|RR;M15_LONDON_ORB15_SKIP_NEWS_RR5|RR;M15_LONDON_ORB15_INCLUDE_NEWS_RR4|RR;M15_LONDON_ORB15_SKIP_NEWS_RR4|RR;M15_LONDON_ORB15_INCLUDE_NEWS_RR3|RR
2023-06,KEEP_WORST,-17070.0,276,5,M15_LONDON_ORB15_INCLUDE_NEWS_RR5|ORIGINAL;M15_LONDON_ORB15_SKIP_NEWS_RR5|ORIGINAL;M15_LONDON_ORB15_INCLUDE_NEWS_RR4|ORIGINAL;M15_LONDON_ORB15_SKIP_NEWS_RR4|ORIGINAL;M15_LONDON_ORB15_INCLUDE_NEWS_RR3|ORIGINAL
2023-06,FOLLOW_BEST,-6188.0,589,5,M1_LONDON_ORB15_INCLUDE_NEWS_RR3p5|ORIGINAL;M1_LONDON_ORB15_SKIP_NEWS_RR3p5|ORIGINAL;M1_LONDON_ORB15_INCLUDE_NEWS_RR1|ORIGINAL;M1_LONDON_ORB15_SKIP_NEWS_RR1|ORIGINAL;M5_LONDON_ORB15_INCLUDE_NEWS_RR3p5|ORIGINAL
2023-06,ALL_ORIGINAL,-319302.0,11706,162,
2023-06,ALL_R,-67318.0,3564,162,
2023-06,ALL_RR,-63558.0,6000,162,
2023-06,ALL_RRR,-92078.0,7090,162,
2023-07,REVERSE_WORST,-1260.0,123,5,M15_LONDON_ORB15_INCLUDE_NEWS_RR4|RR;M15_LONDON_ORB15_SKIP_NEWS_RR4|RR;M15_LONDON_ORB30_INCLUDE_NEWS_RR3|R;M15_LONDON_ORB30_SKIP_NEWS_RR3|R;M15_LONDON_ORB15_INCLUDE_NEWS_RR4p5|RR
2023-07,KEEP_WORST,-3963.0,215,5,M15_LONDON_ORB15_INCLUDE_NEWS_RR4|ORIGINAL;M15_LONDON_ORB15_SKIP_NEWS_RR4|ORIGINAL;M15_LONDON_ORB30_INCLUDE_NEWS_RR3|ORIGINAL;M15_LONDON_ORB30_SKIP_NEWS_RR3|ORIGINAL;M15_LONDON_ORB15_INCLUDE_NEWS_RR4p5|ORIGINAL
2023-07,FOLLOW_BEST,-7179.0,487,5,M1_LONDON_ORB30_INCLUDE_NEWS_RR1|ORIGINAL;M1_LONDON_ORB30_SKIP_NEWS_RR1|ORIGINAL;M1_LONDON_ORB15_INCLUDE_NEWS_RR3p5|ORIGINAL;M1_LONDON_ORB15_SKIP_NEWS_RR3p5|ORIGINAL;M5_LONDON_ORB15_INCLUDE_NEWS_RR1p5|ORIGINAL
2023-07,ALL_ORIGINAL,-89066.0,10016,162,
2023-07,ALL_R,169126.0,3402,162,
2023-07,ALL_RR,215462.0,5208,162,
2023-07,ALL_RRR,185358.0,5898,162,
2023-08,REVERSE_WORST,-1759.0,169,5,M15_LONDON_ORB15_INCLUDE_NEWS_RR3p5|RR;M15_LONDON_ORB15_SKIP_NEWS_RR3p5|RR;M15_LONDON_ORB15_INCLUDE_NEWS_RR4|RR;M15_LONDON_ORB15_SKIP_NEWS_RR4|RR;M15_LONDON_ORB15_INCLUDE_NEWS_RR4p5|RR
2023-08,KEEP_WORST,-8700.0,285,5,M15_LONDON_ORB15_INCLUDE_NEWS_RR3p5|ORIGINAL;M15_LONDON_ORB15_SKIP_NEWS_RR3p5|ORIGINAL;M15_LONDON_ORB15_INCLUDE_NEWS_RR4|ORIGINAL;M15_LONDON_ORB15_SKIP_NEWS_RR4|ORIGINAL;M15_LONDON_ORB15_INCLUDE_NEWS_RR4p5|ORIGINAL
2023-08,FOLLOW_BEST,-3970.0,432,5,M5_LONDON_ORB15_INCLUDE_NEWS_RR1p5|ORIGINAL;M5_LONDON_ORB15_SKIP_NEWS_RR1p5|ORIGINAL;M1_LONDON_ORB60_INCLUDE_NEWS_RR1|ORIGINAL;M1_LONDON_ORB60_SKIP_NEWS_RR1|ORIGINAL;M1_LONDON_ORB60_INCLUDE_NEWS_RR1p5|ORIGINAL
2023-08,ALL_ORIGINAL,-246684.0,12440,162,
2023-08,ALL_R,29084.0,3690,162,
2023-08,ALL_RR,-50524.0,6090,162,
2023-08,ALL_RRR,-23490.0,7520,162,
2023-09,REVERSE_WORST,-13689.0,101,5,M5_LONDON_ORB30_INCLUDE_NEWS_RR4p5|R;M5_LONDON_ORB30_SKIP_NEWS_RR4p5|R;M5_LONDON_ORB30_INCLUDE_NEWS_RR5|R;M5_LONDON_ORB30_SKIP_NEWS_RR5|R;M15_LONDON_ORB15_INCLUDE_NEWS_RR3p5|R
2023-09,KEEP_WORST,21.0,230,5,M5_LONDON_ORB30_INCLUDE_NEWS_RR4p5|ORIGINAL;M5_LONDON_ORB30_SKIP_NEWS_RR4p5|ORIGINAL;M5_LONDON_ORB30_INCLUDE_NEWS_RR5|ORIGINAL;M5_LONDON_ORB30_SKIP_NEWS_RR5|ORIGINAL;M15_LONDON_ORB15_INCLUDE_NEWS_RR3p5|ORIGINAL
2023-09,FOLLOW_BEST,-2310.0,293,5,M5_LONDON_ORB15_INCLUDE_NEWS_RR1p5|ORIGINAL;M5_LONDON_ORB15_SKIP_NEWS_RR1p5|ORIGINAL;M1_LONDON_ORB60_INCLUDE_NEWS_RR1|ORIGINAL;M1_LONDON_ORB60_SKIP_NEWS_RR1|ORIGINAL;M5_LONDON_ORB15_INCLUDE_NEWS_RR2|ORIGINAL
2023-09,ALL_ORIGINAL,-10416.0,7990,162,
2023-09,ALL_R,-128408.0,3330,162,
2023-09,ALL_RR,-109788.0,5048,162,
2023-09,ALL_RRR,-104078.0,5772,162,
2023-10,REVERSE_WORST,-12377.0,253,5,M1_LONDON_ORB15_INCLUDE_NEWS_RR2p5|RRR;M1_LONDON_ORB15_SKIP_NEWS_RR2p5|RRR;M1_LONDON_ORB30_INCLUDE_NEWS_RR2|RRR;M1_LONDON_ORB30_SKIP_NEWS_RR2|RRR;M1_LONDON_ORB15_INCLUDE_NEWS_RR2|RRR
2023-10,KEEP_WORST,16571.0,439,5,M1_LONDON_ORB15_INCLUDE_NEWS_RR2p5|ORIGINAL;M1_LONDON_ORB15_SKIP_NEWS_RR2p5|ORIGINAL;M1_LONDON_ORB30_INCLUDE_NEWS_RR2|ORIGINAL;M1_LONDON_ORB30_SKIP_NEWS_RR2|ORIGINAL;M1_LONDON_ORB15_INCLUDE_NEWS_RR2|ORIGINAL
2023-10,FOLLOW_BEST,7461.0,333,5,M1_LONDON_ORB30_INCLUDE_NEWS_RR4p5|ORIGINAL;M1_LONDON_ORB30_SKIP_NEWS_RR4p5|ORIGINAL;M5_LONDON_ORB15_INCLUDE_NEWS_RR2|ORIGINAL;M5_LONDON_ORB15_SKIP_NEWS_RR2|ORIGINAL;M5_LONDON_ORB30_INCLUDE_NEWS_RR4|ORIGINAL
2023-10,ALL_ORIGINAL,91498.0,9454,162,
2023-10,ALL_R,-231030.0,3564,162,
2023-10,ALL_RR,-191342.0,5498,162,
2023-10,ALL_RRR,-205684.0,6526,162,
2023-11,REVERSE_WORST,-2086.0,138,5,M5_LONDON_ORB15_INCLUDE_NEWS_RR2p5|R;M5_LONDON_ORB15_SKIP_NEWS_RR2p5|R;M15_LONDON_ORB60_INCLUDE_NEWS_RR1|RRR;M15_LONDON_ORB60_SKIP_NEWS_RR1|RRR;M5_LONDON_ORB30_INCLUDE_NEWS_RR3p5|R
2023-11,KEEP_WORST,-5083.0,245,5,M5_LONDON_ORB15_INCLUDE_NEWS_RR2p5|ORIGINAL;M5_LONDON_ORB15_SKIP_NEWS_RR2p5|ORIGINAL;M15_LONDON_ORB60_INCLUDE_NEWS_RR1|ORIGINAL;M15_LONDON_ORB60_SKIP_NEWS_RR1|ORIGINAL;M5_LONDON_ORB30_INCLUDE_NEWS_RR3p5|ORIGINAL
2023-11,FOLLOW_BEST,1780.0,316,5,M1_LONDON_ORB30_INCLUDE_NEWS_RR4|ORIGINAL;M1_LONDON_ORB30_SKIP_NEWS_RR4|ORIGINAL;M1_LONDON_ORB30_INCLUDE_NEWS_RR1p5|ORIGINAL;M1_LONDON_ORB30_SKIP_NEWS_RR1p5|ORIGINAL;M1_LONDON_ORB30_INCLUDE_NEWS_RR4p5|ORIGINAL
2023-11,ALL_ORIGINAL,13752.0,8476,162,
2023-11,ALL_R,-86592.0,3528,162,
2023-11,ALL_RR,-140308.0,5040,162,
2023-11,ALL_RRR,-150838.0,5564,162,
2023-12,REVERSE_WORST,14350.0,152,5,M5_LONDON_ORB60_INCLUDE_NEWS_RR1p5|RRR;M5_LONDON_ORB60_SKIP_NEWS_RR1p5|RRR;M5_LONDON_ORB60_INCLUDE_NEWS_RR1|RRR;M5_LONDON_ORB60_SKIP_NEWS_RR1|RRR;M5_LONDON_ORB60_INCLUDE_NEWS_RR2|R
2023-12,KEEP_WORST,-12193.0,196,5,M5_LONDON_ORB60_INCLUDE_NEWS_RR1p5|ORIGINAL;M5_LONDON_ORB60_SKIP_NEWS_RR1p5|ORIGINAL;M5_LONDON_ORB60_INCLUDE_NEWS_RR1|ORIGINAL;M5_LONDON_ORB60_SKIP_NEWS_RR1|ORIGINAL;M5_LONDON_ORB60_INCLUDE_NEWS_RR2|ORIGINAL
2023-12,FOLLOW_BEST,-13797.0,308,5,M1_LONDON_ORB30_INCLUDE_NEWS_RR4|ORIGINAL;M1_LONDON_ORB30_SKIP_NEWS_RR4|ORIGINAL;M1_LONDON_ORB30_INCLUDE_NEWS_RR3p5|ORIGINAL;M1_LONDON_ORB30_SKIP_NEWS_RR3p5|ORIGINAL;M1_LONDON_ORB30_INCLUDE_NEWS_RR4p5|ORIGINAL
2023-12,ALL_ORIGINAL,-151526.0,7742,162,
2023-12,ALL_R,126614.0,3168,162,
2023-12,ALL_RR,62152.0,4606,162,
2023-12,ALL_RRR,38466.0,5272,162,
2024-01,REVERSE_WORST,-8988.0,182,5,M5_LONDON_ORB60_INCLUDE_NEWS_RR1p5|RRR;M5_LONDON_ORB60_SKIP_NEWS_RR1p5|RRR;M5_LONDON_ORB60_INCLUDE_NEWS_RR2|R;M5_LONDON_ORB60_SKIP_NEWS_RR2|R;M5_LONDON_ORB60_INCLUDE_NEWS_RR1|RRR
2024-01,KEEP_WORST,4494.0,260,5,M5_LONDON_ORB60_INCLUDE_NEWS_RR1p5|ORIGINAL;M5_LONDON_ORB60_SKIP_NEWS_RR1p5|ORIGINAL;M5_LONDON_ORB60_INCLUDE_NEWS_RR2|ORIGINAL;M5_LONDON_ORB60_SKIP_NEWS_RR2|ORIGINAL;M5_LONDON_ORB60_INCLUDE_NEWS_RR1|ORIGINAL
2024-01,FOLLOW_BEST,-4787.0,379,5,M5_LONDON_ORB30_INCLUDE_NEWS_RR2|ORIGINAL;M5_LONDON_ORB30_SKIP_NEWS_RR2|ORIGINAL;M1_LONDON_ORB30_INCLUDE_NEWS_RR2|ORIGINAL;M1_LONDON_ORB30_SKIP_NEWS_RR2|ORIGINAL;M1_LONDON_ORB30_INCLUDE_NEWS_RR2p5|ORIGINAL
2024-01,ALL_ORIGINAL,-177480.0,10384,162,
2024-01,ALL_R,-131300.0,3564,162,
2024-01,ALL_RR,-7706.0,5896,162,
2024-01,ALL_RRR,49838.0,6884,162,
2024-02,REVERSE_WORST,-3879.0,118,5,M1_LONDON_ORB15_INCLUDE_NEWS_RR4|R;M1_LONDON_ORB15_SKIP_NEWS_RR4|R;M1_LONDON_ORB30_INCLUDE_NEWS_RR4p5|R;M1_LONDON_ORB30_SKIP_NEWS_RR4p5|R;M1_LONDON_ORB30_INCLUDE_NEWS_RR5|RR
2024-02,KEEP_WORST,15472.0,347,5,M1_LONDON_ORB15_INCLUDE_NEWS_RR4|ORIGINAL;M1_LONDON_ORB15_SKIP_NEWS_RR4|ORIGINAL;M1_LONDON_ORB30_INCLUDE_NEWS_RR4p5|ORIGINAL;M1_LONDON_ORB30_SKIP_NEWS_RR4p5|ORIGINAL;M1_LONDON_ORB30_INCLUDE_NEWS_RR5|ORIGINAL
2024-02,FOLLOW_BEST,8710.0,181,5,M15_LONDON_ORB30_INCLUDE_NEWS_RR1|ORIGINAL;M15_LONDON_ORB30_SKIP_NEWS_RR1|ORIGINAL;M15_LONDON_ORB60_INCLUDE_NEWS_RR3p5|ORIGINAL;M15_LONDON_ORB60_SKIP_NEWS_RR3p5|ORIGINAL;M15_LONDON_ORB60_INCLUDE_NEWS_RR4|ORIGINAL
2024-02,ALL_ORIGINAL,400848.0,8494,162,
2024-02,ALL_R,-106108.0,3402,162,
2024-02,ALL_RR,-162066.0,5472,162,
2024-02,ALL_RRR,-204640.0,6224,162,
2024-03,REVERSE_WORST,1577.0,152,5,M1_LONDON_ORB30_INCLUDE_NEWS_RR4p5|RRR;M1_LONDON_ORB30_SKIP_NEWS_RR4p5|RRR;M1_LONDON_ORB30_INCLUDE_NEWS_RR5|RR;M1_LONDON_ORB30_SKIP_NEWS_RR5|RR;M1_LONDON_ORB15_INCLUDE_NEWS_RR4|R
2024-03,KEEP_WORST,16169.0,432,5,M1_LONDON_ORB30_INCLUDE_NEWS_RR4p5|ORIGINAL;M1_LONDON_ORB30_SKIP_NEWS_RR4p5|ORIGINAL;M1_LONDON_ORB30_INCLUDE_NEWS_RR5|ORIGINAL;M1_LONDON_ORB30_SKIP_NEWS_RR5|ORIGINAL;M1_LONDON_ORB15_INCLUDE_NEWS_RR4|ORIGINAL
2024-03,FOLLOW_BEST,7008.0,291,5,M5_LONDON_ORB15_INCLUDE_NEWS_RR2p5|ORIGINAL;M5_LONDON_ORB15_SKIP_NEWS_RR2p5|ORIGINAL;M15_LONDON_ORB60_INCLUDE_NEWS_RR1p5|ORIGINAL;M15_LONDON_ORB60_SKIP_NEWS_RR1p5|ORIGINAL;M5_LONDON_ORB15_INCLUDE_NEWS_RR3|ORIGINAL
2024-03,ALL_ORIGINAL,292282.0,10250,162,
2024-03,ALL_R,-55886.0,3240,162,
2024-03,ALL_RR,48080.0,4850,162,
2024-03,ALL_RRR,45800.0,5708,162,
2024-04,REVERSE_WORST,3979.0,258,5,M1_LONDON_ORB15_INCLUDE_NEWS_RR1p5|RRR;M1_LONDON_ORB15_SKIP_NEWS_RR1p5|RRR;M1_LONDON_ORB15_INCLUDE_NEWS_RR2|RRR;M1_LONDON_ORB15_SKIP_NEWS_RR2|RRR;M1_LONDON_ORB15_INCLUDE_NEWS_RR1|R
2024-04,KEEP_WORST,84.0,478,5,M1_LONDON_ORB15_INCLUDE_NEWS_RR1p5|ORIGINAL;M1_LONDON_ORB15_SKIP_NEWS_RR1p5|ORIGINAL;M1_LONDON_ORB15_INCLUDE_NEWS_RR2|ORIGINAL;M1_LONDON_ORB15_SKIP_NEWS_RR2|ORIGINAL;M1_LONDON_ORB15_INCLUDE_NEWS_RR1|ORIGINAL
2024-04,FOLLOW_BEST,-31904.0,197,5,M15_LONDON_ORB60_INCLUDE_NEWS_RR1p5|ORIGINAL;M15_LONDON_ORB60_SKIP_NEWS_RR1p5|ORIGINAL;M5_LONDON_ORB60_INCLUDE_NEWS_RR3|ORIGINAL;M5_LONDON_ORB60_SKIP_NEWS_RR3|ORIGINAL;M15_LONDON_ORB60_INCLUDE_NEWS_RR2|ORIGINAL
2024-04,ALL_ORIGINAL,-688196.0,9030,162,
2024-04,ALL_R,-194046.0,3546,162,
2024-04,ALL_RR,10412.0,5546,162,
2024-04,ALL_RRR,30814.0,6346,162,
2024-05,REVERSE_WORST,19166.0,191,5,M5_LONDON_ORB30_INCLUDE_NEWS_RR1p5|RR;M5_LONDON_ORB30_SKIP_NEWS_RR1p5|RR;M5_LONDON_ORB30_INCLUDE_NEWS_RR4p5|RR;M5_LONDON_ORB30_SKIP_NEWS_RR4p5|RR;M5_LONDON_ORB30_INCLUDE_NEWS_RR2|RR
2024-05,KEEP_WORST,-15677.0,362,5,M5_LONDON_ORB30_INCLUDE_NEWS_RR1p5|ORIGINAL;M5_LONDON_ORB30_SKIP_NEWS_RR1p5|ORIGINAL;M5_LONDON_ORB30_INCLUDE_NEWS_RR4p5|ORIGINAL;M5_LONDON_ORB30_SKIP_NEWS_RR4p5|ORIGINAL;M5_LONDON_ORB30_INCLUDE_NEWS_RR2|ORIGINAL
2024-05,FOLLOW_BEST,-27571.0,284,5,M15_LONDON_ORB15_INCLUDE_NEWS_RR2|ORIGINAL;M15_LONDON_ORB15_SKIP_NEWS_RR2|ORIGINAL;M15_LONDON_ORB15_INCLUDE_NEWS_RR1|ORIGINAL;M15_LONDON_ORB15_SKIP_NEWS_RR1|ORIGINAL;M15_LONDON_ORB15_INCLUDE_NEWS_RR1p5|ORIGINAL
2024-05,ALL_ORIGINAL,-256104.0,11122,162,
2024-05,ALL_R,449588.0,3726,162,
2024-05,ALL_RR,461646.0,5676,162,
2024-05,ALL_RRR,539682.0,6724,162,
2024-06,REVERSE_WORST,-5792.0,155,5,M5_LONDON_ORB30_INCLUDE_NEWS_RR1p5|RR;M5_LONDON_ORB30_SKIP_NEWS_RR1p5|RR;M5_LONDON_ORB30_INCLUDE_NEWS_RR3p5|RRR;M5_LONDON_ORB30_SKIP_NEWS_RR3p5|RRR;M5_LONDON_ORB30_INCLUDE_NEWS_RR1|RRR
2024-06,KEEP_WORST,19302.0,240,5,M5_LONDON_ORB30_INCLUDE_NEWS_RR1p5|ORIGINAL;M5_LONDON_ORB30_SKIP_NEWS_RR1p5|ORIGINAL;M5_LONDON_ORB30_INCLUDE_NEWS_RR3p5|ORIGINAL;M5_LONDON_ORB30_SKIP_NEWS_RR3p5|ORIGINAL;M5_LONDON_ORB30_INCLUDE_NEWS_RR1|ORIGINAL
2024-06,FOLLOW_BEST,21683.0,255,5,M15_LONDON_ORB15_INCLUDE_NEWS_RR4|ORIGINAL;M15_LONDON_ORB15_SKIP_NEWS_RR4|ORIGINAL;M15_LONDON_ORB15_INCLUDE_NEWS_RR4p5|ORIGINAL;M15_LONDON_ORB15_SKIP_NEWS_RR4p5|ORIGINAL;M1_LONDON_ORB15_INCLUDE_NEWS_RR5|ORIGINAL
2024-06,ALL_ORIGINAL,622646.0,8374,162,
2024-06,ALL_R,-104766.0,3222,162,
2024-06,ALL_RR,-300448.0,4704,162,
2024-06,ALL_RRR,-328684.0,5312,162,
2024-07,REVERSE_WORST,6700.0,169,5,M5_LONDON_ORB60_INCLUDE_NEWS_RR3p5|RRR;M5_LONDON_ORB60_SKIP_NEWS_RR3p5|RRR;M5_LONDON_ORB30_INCLUDE_NEWS_RR1p5|RR;M5_LONDON_ORB30_SKIP_NEWS_RR1p5|RR;M5_LONDON_ORB30_INCLUDE_NEWS_RR5|RRR
2024-07,KEEP_WORST,-27077.0,286,5,M5_LONDON_ORB60_INCLUDE_NEWS_RR3p5|ORIGINAL;M5_LONDON_ORB60_SKIP_NEWS_RR3p5|ORIGINAL;M5_LONDON_ORB30_INCLUDE_NEWS_RR1p5|ORIGINAL;M5_LONDON_ORB30_SKIP_NEWS_RR1p5|ORIGINAL;M5_LONDON_ORB30_INCLUDE_NEWS_RR5|ORIGINAL
2024-07,FOLLOW_BEST,-26370.0,317,5,M5_LONDON_ORB15_INCLUDE_NEWS_RR4|ORIGINAL;M5_LONDON_ORB15_SKIP_NEWS_RR4|ORIGINAL;M15_LONDON_ORB15_INCLUDE_NEWS_RR4|ORIGINAL;M15_LONDON_ORB15_SKIP_NEWS_RR4|ORIGINAL;M15_LONDON_ORB15_INCLUDE_NEWS_RR3p5|ORIGINAL
2024-07,ALL_ORIGINAL,-811108.0,10840,162,
2024-07,ALL_R,168608.0,3690,162,
2024-07,ALL_RR,232016.0,5582,162,
2024-07,ALL_RRR,279320.0,6458,162,
2024-08,REVERSE_WORST,-15384.0,187,5,M15_LONDON_ORB60_INCLUDE_NEWS_RR1|RRR;M15_LONDON_ORB60_SKIP_NEWS_RR1|RRR;M1_LONDON_ORB60_INCLUDE_NEWS_RR2|RRR;M1_LONDON_ORB60_SKIP_NEWS_RR2|RRR;M5_LONDON_ORB30_INCLUDE_NEWS_RR1p5|RR
2024-08,KEEP_WORST,16196.0,222,5,M15_LONDON_ORB60_INCLUDE_NEWS_RR1|ORIGINAL;M15_LONDON_ORB60_SKIP_NEWS_RR1|ORIGINAL;M1_LONDON_ORB60_INCLUDE_NEWS_RR2|ORIGINAL;M1_LONDON_ORB60_SKIP_NEWS_RR2|ORIGINAL;M5_LONDON_ORB30_INCLUDE_NEWS_RR1p5|ORIGINAL
2024-08,FOLLOW_BEST,37802.0,251,5,M5_LONDON_ORB60_INCLUDE_NEWS_RR2p5|ORIGINAL;M5_LONDON_ORB60_SKIP_NEWS_RR2p5|ORIGINAL;M5_LONDON_ORB15_INCLUDE_NEWS_RR4|ORIGINAL;M5_LONDON_ORB15_SKIP_NEWS_RR4|ORIGINAL;M5_LONDON_ORB30_INCLUDE_NEWS_RR4|ORIGINAL
2024-08,ALL_ORIGINAL,963974.0,8750,162,
2024-08,ALL_R,-16172.0,3510,162,
2024-08,ALL_RR,-105318.0,5316,162,
2024-08,ALL_RRR,-112220.0,5988,162,
2024-09,REVERSE_WORST,-9291.0,137,5,M15_LONDON_ORB60_INCLUDE_NEWS_RR1|RRR;M15_LONDON_ORB60_SKIP_NEWS_RR1|RRR;M15_LONDON_ORB60_INCLUDE_NEWS_RR2p5|R;M15_LONDON_ORB60_SKIP_NEWS_RR2p5|R;M15_LONDON_ORB60_INCLUDE_NEWS_RR2|R
2024-09,KEEP_WORST,894.0,190,5,M15_LONDON_ORB60_INCLUDE_NEWS_RR1|ORIGINAL;M15_LONDON_ORB60_SKIP_NEWS_RR1|ORIGINAL;M15_LONDON_ORB60_INCLUDE_NEWS_RR2p5|ORIGINAL;M15_LONDON_ORB60_SKIP_NEWS_RR2p5|ORIGINAL;M15_LONDON_ORB60_INCLUDE_NEWS_RR2|ORIGINAL
2024-09,FOLLOW_BEST,9312.0,275,5,M5_LONDON_ORB30_INCLUDE_NEWS_RR4p5|ORIGINAL;M5_LONDON_ORB30_SKIP_NEWS_RR4p5|ORIGINAL;M5_LONDON_ORB30_INCLUDE_NEWS_RR4|ORIGINAL;M5_LONDON_ORB30_SKIP_NEWS_RR4|ORIGINAL;M5_LONDON_ORB30_INCLUDE_NEWS_RR5|ORIGINAL
2024-09,ALL_ORIGINAL,125738.0,9344,162,
2024-09,ALL_R,-149004.0,3402,162,
2024-09,ALL_RR,-123876.0,5222,162,
2024-09,ALL_RRR,-85976.0,6144,162,
2024-10,REVERSE_WORST,16307.0,176,5,M15_LONDON_ORB60_INCLUDE_NEWS_RR1|RRR;M15_LONDON_ORB60_SKIP_NEWS_RR1|RRR;M15_LONDON_ORB60_INCLUDE_NEWS_RR3p5|R;M15_LONDON_ORB60_SKIP_NEWS_RR3p5|R;M15_LONDON_ORB60_INCLUDE_NEWS_RR1p5|RRR
2024-10,KEEP_WORST,-37528.0,230,5,M15_LONDON_ORB60_INCLUDE_NEWS_RR1|ORIGINAL;M15_LONDON_ORB60_SKIP_NEWS_RR1|ORIGINAL;M15_LONDON_ORB60_INCLUDE_NEWS_RR3p5|ORIGINAL;M15_LONDON_ORB60_SKIP_NEWS_RR3p5|ORIGINAL;M15_LONDON_ORB60_INCLUDE_NEWS_RR1p5|ORIGINAL
2024-10,FOLLOW_BEST,-35156.0,314,5,M5_LONDON_ORB30_INCLUDE_NEWS_RR4p5|ORIGINAL;M5_LONDON_ORB30_SKIP_NEWS_RR4p5|ORIGINAL;M15_LONDON_ORB30_INCLUDE_NEWS_RR3|ORIGINAL;M15_LONDON_ORB30_SKIP_NEWS_RR3|ORIGINAL;M5_LONDON_ORB30_INCLUDE_NEWS_RR4|ORIGINAL
2024-10,ALL_ORIGINAL,-1007040.0,11848,162,
2024-10,ALL_R,11744.0,3726,162,
2024-10,ALL_RR,64014.0,6076,162,
2024-10,ALL_RRR,139624.0,7330,162,
2024-11,REVERSE_WORST,-8790.0,105,5,M15_LONDON_ORB60_INCLUDE_NEWS_RR3|R;M15_LONDON_ORB60_SKIP_NEWS_RR3|R;M15_LONDON_ORB60_INCLUDE_NEWS_RR4|R;M15_LONDON_ORB60_SKIP_NEWS_RR4|R;M15_LONDON_ORB60_INCLUDE_NEWS_RR3p5|R
2024-11,KEEP_WORST,8542.0,175,5,M15_LONDON_ORB60_INCLUDE_NEWS_RR3|ORIGINAL;M15_LONDON_ORB60_SKIP_NEWS_RR3|ORIGINAL;M15_LONDON_ORB60_INCLUDE_NEWS_RR4|ORIGINAL;M15_LONDON_ORB60_SKIP_NEWS_RR4|ORIGINAL;M15_LONDON_ORB60_INCLUDE_NEWS_RR3p5|ORIGINAL
2024-11,FOLLOW_BEST,56.0,342,5,M5_LONDON_ORB15_INCLUDE_NEWS_RR1p5|ORIGINAL;M5_LONDON_ORB15_SKIP_NEWS_RR1p5|ORIGINAL;M5_LONDON_ORB15_INCLUDE_NEWS_RR1|ORIGINAL;M5_LONDON_ORB15_SKIP_NEWS_RR1|ORIGINAL;M5_LONDON_ORB30_INCLUDE_NEWS_RR1|ORIGINAL
2024-11,ALL_ORIGINAL,289194.0,9022,162,
2024-11,ALL_R,-239208.0,3402,162,
2024-11,ALL_RR,-147118.0,5220,162,
2024-11,ALL_RRR,-203316.0,5962,162,
2024-12,REVERSE_WORST,-11950.0,155,5,M1_LONDON_ORB60_INCLUDE_NEWS_RR3|RRR;M1_LONDON_ORB60_SKIP_NEWS_RR3|RRR;M5_LONDON_ORB60_INCLUDE_NEWS_RR4|RR;M5_LONDON_ORB60_SKIP_NEWS_RR4|RR;M15_LONDON_ORB60_INCLUDE_NEWS_RR3|R
2024-12,KEEP_WORST,6080.0,205,5,M1_LONDON_ORB60_INCLUDE_NEWS_RR3|ORIGINAL;M1_LONDON_ORB60_SKIP_NEWS_RR3|ORIGINAL;M5_LONDON_ORB60_INCLUDE_NEWS_RR4|ORIGINAL;M5_LONDON_ORB60_SKIP_NEWS_RR4|ORIGINAL;M15_LONDON_ORB60_INCLUDE_NEWS_RR3|ORIGINAL
2024-12,FOLLOW_BEST,-880.0,367,5,M5_LONDON_ORB15_INCLUDE_NEWS_RR1|ORIGINAL;M5_LONDON_ORB15_SKIP_NEWS_RR1|ORIGINAL;M5_LONDON_ORB30_INCLUDE_NEWS_RR1|ORIGINAL;M5_LONDON_ORB30_SKIP_NEWS_RR1|ORIGINAL;M5_LONDON_ORB15_INCLUDE_NEWS_RR1p5|ORIGINAL
2024-12,ALL_ORIGINAL,89306.0,9644,162,
2024-12,ALL_R,-29616.0,3402,162,
2024-12,ALL_RR,71766.0,5244,162,
2024-12,ALL_RRR,60128.0,6088,162,
2025-01,REVERSE_WORST,-2465.0,150,5,M1_LONDON_ORB60_INCLUDE_NEWS_RR3|RRR;M1_LONDON_ORB60_SKIP_NEWS_RR3|RRR;M15_LONDON_ORB60_INCLUDE_NEWS_RR2|R;M15_LONDON_ORB60_SKIP_NEWS_RR2|R;M1_LONDON_ORB60_INCLUDE_NEWS_RR2|RR
2025-01,KEEP_WORST,8005.0,220,5,M1_LONDON_ORB60_INCLUDE_NEWS_RR3|ORIGINAL;M1_LONDON_ORB60_SKIP_NEWS_RR3|ORIGINAL;M15_LONDON_ORB60_INCLUDE_NEWS_RR2|ORIGINAL;M15_LONDON_ORB60_SKIP_NEWS_RR2|ORIGINAL;M1_LONDON_ORB60_INCLUDE_NEWS_RR2|ORIGINAL
2025-01,FOLLOW_BEST,-22345.0,244,5,M5_LONDON_ORB30_INCLUDE_NEWS_RR1|ORIGINAL;M5_LONDON_ORB30_SKIP_NEWS_RR1|ORIGINAL;M15_LONDON_ORB30_INCLUDE_NEWS_RR1p5|ORIGINAL;M15_LONDON_ORB30_SKIP_NEWS_RR1p5|ORIGINAL;M15_LONDON_ORB30_INCLUDE_NEWS_RR1|ORIGINAL
2025-01,ALL_ORIGINAL,-636.0,9498,162,
2025-01,ALL_R,61198.0,3564,162,
2025-01,ALL_RR,20946.0,5536,162,
2025-01,ALL_RRR,21352.0,6420,162,
2025-02,REVERSE_WORST,18109.0,184,5,M15_LONDON_ORB60_INCLUDE_NEWS_RR1p5|R;M15_LONDON_ORB60_SKIP_NEWS_RR1p5|R;M1_LONDON_ORB30_INCLUDE_NEWS_RR1|RRR;M1_LONDON_ORB30_SKIP_NEWS_RR1|RRR;M5_LONDON_ORB30_INCLUDE_NEWS_RR1|RRR
2025-02,KEEP_WORST,-19791.0,282,5,M15_LONDON_ORB60_INCLUDE_NEWS_RR1p5|ORIGINAL;M15_LONDON_ORB60_SKIP_NEWS_RR1p5|ORIGINAL;M1_LONDON_ORB30_INCLUDE_NEWS_RR1|ORIGINAL;M1_LONDON_ORB30_SKIP_NEWS_RR1|ORIGINAL;M5_LONDON_ORB30_INCLUDE_NEWS_RR1|ORIGINAL
2025-02,FOLLOW_BEST,-6970.0,339,5,M1_LONDON_ORB15_INCLUDE_NEWS_RR5|ORIGINAL;M1_LONDON_ORB15_SKIP_NEWS_RR5|ORIGINAL;M1_LONDON_ORB60_INCLUDE_NEWS_RR5|ORIGINAL;M1_LONDON_ORB60_SKIP_NEWS_RR5|ORIGINAL;M15_LONDON_ORB30_INCLUDE_NEWS_RR5|ORIGINAL
2025-02,ALL_ORIGINAL,-296972.0,9392,162,
2025-02,ALL_R,443216.0,3240,162,
2025-02,ALL_RR,664092.0,4636,162,
2025-02,ALL_RRR,718212.0,5290,162,
2025-03,REVERSE_WORST,-6979.0,246,5,M1_LONDON_ORB30_INCLUDE_NEWS_RR1|RRR;M1_LONDON_ORB30_SKIP_NEWS_RR1|RRR;M5_LONDON_ORB30_INCLUDE_NEWS_RR1|RRR;M5_LONDON_ORB30_SKIP_NEWS_RR1|RRR;M1_LONDON_ORB30_INCLUDE_NEWS_RR1p5|RRR
2025-03,KEEP_WORST,-2302.0,367,5,M1_LONDON_ORB30_INCLUDE_NEWS_RR1|ORIGINAL;M1_LONDON_ORB30_SKIP_NEWS_RR1|ORIGINAL;M5_LONDON_ORB30_INCLUDE_NEWS_RR1|ORIGINAL;M5_LONDON_ORB30_SKIP_NEWS_RR1|ORIGINAL;M1_LONDON_ORB30_INCLUDE_NEWS_RR1p5|ORIGINAL
2025-03,FOLLOW_BEST,-9274.0,219,5,M15_LONDON_ORB30_INCLUDE_NEWS_RR5|ORIGINAL;M15_LONDON_ORB30_SKIP_NEWS_RR5|ORIGINAL;M1_LONDON_ORB60_INCLUDE_NEWS_RR4p5|ORIGINAL;M1_LONDON_ORB60_SKIP_NEWS_RR4p5|ORIGINAL;M15_LONDON_ORB30_INCLUDE_NEWS_RR3p5|ORIGINAL
2025-03,ALL_ORIGINAL,-8542.0,9248,162,
2025-03,ALL_R,-241098.0,3402,162,
2025-03,ALL_RR,-391714.0,5406,162,
2025-03,ALL_RRR,-230606.0,6304,162,
2025-04,REVERSE_WORST,-20074.0,291,5,M1_LONDON_ORB30_INCLUDE_NEWS_RR1|RRR;M1_LONDON_ORB30_SKIP_NEWS_RR1|RRR;M5_LONDON_ORB30_INCLUDE_NEWS_RR1|RRR;M5_LONDON_ORB30_SKIP_NEWS_RR1|RRR;M1_LONDON_ORB30_INCLUDE_NEWS_RR1p5|RRR
2025-04,KEEP_WORST,16329.0,394,5,M1_LONDON_ORB30_INCLUDE_NEWS_RR1|ORIGINAL;M1_LONDON_ORB30_SKIP_NEWS_RR1|ORIGINAL;M5_LONDON_ORB30_INCLUDE_NEWS_RR1|ORIGINAL;M5_LONDON_ORB30_SKIP_NEWS_RR1|ORIGINAL;M1_LONDON_ORB30_INCLUDE_NEWS_RR1p5|ORIGINAL
2025-04,FOLLOW_BEST,-48530.0,225,5,M15_LONDON_ORB30_INCLUDE_NEWS_RR3p5|ORIGINAL;M15_LONDON_ORB30_SKIP_NEWS_RR3p5|ORIGINAL;M15_LONDON_ORB30_INCLUDE_NEWS_RR3|ORIGINAL;M15_LONDON_ORB30_SKIP_NEWS_RR3|ORIGINAL;M15_LONDON_ORB30_INCLUDE_NEWS_RR5|ORIGINAL
2025-04,ALL_ORIGINAL,-908056.0,9832,162,
2025-04,ALL_R,-187478.0,3402,162,
2025-04,ALL_RR,-13672.0,5648,162,
2025-04,ALL_RRR,-265382.0,6716,162,
2025-05,REVERSE_WORST,-2655.0,156,5,M5_LONDON_ORB15_INCLUDE_NEWS_RR3p5|RRR;M5_LONDON_ORB15_SKIP_NEWS_RR3p5|RRR;M5_LONDON_ORB15_INCLUDE_NEWS_RR4p5|RR;M5_LONDON_ORB15_SKIP_NEWS_RR4p5|RR;M5_LONDON_ORB60_INCLUDE_NEWS_RR4|R
2025-05,KEEP_WORST,34066.0,245,5,M5_LONDON_ORB15_INCLUDE_NEWS_RR3p5|ORIGINAL;M5_LONDON_ORB15_SKIP_NEWS_RR3p5|ORIGINAL;M5_LONDON_ORB15_INCLUDE_NEWS_RR4p5|ORIGINAL;M5_LONDON_ORB15_SKIP_NEWS_RR4p5|ORIGINAL;M5_LONDON_ORB60_INCLUDE_NEWS_RR4|ORIGINAL
2025-05,FOLLOW_BEST,8613.0,241,5,M5_LONDON_ORB15_INCLUDE_NEWS_RR1|ORIGINAL;M5_LONDON_ORB15_SKIP_NEWS_RR1|ORIGINAL;M15_LONDON_ORB30_INCLUDE_NEWS_RR2p5|ORIGINAL;M15_LONDON_ORB30_SKIP_NEWS_RR2p5|ORIGINAL;M5_LONDON_ORB30_INCLUDE_NEWS_RR2p5|ORIGINAL
2025-05,ALL_ORIGINAL,507828.0,7810,162,
2025-05,ALL_R,118526.0,3564,162,
2025-05,ALL_RR,-74322.0,5018,162,
2025-05,ALL_RRR,-103544.0,5482,162,
2025-06,REVERSE_WORST,-11605.0,126,5,M5_LONDON_ORB60_INCLUDE_NEWS_RR4p5|RR;M5_LONDON_ORB60_SKIP_NEWS_RR4p5|RR;M1_LONDON_ORB60_INCLUDE_NEWS_RR4|R;M1_LONDON_ORB60_SKIP_NEWS_RR4|R;M5_LONDON_ORB60_INCLUDE_NEWS_RR4|RR
2025-06,KEEP_WORST,-8299.0,218,5,M5_LONDON_ORB60_INCLUDE_NEWS_RR4p5|ORIGINAL;M5_LONDON_ORB60_SKIP_NEWS_RR4p5|ORIGINAL;M1_LONDON_ORB60_INCLUDE_NEWS_RR4|ORIGINAL;M1_LONDON_ORB60_SKIP_NEWS_RR4|ORIGINAL;M5_LONDON_ORB60_INCLUDE_NEWS_RR4|ORIGINAL
2025-06,FOLLOW_BEST,8377.0,225,5,M15_LONDON_ORB15_INCLUDE_NEWS_RR3|ORIGINAL;M15_LONDON_ORB15_SKIP_NEWS_RR3|ORIGINAL;M15_LONDON_ORB15_INCLUDE_NEWS_RR2p5|ORIGINAL;M15_LONDON_ORB15_SKIP_NEWS_RR2p5|ORIGINAL;M15_LONDON_ORB15_INCLUDE_NEWS_RR2|ORIGINAL
2025-06,ALL_ORIGINAL,-276278.0,9276,162,
2025-06,ALL_R,408522.0,3402,162,
2025-06,ALL_RR,421646.0,5048,162,
2025-06,ALL_RRR,270358.0,5996,162,
2025-07,REVERSE_WORST,582.0,150,5,M1_LONDON_ORB60_INCLUDE_NEWS_RR2|R;M1_LONDON_ORB60_SKIP_NEWS_RR2|R;M15_LONDON_ORB30_INCLUDE_NEWS_RR1|RR;M15_LONDON_ORB30_SKIP_NEWS_RR1|RR;M15_LONDON_ORB30_INCLUDE_NEWS_RR4p5|RR
2025-07,KEEP_WORST,10002.0,254,5,M1_LONDON_ORB60_INCLUDE_NEWS_RR2|ORIGINAL;M1_LONDON_ORB60_SKIP_NEWS_RR2|ORIGINAL;M15_LONDON_ORB30_INCLUDE_NEWS_RR1|ORIGINAL;M15_LONDON_ORB30_SKIP_NEWS_RR1|ORIGINAL;M15_LONDON_ORB30_INCLUDE_NEWS_RR4p5|ORIGINAL
2025-07,FOLLOW_BEST,27545.0,235,5,M15_LONDON_ORB15_INCLUDE_NEWS_RR3|ORIGINAL;M15_LONDON_ORB15_SKIP_NEWS_RR3|ORIGINAL;M15_LONDON_ORB15_INCLUDE_NEWS_RR2p5|ORIGINAL;M15_LONDON_ORB15_SKIP_NEWS_RR2p5|ORIGINAL;M15_LONDON_ORB60_INCLUDE_NEWS_RR3p5|ORIGINAL
2025-07,ALL_ORIGINAL,828074.0,9452,162,
2025-07,ALL_R,-78872.0,3726,162,
2025-07,ALL_RR,-216616.0,5518,162,
2025-07,ALL_RRR,-201810.0,6208,162,
2025-08,REVERSE_WORST,-7479.0,158,5,M15_LONDON_ORB30_INCLUDE_NEWS_RR1|R;M15_LONDON_ORB30_SKIP_NEWS_RR1|R;M1_LONDON_ORB60_INCLUDE_NEWS_RR1|RR;M1_LONDON_ORB60_SKIP_NEWS_RR1|RR;M1_LONDON_ORB60_INCLUDE_NEWS_RR1p5|RR
2025-08,KEEP_WORST,2278.0,260,5,M15_LONDON_ORB30_INCLUDE_NEWS_RR1|ORIGINAL;M15_LONDON_ORB30_SKIP_NEWS_RR1|ORIGINAL;M1_LONDON_ORB60_INCLUDE_NEWS_RR1|ORIGINAL;M1_LONDON_ORB60_SKIP_NEWS_RR1|ORIGINAL;M1_LONDON_ORB60_INCLUDE_NEWS_RR1p5|ORIGINAL
2025-08,FOLLOW_BEST,-35641.0,175,5,M15_LONDON_ORB60_INCLUDE_NEWS_RR4|ORIGINAL;M15_LONDON_ORB60_SKIP_NEWS_RR4|ORIGINAL;M15_LONDON_ORB60_INCLUDE_NEWS_RR3p5|ORIGINAL;M15_LONDON_ORB60_SKIP_NEWS_RR3p5|ORIGINAL;M15_LONDON_ORB60_INCLUDE_NEWS_RR5|ORIGINAL
2025-08,ALL_ORIGINAL,-742894.0,9602,162,
2025-08,ALL_R,203294.0,3402,162,
2025-08,ALL_RR,-7718.0,5268,162,
2025-08,ALL_RRR,-24346.0,6196,162,
2025-09,REVERSE_WORST,-15530.0,126,5,M1_LONDON_ORB60_INCLUDE_NEWS_RR3|R;M1_LONDON_ORB60_SKIP_NEWS_RR3|R;M1_LONDON_ORB60_INCLUDE_NEWS_RR2p5|R;M1_LONDON_ORB60_SKIP_NEWS_RR2p5|R;M1_LONDON_ORB60_INCLUDE_NEWS_RR1p5|RR
2025-09,KEEP_WORST,-30411.0,252,5,M1_LONDON_ORB60_INCLUDE_NEWS_RR3|ORIGINAL;M1_LONDON_ORB60_SKIP_NEWS_RR3|ORIGINAL;M1_LONDON_ORB60_INCLUDE_NEWS_RR2p5|ORIGINAL;M1_LONDON_ORB60_SKIP_NEWS_RR2p5|ORIGINAL;M1_LONDON_ORB60_INCLUDE_NEWS_RR1p5|ORIGINAL
2025-09,FOLLOW_BEST,-14805.0,312,5,M1_LONDON_ORB30_INCLUDE_NEWS_RR2|ORIGINAL;M1_LONDON_ORB30_SKIP_NEWS_RR2|ORIGINAL;M5_LONDON_ORB30_INCLUDE_NEWS_RR2|ORIGINAL;M5_LONDON_ORB30_SKIP_NEWS_RR2|ORIGINAL;M15_LONDON_ORB60_INCLUDE_NEWS_RR5|ORIGINAL
2025-09,ALL_ORIGINAL,-632614.0,9362,162,
2025-09,ALL_R,-339546.0,3546,162,
2025-09,ALL_RR,-442750.0,5504,162,
2025-09,ALL_RRR,-296624.0,6318,162,
2025-10,REVERSE_WORST,-83391.0,115,5,M1_LONDON_ORB60_INCLUDE_NEWS_RR3|R;M1_LONDON_ORB60_SKIP_NEWS_RR3|R;M1_LONDON_ORB60_INCLUDE_NEWS_RR3p5|R;M1_LONDON_ORB60_SKIP_NEWS_RR3p5|R;M1_LONDON_ORB60_INCLUDE_NEWS_RR4|R
2025-10,KEEP_WORST,55031.0,230,5,M1_LONDON_ORB60_INCLUDE_NEWS_RR3|ORIGINAL;M1_LONDON_ORB60_SKIP_NEWS_RR3|ORIGINAL;M1_LONDON_ORB60_INCLUDE_NEWS_RR3p5|ORIGINAL;M1_LONDON_ORB60_SKIP_NEWS_RR3p5|ORIGINAL;M1_LONDON_ORB60_INCLUDE_NEWS_RR4|ORIGINAL
2025-10,FOLLOW_BEST,33105.0,514,5,M1_LONDON_ORB15_INCLUDE_NEWS_RR1p5|ORIGINAL;M1_LONDON_ORB15_SKIP_NEWS_RR1p5|ORIGINAL;M1_LONDON_ORB15_INCLUDE_NEWS_RR1|ORIGINAL;M1_LONDON_ORB15_SKIP_NEWS_RR1|ORIGINAL;M1_LONDON_ORB30_INCLUDE_NEWS_RR1p5|ORIGINAL
2025-10,ALL_ORIGINAL,1842864.0,9258,162,
2025-10,ALL_R,-1952446.0,3726,162,
2025-10,ALL_RR,-1986352.0,5242,162,
2025-10,ALL_RRR,-2067374.0,6006,162,
2025-11,REVERSE_WORST,6571.0,108,5,M15_LONDON_ORB60_INCLUDE_NEWS_RR1p5|RR;M15_LONDON_ORB60_SKIP_NEWS_RR1p5|RR;M15_LONDON_ORB60_INCLUDE_NEWS_RR4|RR;M15_LONDON_ORB60_SKIP_NEWS_RR4|RR;M15_LONDON_ORB60_INCLUDE_NEWS_RR5|RR
2025-11,KEEP_WORST,-490.0,130,5,M15_LONDON_ORB60_INCLUDE_NEWS_RR1p5|ORIGINAL;M15_LONDON_ORB60_SKIP_NEWS_RR1p5|ORIGINAL;M15_LONDON_ORB60_INCLUDE_NEWS_RR4|ORIGINAL;M15_LONDON_ORB60_SKIP_NEWS_RR4|ORIGINAL;M15_LONDON_ORB60_INCLUDE_NEWS_RR5|ORIGINAL
2025-11,FOLLOW_BEST,36115.0,367,5,M1_LONDON_ORB15_INCLUDE_NEWS_RR3p5|ORIGINAL;M1_LONDON_ORB15_SKIP_NEWS_RR3p5|ORIGINAL;M1_LONDON_ORB15_INCLUDE_NEWS_RR3|ORIGINAL;M1_LONDON_ORB15_SKIP_NEWS_RR3|ORIGINAL;M1_LONDON_ORB15_INCLUDE_NEWS_RR2p5|ORIGINAL
2025-11,ALL_ORIGINAL,65614.0,7532,162,
2025-11,ALL_R,43402.0,3078,162,
2025-11,ALL_RR,-151796.0,4598,162,
2025-11,ALL_RRR,-261164.0,5238,162,
2025-12,REVERSE_WORST,35378.0,141,5,M15_LONDON_ORB60_INCLUDE_NEWS_RR1|RR;M15_LONDON_ORB60_SKIP_NEWS_RR1|RR;M15_LONDON_ORB60_INCLUDE_NEWS_RR1p5|R;M15_LONDON_ORB60_SKIP_NEWS_RR1p5|R;M15_LONDON_ORB60_INCLUDE_NEWS_RR2p5|RR
2025-12,KEEP_WORST,-14075.0,205,5,M15_LONDON_ORB60_INCLUDE_NEWS_RR1|ORIGINAL;M15_LONDON_ORB60_SKIP_NEWS_RR1|ORIGINAL;M15_LONDON_ORB60_INCLUDE_NEWS_RR1p5|ORIGINAL;M15_LONDON_ORB60_SKIP_NEWS_RR1p5|ORIGINAL;M15_LONDON_ORB60_INCLUDE_NEWS_RR2p5|ORIGINAL
2025-12,FOLLOW_BEST,-40335.0,558,5,M1_LONDON_ORB15_INCLUDE_NEWS_RR3p5|ORIGINAL;M1_LONDON_ORB15_SKIP_NEWS_RR3p5|ORIGINAL;M1_LONDON_ORB15_INCLUDE_NEWS_RR3|ORIGINAL;M1_LONDON_ORB15_SKIP_NEWS_RR3|ORIGINAL;M5_LONDON_ORB15_INCLUDE_NEWS_RR3p5|ORIGINAL
2025-12,ALL_ORIGINAL,-209260.0,11754,162,
2025-12,ALL_R,238512.0,3564,162,
2025-12,ALL_RR,623486.0,5574,162,
2025-12,ALL_RRR,564040.0,6646,162,
2026-01,REVERSE_WORST,9039.0,98,5,M15_LONDON_ORB60_INCLUDE_NEWS_RR1|RR;M15_LONDON_ORB60_SKIP_NEWS_RR1|RR;M15_LONDON_ORB60_INCLUDE_NEWS_RR1p5|R;M15_LONDON_ORB60_SKIP_NEWS_RR1p5|R;M15_LONDON_ORB60_INCLUDE_NEWS_RR2|R
2026-01,KEEP_WORST,-67983.0,155,5,M15_LONDON_ORB60_INCLUDE_NEWS_RR1|ORIGINAL;M15_LONDON_ORB60_SKIP_NEWS_RR1|ORIGINAL;M15_LONDON_ORB60_INCLUDE_NEWS_RR1p5|ORIGINAL;M15_LONDON_ORB60_SKIP_NEWS_RR1p5|ORIGINAL;M15_LONDON_ORB60_INCLUDE_NEWS_RR2|ORIGINAL
2026-01,FOLLOW_BEST,-95361.0,437,5,M1_LONDON_ORB15_INCLUDE_NEWS_RR3|ORIGINAL;M1_LONDON_ORB15_SKIP_NEWS_RR3|ORIGINAL;M1_LONDON_ORB15_INCLUDE_NEWS_RR3p5|ORIGINAL;M1_LONDON_ORB15_SKIP_NEWS_RR3p5|ORIGINAL;M1_LONDON_ORB60_INCLUDE_NEWS_RR5|ORIGINAL
2026-01,ALL_ORIGINAL,-2739678.0,9321,162,
2026-01,ALL_R,-153435.0,2610,162,
2026-01,ALL_RR,178658.0,4191,162,
2026-01,ALL_RRR,-54213.0,5151,162,
2026-02,REVERSE_WORST,-36467.0,129,5,M1_LONDON_ORB60_INCLUDE_NEWS_RR4p5|RR;M1_LONDON_ORB60_INCLUDE_NEWS_RR5|RR;M1_LONDON_ORB60_INCLUDE_NEWS_RR4|RR;M1_LONDON_ORB60_INCLUDE_NEWS_RR3p5|RR;M5_LONDON_ORB60_INCLUDE_NEWS_RR4|RR
2026-02,KEEP_WORST,-6901.0,256,5,M1_LONDON_ORB60_INCLUDE_NEWS_RR4p5|ORIGINAL;M1_LONDON_ORB60_INCLUDE_NEWS_RR5|ORIGINAL;M1_LONDON_ORB60_INCLUDE_NEWS_RR4|ORIGINAL;M1_LONDON_ORB60_INCLUDE_NEWS_RR3p5|ORIGINAL;M5_LONDON_ORB60_INCLUDE_NEWS_RR4|ORIGINAL
2026-02,FOLLOW_BEST,-6623.0,347,5,M5_LONDON_ORB15_INCLUDE_NEWS_RR1p5|ORIGINAL;M15_LONDON_ORB30_INCLUDE_NEWS_RR2p5|ORIGINAL;M1_LONDON_ORB15_INCLUDE_NEWS_RR4p5|ORIGINAL;M1_LONDON_ORB30_INCLUDE_NEWS_RR3p5|ORIGINAL;M5_LONDON_ORB15_INCLUDE_NEWS_RR1|ORIGINAL
2026-02,ALL_ORIGINAL,-1260250.0,8067,162,
2026-02,ALL_R,-58173.0,2754,162,
2026-02,ALL_RR,279096.0,4093,162,
2026-02,ALL_RRR,268753.0,4776,162,
2026-03,REVERSE_WORST,-31154.0,143,5,M1_LONDON_ORB60_INCLUDE_NEWS_RR5|RR;M15_LONDON_ORB15_SKIP_NEWS_RR4|RR;M15_LONDON_ORB15_SKIP_NEWS_RR4p5|RR;M15_LONDON_ORB15_SKIP_NEWS_RR5|RR;M15_LONDON_ORB15_SKIP_NEWS_RR1p5|RRR
2026-03,KEEP_WORST,20179.0,248,5,M1_LONDON_ORB60_INCLUDE_NEWS_RR5|ORIGINAL;M15_LONDON_ORB15_SKIP_NEWS_RR4|ORIGINAL;M15_LONDON_ORB15_SKIP_NEWS_RR4p5|ORIGINAL;M15_LONDON_ORB15_SKIP_NEWS_RR5|ORIGINAL;M15_LONDON_ORB15_SKIP_NEWS_RR1p5|ORIGINAL
2026-03,FOLLOW_BEST,4400.0,363,5,M15_LONDON_ORB30_INCLUDE_NEWS_RR2p5|ORIGINAL;M1_LONDON_ORB15_INCLUDE_NEWS_RR5|ORIGINAL;M1_LONDON_ORB15_INCLUDE_NEWS_RR4p5|ORIGINAL;M15_LONDON_ORB30_INCLUDE_NEWS_RR1p5|ORIGINAL;M15_LONDON_ORB30_INCLUDE_NEWS_RR2|ORIGINAL
2026-03,ALL_ORIGINAL,95639.0,10004,162,
2026-03,ALL_R,-899599.0,3078,162,
2026-03,ALL_RR,-422896.0,4961,162,
2026-03,ALL_RRR,-508921.0,5954,162,
2026-04,REVERSE_WORST,12491.0,145,5,M1_LONDON_ORB60_INCLUDE_NEWS_RR1p5|RR;M1_LONDON_ORB60_SKIP_NEWS_RR1p5|RR;M1_LONDON_ORB30_SKIP_NEWS_RR2|RRR;M5_LONDON_ORB15_SKIP_NEWS_RR2|RR;M15_LONDON_ORB15_SKIP_NEWS_RR4|RRR
2026-04,KEEP_WORST,-37953.0,216,5,M1_LONDON_ORB60_INCLUDE_NEWS_RR1p5|ORIGINAL;M1_LONDON_ORB60_SKIP_NEWS_RR1p5|ORIGINAL;M1_LONDON_ORB30_SKIP_NEWS_RR2|ORIGINAL;M5_LONDON_ORB15_SKIP_NEWS_RR2|ORIGINAL;M15_LONDON_ORB15_SKIP_NEWS_RR4|ORIGINAL
2026-04,FOLLOW_BEST,-71805.0,304,5,M1_LONDON_ORB15_INCLUDE_NEWS_RR4p5|ORIGINAL;M15_LONDON_ORB30_INCLUDE_NEWS_RR2p5|ORIGINAL;M1_LONDON_ORB15_INCLUDE_NEWS_RR5|ORIGINAL;M15_LONDON_ORB30_INCLUDE_NEWS_RR1p5|ORIGINAL;M1_LONDON_ORB15_INCLUDE_NEWS_RR4|ORIGINAL
2026-04,ALL_ORIGINAL,-1715951.0,7158,162,
2026-04,ALL_R,126747.0,2835,162,
2026-04,ALL_RR,219337.0,4551,162,
2026-04,ALL_RRR,450625.0,5285,162,
2026-05,REVERSE_WORST,30810.0,177,5,M1_LONDON_ORB30_SKIP_NEWS_RR2|RRR;M5_LONDON_ORB15_SKIP_NEWS_RR3|RRR;M5_LONDON_ORB30_SKIP_NEWS_RR2|RRR;M5_LONDON_ORB30_SKIP_NEWS_RR1p5|RRR;M15_LONDON_ORB15_SKIP_NEWS_RR2|RRR
2026-05,KEEP_WORST,-52770.0,276,5,M1_LONDON_ORB30_SKIP_NEWS_RR2|ORIGINAL;M5_LONDON_ORB15_SKIP_NEWS_RR3|ORIGINAL;M5_LONDON_ORB30_SKIP_NEWS_RR2|ORIGINAL;M5_LONDON_ORB30_SKIP_NEWS_RR1p5|ORIGINAL;M15_LONDON_ORB15_SKIP_NEWS_RR2|ORIGINAL
2026-05,FOLLOW_BEST,-29900.0,176,5,M15_LONDON_ORB60_SKIP_NEWS_RR5|ORIGINAL;M15_LONDON_ORB60_INCLUDE_NEWS_RR4p5|ORIGINAL;M15_LONDON_ORB60_INCLUDE_NEWS_RR5|ORIGINAL;M15_LONDON_ORB60_SKIP_NEWS_RR4p5|ORIGINAL;M15_LONDON_ORB60_INCLUDE_NEWS_RR4|ORIGINAL
2026-05,ALL_ORIGINAL,-2122744.0,9861,162,
2026-05,ALL_R,663834.0,2898,162,
2026-05,ALL_RR,509909.0,4865,162,
2026-05,ALL_RRR,606407.0,5799,162,
2026-06,REVERSE_WORST,17764.0,169,5,M5_LONDON_ORB15_INCLUDE_NEWS_RR4p5|RR;M5_LONDON_ORB15_INCLUDE_NEWS_RR3|RRR;M5_LONDON_ORB15_INCLUDE_NEWS_RR4|RR;M5_LONDON_ORB15_INCLUDE_NEWS_RR5|R;M1_LONDON_ORB30_INCLUDE_NEWS_RR4p5|RRR
2026-06,KEEP_WORST,3269.0,322,5,M5_LONDON_ORB15_INCLUDE_NEWS_RR4p5|ORIGINAL;M5_LONDON_ORB15_INCLUDE_NEWS_RR3|ORIGINAL;M5_LONDON_ORB15_INCLUDE_NEWS_RR4|ORIGINAL;M5_LONDON_ORB15_INCLUDE_NEWS_RR5|ORIGINAL;M1_LONDON_ORB30_INCLUDE_NEWS_RR4p5|ORIGINAL
2026-06,FOLLOW_BEST,19290.0,118,5,M15_LONDON_ORB60_SKIP_NEWS_RR4p5|ORIGINAL;M15_LONDON_ORB60_SKIP_NEWS_RR5|ORIGINAL;M15_LONDON_ORB60_SKIP_NEWS_RR4|ORIGINAL;M5_LONDON_ORB60_SKIP_NEWS_RR5|ORIGINAL;M5_LONDON_ORB60_SKIP_NEWS_RR4p5|ORIGINAL
2026-06,ALL_ORIGINAL,189697.0,7426,162,
2026-06,ALL_R,-420308.0,2997,162,
2026-06,ALL_RR,-156944.0,4643,162,
2026-06,ALL_RRR,-102690.0,5257,162,
2026-07,REVERSE_WORST,1467.0,185,5,M5_LONDON_ORB15_INCLUDE_NEWS_RR3p5|RR;M5_LONDON_ORB15_INCLUDE_NEWS_RR4p5|R;M1_LONDON_ORB15_INCLUDE_NEWS_RR4p5|RRR;M5_LONDON_ORB15_INCLUDE_NEWS_RR4|RR;M1_LONDON_ORB15_INCLUDE_NEWS_RR3p5|RRR
2026-07,KEEP_WORST,10954.0,442,5,M5_LONDON_ORB15_INCLUDE_NEWS_RR3p5|ORIGINAL;M5_LONDON_ORB15_INCLUDE_NEWS_RR4p5|ORIGINAL;M1_LONDON_ORB15_INCLUDE_NEWS_RR4p5|ORIGINAL;M5_LONDON_ORB15_INCLUDE_NEWS_RR4|ORIGINAL;M1_LONDON_ORB15_INCLUDE_NEWS_RR3p5|ORIGINAL
2026-07,FOLLOW_BEST,13015.0,194,5,M15_LONDON_ORB60_SKIP_NEWS_RR4|ORIGINAL;M15_LONDON_ORB60_SKIP_NEWS_RR4p5|ORIGINAL;M1_LONDON_ORB60_SKIP_NEWS_RR1|ORIGINAL;M15_LONDON_ORB60_SKIP_NEWS_RR5|ORIGINAL;M1_LONDON_ORB60_SKIP_NEWS_RR1p5|ORIGINAL
2026-07,ALL_ORIGINAL,389638.0,9177,162,
2026-07,ALL_R,-406235.0,3159,162,
2026-07,ALL_RR,-511599.0,4712,162,
2026-07,ALL_RRR,-548931.0,5425,162,
2026-08,REVERSE_WORST,5817.0,85,5,M5_LONDON_ORB15_INCLUDE_NEWS_RR3p5|RR;M1_LONDON_ORB15_INCLUDE_NEWS_RR3p5|RR;M1_LONDON_ORB15_INCLUDE_NEWS_RR4|RRR;M5_LONDON_ORB15_INCLUDE_NEWS_RR2p5|RR;M5_LONDON_ORB15_INCLUDE_NEWS_RR2|RR
2026-08,KEEP_WORST,26104.0,169,5,M5_LONDON_ORB15_INCLUDE_NEWS_RR3p5|ORIGINAL;M1_LONDON_ORB15_INCLUDE_NEWS_RR3p5|ORIGINAL;M1_LONDON_ORB15_INCLUDE_NEWS_RR4|ORIGINAL;M5_LONDON_ORB15_INCLUDE_NEWS_RR2p5|ORIGINAL;M5_LONDON_ORB15_INCLUDE_NEWS_RR2|ORIGINAL
2026-08,FOLLOW_BEST,12955.0,58,5,M15_LONDON_ORB30_INCLUDE_NEWS_RR1|ORIGINAL;M15_LONDON_ORB60_SKIP_NEWS_RR4|ORIGINAL;M15_LONDON_ORB30_INCLUDE_NEWS_RR5|ORIGINAL;M15_LONDON_ORB30_SKIP_NEWS_RR1|ORIGINAL;M15_LONDON_ORB60_SKIP_NEWS_RR4p5|ORIGINAL
2026-08,ALL_ORIGINAL,587956.0,2944,162,
2026-08,ALL_R,60950.0,1053,162,
2026-08,ALL_RR,128173.0,1706,162,
2026-08,ALL_RRR,1554.0,2014,162,
